crop,rainfall_mm,temp_c,humidity_pct,nitrogen,phosphorus,potassium,ph,yield_t_ha,record_type
Rice,1667.8685121405808,27.336050174726967,73.86457821200985,76.73373993515808,20.833876296435744,44.253674804066755,6.589666329083045,4.39240053189717,bundled_calibration_sample
Rice,1597.6176372566142,30.65026431679207,76.3336133592161,79.80025925003498,45.85921022310842,57.594521719047506,5.805293996896062,4.484727792506445,bundled_calibration_sample
Rice,1890.415051270385,33.03455037646354,75.42490001181451,93.61347124226225,21.39462018548892,36.002850340549635,5.910688433232541,4.676538895679184,bundled_calibration_sample
Rice,2029.5066435783092,27.12299356851814,78.85047823680766,108.3472634534273,21.537483832976474,25.914252475402307,7.337411117288445,4.275798763959638,bundled_calibration_sample
Rice,256.63110933525445,25.66953960371391,65.65873752727086,97.0052070300901,24.3958433114151,50.846226218854405,6.735850284167381,4.247100862926656,bundled_calibration_sample
Rice,1178.7443901818606,30.64811841287892,77.08315459781853,90.12191796250949,40.63743834373481,45.87222431882998,5.916084745412543,4.440067174451108,bundled_calibration_sample
Rice,1392.6182848248282,25.245294999744342,70.20632360381266,73.59704138246697,69.89765404775102,29.513055460012882,6.419434176400497,4.050841901694318,bundled_calibration_sample
Rice,1123.6414780557698,27.700027305844422,68.95937779945224,133.10694611213586,29.589164331086472,27.415500143932924,4.157027052699115,4.110270680621201,bundled_calibration_sample
Rice,2293.1505816704484,22.456274920659375,75.34201947203006,71.92084058077003,49.26248942551164,47.43398069154005,6.212719381847332,4.7226597054619885,bundled_calibration_sample
Rice,3073.202854633417,25.784177796547784,88.67711071191681,114.62318358310254,30.292117734198584,42.56735006494602,4.523314082696352,3.9861404245560013,bundled_calibration_sample
Rice,1337.6260953286983,26.87235341970796,56.21888009084006,65.46594784788864,45.32174065301339,55.276713887274205,5.090717960007481,4.108855119183976,bundled_calibration_sample
Rice,1739.4739164966843,29.77019458975425,76.43415118801076,47.42790474104746,35.90608894885202,42.17882566470904,4.963585146381098,4.385577252166486,bundled_calibration_sample
Rice,2449.3566833371056,27.88515868410414,94.92162942973523,120.78234660513391,41.47352284937258,33.39175668165757,5.698543874129669,4.194580599866541,bundled_calibration_sample
Rice,1106.7847125083345,26.818219016753822,71.15844000774447,91.2183633121594,65.05327243525315,32.51878752907961,5.152795813057448,4.160936051814079,bundled_calibration_sample
Rice,1392.3909112771742,27.99112786503585,92.59373788411706,69.0481911107511,57.43084480448748,34.2892697673248,5.113715412485248,4.527705490285784,bundled_calibration_sample
Rice,1542.376658759264,21.534509035848657,70.66182979403868,79.8358538227315,38.8594551523937,42.268097664649744,5.97210230861345,4.9304618976682875,bundled_calibration_sample
Rice,2528.443009546667,22.995466348605323,73.75417869607698,124.69045551029885,18.48427599333166,52.67993190155293,6.2714423493718465,3.8549425325771773,bundled_calibration_sample
Rice,2087.0717878750725,28.435553854848454,57.65823502982177,100.9915488539345,30.442297425766284,36.907548933099065,6.660038491886281,4.659071280649473,bundled_calibration_sample
Rice,1401.7158480486369,29.230304685587633,58.99618551930756,86.68538573033214,50.546688160249666,58.535701591399686,5.66781143420601,4.311790659222214,bundled_calibration_sample
Rice,1724.8355394923165,26.06158983596297,74.42907231967385,102.96243165986496,32.131752916012815,35.12316467370253,6.120804738488278,4.275334031899595,bundled_calibration_sample
Rice,2476.221746853835,30.33960571097287,77.92246348541406,86.23879784888705,36.21165782051736,41.433178081062785,7.80834799748444,4.2687701321333344,bundled_calibration_sample
Rice,2595.178141009167,34.05915517555728,92.64581592314565,67.4973009791234,45.014482380472735,17.311791649490814,5.14281310112293,4.0961398787295575,bundled_calibration_sample
Rice,2246.5192371941775,30.33305872762075,64.85107729968595,74.97971305209407,21.017276541346803,45.7977629832444,6.43530349297781,4.357225221456025,bundled_calibration_sample
Rice,1724.2276627927472,23.935707440946974,92.17733375426323,96.62872977640242,27.2923628708946,44.251699566104776,6.004606593995194,4.27147479267821,bundled_calibration_sample
Rice,1751.570777774345,36.701479592899396,56.00450969806249,72.16012749360088,38.71747137497814,64.34033889770585,6.5840385023814285,4.52192554699818,bundled_calibration_sample
Rice,1745.1133037813474,34.67823621104859,66.15257975054128,105.5317520827096,42.926549631909886,52.62502590811113,6.486179980811326,4.112102763755001,bundled_calibration_sample
Rice,550.1341153972267,35.68947592426086,73.29663153043096,54.21792957167415,43.744457020470634,80.51125889890415,7.464040625236554,3.8566625665067367,bundled_calibration_sample
Rice,1254.2543656294151,27.560834075142786,69.20054098584558,144.50512788261713,25.939018376819302,32.36395130880653,5.360371174497393,4.281170119482938,bundled_calibration_sample
Rice,2456.9269360370017,29.788144588177758,55.03922438917496,115.79310313784653,67.21981615296556,47.18958897644515,5.970556730181949,4.139691651877393,bundled_calibration_sample
Rice,1926.3023182957163,26.72667739835119,68.33996113430426,116.81407916661465,40.40893773389269,57.1937049532967,7.288186722252998,4.336668160769488,bundled_calibration_sample
Rice,1090.524595271936,30.470691261813734,51.414732718334264,91.516885301791,59.48176287571124,40.91263584065244,5.720046458488025,4.412780109150496,bundled_calibration_sample
Rice,2320.7318455230425,26.965505664790484,83.45761944726118,70.065442776595,5.0,51.932720131298076,6.003818987120643,4.447910604518418,bundled_calibration_sample
Rice,2103.5993010864167,29.181151561824684,72.73676596073356,118.56908295775011,22.0866606768569,34.88196707474924,7.945583932128074,4.250862789388258,bundled_calibration_sample
Rice,1994.1518268699238,26.479986597137227,61.564029816102945,77.01142529819356,63.56547122074327,41.15927172098319,7.219843017681685,4.259441050593477,bundled_calibration_sample
Rice,1052.1845247335445,20.231506978895297,78.35771105922386,105.42063796110621,50.12218480613418,37.558840564007134,6.3108453251297325,4.510069428795018,bundled_calibration_sample
Rice,2519.0787487694865,29.565484052227852,88.8560276964619,109.53017991389403,60.511033917219166,26.124018471160717,5.914644159714261,3.9438277385373834,bundled_calibration_sample
Rice,1343.1103620507436,29.42772668552426,92.51207999298644,67.00457965543151,32.42947580898649,39.107117591741925,6.032134328104184,4.466063067739512,bundled_calibration_sample
Rice,1029.0836245063779,29.51606396974572,75.24497071181521,42.862935374278656,16.707469739096517,33.1391115440447,7.349473291277317,4.1666104375929365,bundled_calibration_sample
Rice,1927.8175971137957,29.607951080008416,67.18262395616519,94.52476576641698,15.645077722950287,47.07660654842635,7.6794790363356515,4.0093239606683815,bundled_calibration_sample
Rice,1517.7752632326954,33.3372715070922,85.68544472011763,62.603701754897045,34.61427346125642,34.90017553275407,6.640410867146698,4.773550928856396,bundled_calibration_sample
Rice,2777.8058960322696,20.10673943821896,82.8487176335518,121.30817865067507,43.24287235612222,25.393039513893896,4.390316231063313,4.198046046678489,bundled_calibration_sample
Rice,2895.64353984195,32.6026086234059,60.96718271016566,124.79669900772919,60.200969535269685,56.30852677030111,5.844209707898461,4.17422888013752,bundled_calibration_sample
Rice,1930.9209459090073,34.966483227903915,66.56500495050324,85.17124200832197,31.171811982354072,48.293038371395234,6.1769448878889035,4.355939782313378,bundled_calibration_sample
Rice,1805.3186606316408,34.59909715123398,54.953711010385824,116.05523631097917,10.858901131369961,61.26235211259247,5.781052741675615,3.913599973258475,bundled_calibration_sample
Rice,2011.8797762029108,27.29168626857113,81.28737659213705,99.55465913541298,37.65490035428443,50.61871740311708,5.902577530694258,4.608088451872584,bundled_calibration_sample
Rice,2133.2589423292934,25.958006685672512,87.82562626633633,78.18922778798141,31.299519620030136,35.45697012786472,5.173592613790334,4.688591725188787,bundled_calibration_sample
Rice,3049.21800179193,28.093014288917388,59.2102245360976,78.07108052693904,20.947937982044145,36.79368605052094,5.6795790335061636,4.394085859428343,bundled_calibration_sample
Rice,1913.559396210874,26.39049617761889,82.75354116676215,46.6685052104206,36.57609638600244,50.465538411950604,6.773960005495976,4.326956380865775,bundled_calibration_sample
Rice,1359.727814895742,29.850293667834222,82.42442647877695,115.83218358263426,32.95383066065398,54.49898063592956,6.629258979048819,4.17011701557613,bundled_calibration_sample
Rice,1298.0734481075194,27.895500047228445,74.91377044901955,106.41227067978957,23.64149311730694,31.00887163494025,5.795308663135254,4.278091395136675,bundled_calibration_sample
Rice,1380.5634749756991,28.946537113217705,53.36547252459859,84.45208626457453,32.51806204880632,53.272669356164556,6.303041048698071,4.451149647188084,bundled_calibration_sample
Rice,2098.521041504872,24.382019363786554,91.20628270112786,41.734836188353476,41.35342828943064,48.422097414586446,6.008978936860748,4.09171640762102,bundled_calibration_sample
Rice,1770.9691115296398,32.357816612682555,77.32624295324648,49.002114366525916,49.239677399778955,46.760275786901616,5.735406508977537,4.369818976451448,bundled_calibration_sample
Rice,2576.9614405911493,28.21200124974964,89.89170849218365,81.48684819820598,40.763418199630934,33.97099444024259,7.39979041908248,4.472007536448846,bundled_calibration_sample
Rice,2394.369838489525,36.638365567338305,71.74653462491517,80.2504592671575,64.85997376906825,17.84038754899287,5.969639731797698,4.213216567410652,bundled_calibration_sample
Rice,2026.887743018217,33.15120904889637,73.9570750073592,63.34239391969054,24.498230124007257,26.73455804303682,7.683618754454911,4.173722021412955,bundled_calibration_sample
Rice,2098.2417725881046,23.768467745916876,88.44005219525269,60.420417587747195,41.57108538115112,40.31630362659665,5.165791452015483,4.75188105487163,bundled_calibration_sample
Rice,2562.0733505891444,22.65713491177113,73.08925587238815,90.15896003940128,37.73100084224504,49.937144314668785,5.948067922206707,4.391408200611088,bundled_calibration_sample
Rice,1448.7570422083866,27.476862406481537,76.84375612419953,77.47755058371605,35.50977396717139,26.613285917282674,7.283672277522414,4.391082342706281,bundled_calibration_sample
Rice,2141.049744490382,29.074025612190145,85.25960028186277,60.911669683020264,31.530749029975468,16.230973001747202,6.919616251993201,4.423881441518257,bundled_calibration_sample
Rice,1704.7106298372564,28.28514335134908,64.814720504005,118.36872453950508,14.763295953984617,21.452924193299133,7.128063721301977,4.041878175827866,bundled_calibration_sample
Rice,2210.692355421014,25.840029308361586,70.64964559638045,106.88704884741726,51.39406782665578,42.10126359834339,6.1716196118942515,4.532023653589489,bundled_calibration_sample
Rice,1467.6711015659835,29.304574288291853,69.78129151685101,75.69502452736089,37.92045860396667,27.02360501490564,6.089311732216925,4.223842478374428,bundled_calibration_sample
Rice,2203.955292715681,26.705882648704545,70.69547970611934,81.9599558060066,33.59890451847631,46.07921509941534,5.737946446669996,4.452060681146438,bundled_calibration_sample
Rice,1789.2344255935861,24.26015336794258,75.24325321545051,79.84895388786957,45.29116590460799,55.82055393681859,4.413731071106868,4.663450456667337,bundled_calibration_sample
Rice,1836.2280481163425,24.72991573169609,86.96174201426506,43.53022791882956,40.83217162683511,8.720384879149815,6.237898860571529,3.999621105047832,bundled_calibration_sample
Rice,2075.07948730873,28.2819766905529,85.64930535616577,63.47934700090491,36.48875569990271,33.17979408928489,6.890561944346623,4.299084856196397,bundled_calibration_sample
Rice,825.8521168276636,23.018489524105856,64.43348317509277,111.21234927714801,45.97282062505282,38.65390959087633,7.168572402848152,4.0883291042180305,bundled_calibration_sample
Rice,1424.6114789204805,33.343646198116,84.90150127435584,77.78058265467304,35.03329326657656,33.44486516922494,5.780627911933716,4.3165888936069,bundled_calibration_sample
Rice,1004.3260416875969,29.053575407296883,55.31935037673266,72.32875514724704,62.24776243738167,37.73386454921147,5.655424731911063,4.247944816444487,bundled_calibration_sample
Rice,1256.134852379824,29.607226743379794,65.68725576916876,107.86930457054113,20.71265608085589,65.67332730362526,5.971262857224353,4.163151597470277,bundled_calibration_sample
Rice,2643.0237931278607,30.856960769349033,60.92645067021308,96.42414328799833,49.91878173393622,37.813867869826986,4.744103125221121,4.586603030529197,bundled_calibration_sample
Rice,1113.5410205795515,26.951415666575144,59.80598615040303,74.23182875527283,64.84138316363818,42.64754487602432,6.536119521203255,4.616509878316981,bundled_calibration_sample
Rice,1537.8574181039587,28.165487039697,86.39495814313955,64.031496060288,64.56975119662188,44.479257159922106,5.369314190141655,4.122943508773755,bundled_calibration_sample
Rice,1990.2985323206985,34.672754840869935,63.70044479680331,73.78423677466587,30.187178933128322,71.06842331074293,7.459437426076656,3.8829464429683993,bundled_calibration_sample
Rice,1838.3623308813912,27.16876870165904,63.39590483781069,40.838427932155476,30.951795151034155,28.197471734642242,6.06597786755026,4.454972648906085,bundled_calibration_sample
Rice,2086.4442161554703,29.500165831306994,71.88054873735622,54.736353750602916,32.89394439091903,26.776893400054625,5.32924573712914,4.50795667194384,bundled_calibration_sample
Rice,1634.1334487590748,25.09194870193648,88.88683755293252,99.31343169528114,46.07950786276175,45.7563687661667,5.916232299444161,4.2398015791085495,bundled_calibration_sample
Rice,808.3516907635131,26.545805445458544,77.82274164265407,39.09111391385324,42.037481648870475,55.44218430120488,6.538576466056719,4.122852875671145,bundled_calibration_sample
Rice,1648.1919033870563,30.036106317204663,78.95681933732895,95.93948700912384,55.7584475148134,41.404577675655055,6.0744924241464675,4.299814502463505,bundled_calibration_sample
Rice,2464.2795612431314,27.215988138268273,73.28064434929078,100.15195859048232,29.06010780591639,51.65442809666624,5.587137167587611,4.3422776285372615,bundled_calibration_sample
Rice,1215.9251652715348,25.71799283396303,77.37932036250973,99.32523544739246,16.446379321144125,43.3175788554972,7.89563466640178,4.074868547961473,bundled_calibration_sample
Rice,2467.7263469283607,30.428641279052854,80.47249140660303,59.88865423003995,35.809644010657415,46.4227771113602,6.15781793270022,4.65309478901387,bundled_calibration_sample
Rice,1739.065051864398,22.668011595233,63.824951878424514,110.76739389062686,26.82206116623756,44.23472660283298,6.155432844202326,4.579465684395677,bundled_calibration_sample
Rice,2235.6473516840097,27.79480537889262,64.86342181957058,76.13124983121313,8.976208241029727,42.31010282335178,5.2058901908523225,4.431017429005887,bundled_calibration_sample
Rice,2128.7262536686435,29.308318531277756,80.258569389345,80.85145232956623,23.642280944808718,45.25776815778384,6.054776756373988,4.341862297787918,bundled_calibration_sample
Rice,1853.7090728602486,33.97580943998821,71.7332122911655,57.72527052460288,13.166917040343627,44.22136317031733,5.115877606102883,4.357137802036012,bundled_calibration_sample
Rice,974.045155109147,31.694800487255538,70.65512485806113,69.78180893683542,60.10310542963269,26.958913622682523,4.833986002708192,4.00458640187753,bundled_calibration_sample
Rice,1996.3483077065594,30.843749650846096,74.91331090856224,76.83072099258716,46.403321345919736,32.53774134961664,4.909880905839264,4.80314969499717,bundled_calibration_sample
Rice,930.6470888036503,23.519169192712603,74.96468871089904,83.53541480753732,29.72283481850436,44.67700776972829,6.209633062750305,4.351418632848613,bundled_calibration_sample
Rice,2973.80396090031,33.32909923112516,81.86328849091547,176.05270382247247,24.657188880999414,35.24092283495526,5.057284396920067,3.6866397933497828,bundled_calibration_sample
Rice,1351.0631592897148,28.17051738149863,63.506652478671754,33.579571943924805,47.087223088830015,55.43433139325422,4.915273674566501,4.285390987539153,bundled_calibration_sample
Rice,1500.996059099091,28.087289071129756,69.69691851309324,55.681344049847155,17.838248083083005,30.535763918473734,6.617585139565339,4.118414131190355,bundled_calibration_sample
Rice,2518.867668437427,34.624965587445914,68.68864938703092,71.26994514116491,35.53908526879105,50.394975280554924,5.12019990949922,4.769595910569753,bundled_calibration_sample
Rice,1185.1922548908642,30.61482287085062,89.89332488065345,54.50595519023338,36.50475081888491,44.63636988758281,5.908271658116075,4.645786816594572,bundled_calibration_sample
Rice,2249.1786929310674,23.42451969319628,62.78379364619252,110.95027776245473,52.34894534201139,33.966926983120885,6.305049178928782,4.469192480016455,bundled_calibration_sample
Rice,2858.173909803415,35.13761404195992,69.15327080662232,97.6328191826902,53.58445583453265,34.640146092036005,5.607388729012452,4.566844477494395,bundled_calibration_sample
Rice,1668.6975151852014,31.648620907410347,69.09689766091046,112.54260771438791,19.67437117991522,40.20747099911716,7.174003150723836,4.286330469528559,bundled_calibration_sample
Rice,1591.3897745046725,35.207390190515596,82.56556622241249,56.112332144988926,36.013978118666714,53.44938659513864,5.922263669396326,4.584442074701848,bundled_calibration_sample
Rice,1429.8385181286187,30.027816952396485,68.81451230875753,54.32631685481557,53.95734520434935,33.88170013590418,6.2163309890482275,4.554011333356804,bundled_calibration_sample
Rice,1651.655199105684,31.165287004333138,42.8236599095313,65.50998288297521,40.472256515532635,28.566824262923344,4.389039757204911,4.164198773503015,bundled_calibration_sample
Rice,1624.1058233646897,23.92355454900548,71.96965662248492,94.89838634243898,34.59979134925871,24.22778971035278,5.763259519458228,4.23921798961572,bundled_calibration_sample
Rice,1777.2148936421527,26.867510014371376,74.46969641956126,89.51692348339657,28.285548028144156,27.750891929643508,4.687769867616296,4.628783533570766,bundled_calibration_sample
Rice,844.7680637757743,26.945715504354965,75.0822193077843,79.5077733459171,57.805490721157696,20.967386870527687,4.8781338891562385,4.21007820392923,bundled_calibration_sample
Rice,1128.5038921412602,27.311184147434407,73.19493493988617,71.65068145629536,33.875293781295305,6.848132640525641,5.150031384761632,4.151756570084653,bundled_calibration_sample
Rice,2036.5182103632483,26.040317625775774,61.17055159708481,39.819765645254535,47.93800750983644,30.323441995899564,6.980408803332449,4.197522918809049,bundled_calibration_sample
Rice,1562.101722968755,21.64298763938854,76.91795939303867,112.86668964013344,47.534693171332236,78.85714301582792,5.8367687546161555,4.171129323694909,bundled_calibration_sample
Rice,811.8403994916988,26.400092962360358,76.87173094885114,41.291598433106685,21.52211899961155,46.82627588980369,4.8623549251356275,4.388083984081519,bundled_calibration_sample
Rice,2724.41508088805,29.951562090097887,72.3392285047002,99.2234377378396,52.48338169263965,19.21872070929272,6.78415288857276,3.997329760596933,bundled_calibration_sample
Rice,1343.1135124918583,34.832273341583466,84.82442230885616,67.01628361929036,46.07351717047108,36.295392592374085,5.544668374693593,4.479538109636116,bundled_calibration_sample
Rice,1739.0632559478295,30.947687729994758,93.40069582431694,111.33384716357995,28.79821595735762,47.55326421287464,6.089579269302042,4.202099038617221,bundled_calibration_sample
Rice,2265.4035048622695,23.327849719196358,67.38720444926417,88.89279294568931,44.809297387241585,32.95232114668102,5.433415862513512,4.459641609288712,bundled_calibration_sample
Rice,1332.8752988532426,28.297590230052347,62.999125026131715,101.3924011210804,39.50851448433804,58.576593179443584,5.52027064639514,4.252824137530637,bundled_calibration_sample
Rice,1634.6226285099121,22.651038222900254,68.75285455623545,71.88586241019603,28.229575040236437,30.70216435171572,5.99107834035531,4.691417383463934,bundled_calibration_sample
Rice,1519.8414104655092,34.70018429485802,67.56428758517256,56.69373891907762,26.50808209075278,31.033652215193932,5.51215483319222,4.41762638822262,bundled_calibration_sample
Rice,931.5230495429051,30.84676247684553,62.80485307016011,58.94804239183459,35.00553994726191,52.865936869526955,6.994822281808765,4.435639580777255,bundled_calibration_sample
Rice,1722.5967475053285,26.341212342366255,70.26747255358691,86.13924116166405,46.084842585531746,6.89868871838226,7.3380188317405075,4.207425523878696,bundled_calibration_sample
Rice,1377.3713410394187,34.19182141838814,65.06101518492122,127.72681798383718,16.951852848848134,42.640178588102664,5.931372608535392,4.32117577239483,bundled_calibration_sample
Rice,1600.837696754273,29.61205964041156,80.46639203981782,129.6566853025421,34.695426086627755,34.22725449639264,5.893098775171546,4.610052597492609,bundled_calibration_sample
Rice,177.0807445730568,29.232381822907463,65.83301245961735,75.85305291106194,26.272249258780448,36.788770465633284,6.035559458954315,4.37736426875131,bundled_calibration_sample
Rice,1395.806566587499,23.504236305801253,85.64239814486389,94.51937938859669,45.879745236098074,66.25293827997025,4.208622647435583,4.159646644102669,bundled_calibration_sample
Rice,1935.3490841430585,30.340392768678274,71.33695182545634,98.45523465626414,49.14548997132608,34.1466148197937,7.4435276542750435,4.300549990630095,bundled_calibration_sample
Rice,2630.0627834592033,35.14633148152049,71.01976439088227,123.8198359656651,55.33528989942799,49.26317135400992,6.921988415549393,4.2379157130496425,bundled_calibration_sample
Rice,2221.844248851142,27.600264824929788,50.38068494186294,100.51117307875529,47.48162185954882,50.93819637887836,4.791529843024004,3.987310767133276,bundled_calibration_sample
Rice,1167.5401567107665,28.263040045760416,77.50975972733659,60.96307692404723,50.06873412503492,63.96975313911423,5.935021446537464,4.0084558276109385,bundled_calibration_sample
Rice,1407.2915129103383,26.106464497520196,63.23937994124677,76.65151134674072,33.33869920604889,44.959708010206526,6.784096477340126,4.322953865530124,bundled_calibration_sample
Rice,2112.6789546866194,24.54815981500544,67.38519049468957,75.64107265518165,38.47547895472785,42.191428185595456,4.972773271320821,4.393570260281948,bundled_calibration_sample
Rice,1335.4346531276735,26.66974486051202,73.48203369396609,62.63604790208602,45.48625813939664,65.25220225390076,6.054426147384418,4.187116234989166,bundled_calibration_sample
Rice,2484.9496447756605,34.59910970431306,95.16492244018045,88.30132334843145,45.329393798675106,39.96741679103242,6.029589595598985,4.612550265570216,bundled_calibration_sample
Rice,2102.99459674186,28.65578477488934,75.28465403694334,61.72057201932709,36.45867031083031,47.08492363032786,6.15393925212974,4.214690722029184,bundled_calibration_sample
Rice,1713.768419406967,23.313600670123655,74.68408849907166,85.37987137768567,24.877590871047552,51.73387688383906,5.045016799991446,4.667751884442474,bundled_calibration_sample
Rice,2177.0638163913372,34.46713368826155,79.79996307453978,56.94380176291115,8.132440540409952,48.60132719166576,6.683893570903561,3.8870329615030856,bundled_calibration_sample
Rice,1177.372221120959,28.512432772944994,70.37225569081745,88.43525158614754,37.31227895845091,55.314984648914574,5.102378483546414,4.198848717573032,bundled_calibration_sample
Rice,2129.3532781639706,27.148825471341052,89.26568313815775,73.2070557380679,55.732514947739155,39.46875023717178,5.28910763913053,4.468423988365691,bundled_calibration_sample
Rice,1544.5781757010689,26.920585133716198,69.04268483526646,54.44624032017427,22.19943001309114,38.377221235282214,4.430590326612644,4.217521691646902,bundled_calibration_sample
Rice,1360.0063389494749,28.47067214110207,84.19569666909113,87.64762358583474,51.1642518219255,47.596023307403804,5.165718710620736,4.570119170426984,bundled_calibration_sample
Rice,1519.045466150014,29.569631039834675,78.36605271136753,85.56644137715011,35.068205619804324,57.23020480436805,5.854307749173414,4.635961556389046,bundled_calibration_sample
Rice,2282.544647170082,23.213703667440207,70.29874516690617,71.35969095301792,48.600913942001064,48.306752629425475,5.304277008545881,4.584835097458293,bundled_calibration_sample
Rice,1752.0490508432902,20.270917985146607,70.1517654467956,60.75574510353264,32.97116352700155,32.18675027750546,4.0,4.268255537297444,bundled_calibration_sample
Rice,1564.6054809133154,28.296114669158037,79.8180459133536,59.764095494725964,41.323213607866315,23.328449288406734,6.453528613106803,4.598444046000892,bundled_calibration_sample
Rice,2619.3598651641287,19.40011518175759,80.86281376191613,76.3135968050455,37.69339890300298,61.724213909821344,4.947064942089824,4.156897780849933,bundled_calibration_sample
Rice,1287.9560383543594,30.532455776320162,89.39279967421429,101.74577890349155,65.83042250670402,40.99143976692464,5.722744417312722,4.348206589963879,bundled_calibration_sample
Rice,1493.9956073118108,29.240099927773134,73.29489213915879,79.56472055490187,31.09325455056777,29.76396285910146,5.844364605975589,4.418835995998028,bundled_calibration_sample
Rice,2001.2162018073932,26.8193487557389,57.614576882988004,75.55498814017449,47.085982573544506,42.43148855829566,5.677479362666581,4.622353262410466,bundled_calibration_sample
Rice,1541.14110407115,25.28219120240707,68.81898825234653,60.89109588912303,43.64163120142518,40.195402404081044,5.17588571980723,4.518613007013464,bundled_calibration_sample
Rice,1469.9265058772355,26.800357349786598,90.03187904674164,83.18540443273828,52.3186822768437,43.6139655865398,4.758464343915883,4.530956110189448,bundled_calibration_sample
Rice,2232.2270850171717,28.1570317485204,76.33661176287228,79.20838471005216,51.40854073142607,61.19690860415341,6.4429388037871265,4.159645014827179,bundled_calibration_sample
Rice,1795.8810342398967,23.62876891613185,85.87508713075835,79.92011503815701,41.7121601136873,35.35450986934225,4.409811078536298,4.741449768218141,bundled_calibration_sample
Rice,1856.9839666208854,28.196208386208614,92.86385107075199,50.29904741571518,32.34386016368456,36.64899220390118,5.205170196310086,4.155757231197198,bundled_calibration_sample
Rice,1176.3125329745485,31.373932993865903,76.18120146746735,46.30934196702885,54.17106863350016,14.982609375658157,6.3693713121753035,3.8783296429980747,bundled_calibration_sample
Rice,1988.1043073048402,25.623152815599003,64.4599342642214,62.4999601398783,46.719948906682504,33.856533069135125,5.457743482044385,4.269048405475777,bundled_calibration_sample
Rice,2184.0153151699724,26.11453354759997,74.66963523660641,76.52179305090915,27.935630797382146,56.74299500854078,4.177215930377501,4.398487059215394,bundled_calibration_sample
Rice,1916.2978202787808,25.412738892198263,79.09576373637552,45.386401162359576,27.022856115282543,35.52836690238974,6.4430866260077115,4.504813286303547,bundled_calibration_sample
Rice,1454.9676262897922,21.56912936903147,75.63170374137532,52.1075903354839,54.66512806525341,32.42931499115649,6.056871529825832,4.3906285618282785,bundled_calibration_sample
Rice,942.1031259951876,22.5899361661357,70.93166309110121,105.15423059041245,45.75375373969826,36.657682722163685,5.655492166442718,4.183080594922599,bundled_calibration_sample
Rice,2181.8796124765536,24.692844982658727,74.59475012263034,82.60719552319065,42.51166727404054,35.54447032129103,5.725520822720052,4.85260858107591,bundled_calibration_sample
Rice,2233.8493923832743,23.813683897916015,63.641796671088095,37.26188303606744,32.41019119372192,51.10191864577586,5.958433872881394,4.4691492587899235,bundled_calibration_sample
Rice,1370.8614117287252,26.04365819709093,67.67112495773087,82.23311524959892,45.536981160928406,42.26800682048347,5.525228544500359,4.867938321374551,bundled_calibration_sample
Rice,1250.1915651772963,33.06073068737396,68.72450994900201,80.3894549624017,53.73491515998097,25.545387028060897,5.985224540515315,4.195467984037105,bundled_calibration_sample
Rice,2007.560703903989,25.815731263198433,80.96072739314532,92.61898215433403,21.551697586327037,26.967382233929655,5.358562244450873,4.39602700455843,bundled_calibration_sample
Rice,1982.5145928546606,28.688529640107614,71.37230528658328,73.85106030533021,21.540390231112973,61.641209140276786,5.381546970933521,4.1514944945747985,bundled_calibration_sample
Rice,1106.881081111218,26.15955783529087,72.20179030120109,134.3097514840295,35.938644671689005,27.89504671872384,4.7083364212266305,4.243601165182439,bundled_calibration_sample
Rice,2203.8786254343568,26.744744622036286,62.09108478197656,94.741693137037,22.41953380244755,49.98340885153556,7.040886463326292,4.440961139122038,bundled_calibration_sample
Rice,928.642879103044,22.541716501545153,72.57335539845383,91.23121305843753,34.75484368766829,46.13366303726163,5.294289712740892,4.325296696932108,bundled_calibration_sample
Rice,2372.6350104194767,26.56882238240266,75.81492576919273,123.69250745853043,51.50820164329007,57.68385478938134,6.4520485181836165,4.363651450337931,bundled_calibration_sample
Rice,2330.8098929414746,28.793201015886947,73.11124790471699,117.32409491427191,48.46018282866765,49.129022198888954,5.25726923188314,4.118929996443923,bundled_calibration_sample
Rice,2228.7861852397473,22.24850327705665,77.22465897072581,55.65944918217115,45.0255651235612,35.79241175174178,5.529023105936272,4.444271178374275,bundled_calibration_sample
Rice,1374.349092015685,26.610947093805052,91.54182332700483,89.97860679110461,31.503531195091533,61.67103268777008,5.01492264055973,4.294557862095738,bundled_calibration_sample
Rice,2028.2207579697779,24.83582953748657,98.0,59.77278616863671,42.483243198126715,28.449523620320704,5.209557595805234,4.621656622037819,bundled_calibration_sample
Rice,2221.749801444403,30.816572313558456,58.25984066196652,94.83686963160308,23.53840871320845,19.798498088874382,6.411065537237295,4.248979823724735,bundled_calibration_sample
Rice,2631.1654881729523,32.46231550335929,79.96095685108776,81.68211301723044,29.818035956848213,45.985353851800944,5.446257370291801,4.449392488305882,bundled_calibration_sample
Rice,1569.611473955462,30.568348248826588,72.61208114363558,87.177209296416,44.17543053217912,40.706316313538224,5.257329794253199,4.61635812334476,bundled_calibration_sample
Rice,1914.1609862241585,40.34326133213146,73.2761980536263,124.39113475004753,29.695901420435238,26.675234540989067,6.1421160298138675,3.797843016052475,bundled_calibration_sample
Rice,933.7224936679726,26.34052327036077,93.68118919057082,66.80115330606036,36.14863711485016,26.574871564517235,5.8473662648681435,4.079606340981028,bundled_calibration_sample
Rice,2135.089593609456,29.40983104054912,81.54809058344179,75.52966692540392,24.480340995344275,48.080344986319965,5.08768771130938,4.309328660571723,bundled_calibration_sample
Rice,2052.223383497726,31.827980248867064,78.14556088733974,52.7736333035566,61.31044381254826,57.82388548762901,6.252858818056859,4.206358547720169,bundled_calibration_sample
Rice,2432.4231053633243,28.476449188525958,75.28753958628236,48.07614508885037,47.60455907278191,40.78732107142721,6.467078277424993,4.550648876102886,bundled_calibration_sample
Rice,2340.677868684813,36.94050044193372,89.16858423272629,92.90587355321219,5.0,38.242315635238576,6.935080350354426,4.17881331545139,bundled_calibration_sample
Rice,1253.8378223623936,30.749198100033194,56.0948745632003,79.89375241796667,42.31584295506321,42.82110990881719,4.218975509474608,4.575313970948788,bundled_calibration_sample
Rice,1241.1137520208038,23.43084740240849,62.3560006480123,57.08114830827519,55.46605176136348,44.423383749784115,5.929804044877511,4.566853979690061,bundled_calibration_sample
Rice,2199.2433604565917,33.948036672988046,59.65960505983346,48.359696007284526,22.780697575572827,60.429745037623746,6.285531505082503,4.1132919476357115,bundled_calibration_sample
Rice,2130.8638744343493,27.690151944321006,77.93998400288105,87.11635737162315,54.076327300912126,33.736804532326445,6.076731419706285,4.758008086331324,bundled_calibration_sample
Rice,1330.1515558013791,27.216076373223412,75.13735214225109,52.22610928650225,57.45159028406667,47.645977522541656,5.453039942186577,4.068877171921042,bundled_calibration_sample
Rice,1367.6785703502799,22.55634278072806,90.7872530163127,25.73800035748505,13.862597053812053,62.56747755756692,5.925088914145484,3.8946304292462828,bundled_calibration_sample
Rice,455.0858373951414,28.135759258956302,56.801542275429995,78.51029426674823,34.86329579763075,20.967425468178497,5.817594482206972,4.27207297963824,bundled_calibration_sample
Rice,1114.034522885353,27.321238553422443,78.75698902902614,61.439605289672386,29.218748558154015,31.892316241285457,5.618424722043072,4.525337720650791,bundled_calibration_sample
Rice,1650.1162208850055,28.90748719607534,81.5123143843663,100.50964822750473,39.88083217622252,70.87102594671147,5.429156986043157,4.016831750912759,bundled_calibration_sample
Rice,1576.5711814301467,25.630443693783167,67.62934032330836,43.35861863051323,46.7947895670473,37.9231667353238,6.399823436382446,4.485023939802003,bundled_calibration_sample
Rice,1779.6546097056894,26.997685842209215,91.15355435480853,63.20983235256989,49.36362213934041,24.08586713958141,6.597969181979938,4.442940280429331,bundled_calibration_sample
Rice,1431.3882755122247,31.514254183308587,71.89048781975383,46.67318246111103,27.323967904994518,37.62647248906664,6.090105067550672,4.462536318900964,bundled_calibration_sample
Rice,1750.6825454553393,29.884461927301757,73.92199483857883,55.06706443280066,50.71700403585599,39.26519429738105,5.01633734753363,4.419364737197642,bundled_calibration_sample
Rice,2191.4089625723263,31.148352791426746,74.80897124648209,65.08963302180862,57.97942934917282,57.45340739926989,6.845095676389541,4.2251165059010845,bundled_calibration_sample
Rice,2247.4606206494454,25.522370909995594,88.14885149990633,92.68829815362658,30.730314512344727,37.304689042064204,6.666293255657297,4.5383913249268115,bundled_calibration_sample
Rice,1920.9496167650225,33.816958982782346,62.433846821053955,23.058985678683733,25.251803590931466,22.68807090366455,5.542855199392649,4.073415454079887,bundled_calibration_sample
Rice,2026.095610724211,29.776875638371,86.59101436767894,112.09020650759649,42.67416299235685,24.30509928495493,7.137418886781072,4.344984468198934,bundled_calibration_sample
Rice,2504.546097755184,26.75639916855008,72.19844558808937,174.24721101049494,36.961508703826915,24.664222336387986,4.791512215793933,4.198480960766954,bundled_calibration_sample
Rice,1849.214478965428,26.653661334648742,89.40702622723848,43.242309121436456,45.97490515991521,25.309629223693403,5.79200540635704,4.462521028851361,bundled_calibration_sample
Rice,2718.93863360674,26.446228760193417,70.02419789938386,74.2661154631586,43.65955953958904,37.700481719635,6.87427779134938,4.310613344181657,bundled_calibration_sample
Rice,1945.697199472401,29.888840952993775,67.93135067945913,45.45218147793803,65.0696111395816,59.55439636754754,7.185231464018933,3.87498246102513,bundled_calibration_sample
Rice,1073.9030234324086,24.788383511489094,65.31664278380512,95.3917579359275,25.206587397484835,36.84150321085076,6.503962426261446,4.228968253383948,bundled_calibration_sample
Rice,2057.9227790648874,27.202809425814877,66.16239843807186,41.132635171693465,24.898505596434376,17.97696570896493,4.873099174083132,3.8138661352459517,bundled_calibration_sample
Rice,1335.6802308842864,33.27705801838539,79.11651131518428,62.766058966177425,41.41325566822704,26.78727084972794,4.920048629279666,4.529617579973127,bundled_calibration_sample
Rice,949.3714410811486,28.066492858811234,68.69585072846833,33.99864234817008,42.47425094304919,35.72799239682887,8.039473368893363,3.9105395637024296,bundled_calibration_sample
Rice,1310.4556922464453,31.84326915822602,79.03545241871981,81.70851500960617,31.314543994587154,33.11656139044516,5.435312579551579,4.670090240249169,bundled_calibration_sample
Rice,1637.8141057705081,20.412112572073173,80.33557716739017,57.41181552802912,51.94547640129123,33.96315796143039,5.931464226318786,4.199704159284195,bundled_calibration_sample
Rice,2329.624796389142,28.022658739396512,79.60260255680234,104.40633388215886,32.761460980529066,33.58779613105986,5.7932435997971785,4.659227253125546,bundled_calibration_sample
Rice,2022.8418334781866,30.884324738654154,67.19809185369381,82.47598065483085,25.01790666427263,25.020449665097665,5.6588410680980274,4.259097259203748,bundled_calibration_sample
Rice,1688.1078279969277,37.157419052501304,78.56739386392942,77.71619331115777,42.59458382649015,51.65717897906802,4.0,3.956199269292991,bundled_calibration_sample
Rice,571.3948852281376,28.254810359708188,68.48977375968228,31.69301971527159,34.33099403562162,15.968818280024674,5.218935627049965,4.14652157045839,bundled_calibration_sample
Rice,2245.97020083612,28.318738511978438,65.30020633293792,99.45865447038254,45.53704463412258,55.27584520389602,5.114410137064505,4.121598960076996,bundled_calibration_sample
Rice,781.1327852334887,27.825434836699607,69.30745449864044,74.54698547317336,34.16800521932055,52.65250568964679,8.481174581877543,4.278595655589706,bundled_calibration_sample
Rice,1661.0616633820541,23.17847918007583,95.43957548300673,62.95145189074361,24.952210776872562,39.13653808188162,6.0174574914275505,4.093008488224039,bundled_calibration_sample
Rice,2084.312619311459,30.621498547695634,63.881000553115555,55.79855268908203,30.45926136211756,31.700592939724046,6.1524459131339295,4.182212542882456,bundled_calibration_sample
Rice,2443.1073745412014,34.28585934262793,74.01436226205567,102.08235733483224,47.45350127057647,26.09005741013977,5.768418338928074,4.4809784113827416,bundled_calibration_sample
Rice,1427.344063855352,34.71998185218353,64.66389019062895,113.62183870199962,37.86534366024839,45.958339772985425,6.9253972032982025,4.533600104366866,bundled_calibration_sample
Rice,872.9328310976987,32.29566668430938,76.92847987014123,70.80835990802063,42.75006516303682,23.421119338014673,7.436845816551509,4.459545975111818,bundled_calibration_sample
Rice,1448.3663840933418,26.823554959725165,65.22713284230619,87.84673904130051,33.9168250999943,38.63295227676921,5.153400010172532,4.872253656631256,bundled_calibration_sample
Rice,1619.0824747005563,28.578887720190053,76.2703723537041,93.51139703943429,35.195092082127054,27.751847764017974,5.8124575298117405,4.625470071717377,bundled_calibration_sample
Rice,2766.208624588347,24.26548814864202,74.67491878349342,91.28534866098211,46.65589597415737,31.433016291321408,5.6999485609337475,4.426104192622373,bundled_calibration_sample
Rice,2498.157217750273,27.076537192577057,80.79257003596867,67.70748271859081,26.58809524903557,57.45140118303716,6.654728939543484,4.448872457999973,bundled_calibration_sample
Rice,1205.5426922878542,23.373680252662915,69.86616603691758,80.71548912014119,56.354482321615365,45.40769511004879,5.649897942110664,4.345038689737202,bundled_calibration_sample
Rice,3262.2457139546977,27.36497771778179,81.74448720829416,58.53185283237406,22.654636102943773,64.25533565733238,5.7952896819717905,4.104045352637394,bundled_calibration_sample
Rice,1707.323152877364,29.93653621569042,70.56524960441313,126.91796469413217,37.06047866354452,62.19639157211269,5.264794984261583,4.070723007510732,bundled_calibration_sample
Rice,1460.1975697466473,26.576501152014718,90.69307249433231,102.75010884271751,39.40827998786232,54.60646430113429,5.4832833004265815,4.23111461900563,bundled_calibration_sample
Rice,463.34706489083374,25.856810461158755,73.16082008072462,54.56418257493169,28.691141378968872,40.90266740155358,5.56938096741236,4.310630228686577,bundled_calibration_sample
Rice,2597.6239295959062,27.183724133744384,72.44691891011371,101.08879566051591,57.729708174280574,52.97436284243342,4.8579293987984,3.921817686162309,bundled_calibration_sample
Rice,503.71679591746647,25.251392391856747,55.11419302013621,101.05980176742312,29.910603622842217,50.30243538631211,7.084487482651845,4.05021165081382,bundled_calibration_sample
Rice,3145.7290704979214,22.896907766722496,57.3198137340858,97.8273361197489,19.98504216085704,35.5060157596129,6.928689233224571,4.3875076013013325,bundled_calibration_sample
Rice,2052.3632666142294,26.764551827836698,79.68429101309658,156.75578223256207,18.786756661630758,28.05683898000333,5.647849129892453,4.194511179012102,bundled_calibration_sample
Rice,2151.967102596562,36.51676017043464,69.51333623417788,77.55705092093227,34.448981236330724,37.47420020543747,6.081934695608854,4.823803633162263,bundled_calibration_sample
Rice,1380.7980775458752,39.27309362581984,63.53357961278451,126.28232031968165,30.59477624696106,31.790702652653696,5.73655861823035,3.86962687764903,bundled_calibration_sample
Rice,1824.4593264639905,30.223842216782252,84.63869994573074,96.41638764679873,38.09857670182623,17.439466156912303,5.975394792777119,4.402346215238075,bundled_calibration_sample
Rice,1766.1979734242407,25.616920681415316,88.45411526680782,94.32916835066052,26.36292732989042,56.28233118343357,4.592645102831977,4.042441907288654,bundled_calibration_sample
Rice,2189.56241052988,30.15437792258055,81.97179484768189,99.89966062111948,41.94680789518934,61.34085667498006,6.008012541536911,4.631831735822274,bundled_calibration_sample
Rice,1457.215120088224,33.827171011543435,89.81591019948505,76.77354040047788,35.70882382466528,48.071179573766955,6.0878212612385045,4.496910647952341,bundled_calibration_sample
Rice,2080.051502878738,19.846245933084646,74.65697602232774,58.8384075908758,61.08836792850732,59.16854098353295,5.7914234058272624,3.9773228475670277,bundled_calibration_sample
Rice,1448.653774275008,26.2186802637261,78.92937271617866,79.50291087676985,22.53793337055051,26.048168807435214,6.360460056759998,4.353690665154024,bundled_calibration_sample
Rice,2112.9896991129485,22.48476985040398,71.48116497620506,98.92513638782901,40.77446015245183,14.00117513445882,6.124893888695894,4.070432441017328,bundled_calibration_sample
Rice,910.1781920265357,29.96699548799204,86.59437420776605,109.84842514534266,46.100456676320185,23.318082443737644,6.510195879239024,4.072978612785015,bundled_calibration_sample
Rice,1724.3786363157149,25.805959688284865,85.90448394683001,91.58126922819902,35.15605827858238,37.21087784648894,6.42432630219815,4.569679223849415,bundled_calibration_sample
Rice,1975.8468607302739,24.062919551519656,63.77020988044371,106.66453460674055,45.06052382056495,47.182027972052516,5.922842090147201,4.370852188510831,bundled_calibration_sample
Rice,894.113130131044,30.577235184916894,59.568461557425394,76.3178286354959,37.39974624737842,43.85062727402587,5.774594282485714,4.898162669216213,bundled_calibration_sample
Rice,1947.6174750393754,27.419739288127243,77.36941418299635,43.16680410056833,51.87228313242308,43.518176223923454,5.913772176519068,4.437847422121833,bundled_calibration_sample
Rice,179.81713247533617,17.408044341281474,90.38406653107867,114.78300950281138,50.35234569147949,33.131350318713174,4.7460310776761725,3.9910417275606496,bundled_calibration_sample
Rice,1376.5238297490773,23.934851616176715,69.62795169285766,93.80679289067193,54.312545422807574,19.687433841518764,5.361747611369985,4.102254438887581,bundled_calibration_sample
Rice,1584.2573983097245,28.82335204026413,75.04773588726799,116.54815379875836,24.838983864401563,35.65255635546581,5.623936712165444,4.502276069452118,bundled_calibration_sample
Rice,1758.213628729608,31.53942354338168,71.14675506228552,78.0421225968658,33.81319987958321,44.87161935208475,7.95191159037495,4.540764857109131,bundled_calibration_sample
Rice,1196.7813958552908,28.50800226844105,73.79149472197791,91.36029040577772,56.89241972720814,43.6175538908189,6.1055549161871205,4.555053541805687,bundled_calibration_sample
Rice,2642.8622004606027,29.89925470903899,68.9079145417395,90.43739905797963,65.01740113095337,54.21249133909724,6.353707665836993,4.073455278876363,bundled_calibration_sample
Rice,1984.3661555672445,30.50138724670272,59.851666892316175,111.36883151632719,34.73503818068909,30.05139592845437,5.524285135857397,4.256006015087457,bundled_calibration_sample
Rice,2270.5156915425987,32.420107969351946,76.56036228884896,137.8384787414241,51.65170458266465,60.51689695406442,6.698453725235208,4.134237637541858,bundled_calibration_sample
Rice,888.9360258777448,23.96913539630533,80.27029774046906,69.43069789769908,29.34136663736876,20.218577022403505,7.971757044335776,3.989836534094201,bundled_calibration_sample
Rice,1469.7152424277856,29.09558979527015,62.80308712682566,30.87976465492042,44.12459632750467,33.70903330939996,6.986187746119225,4.522406048515892,bundled_calibration_sample
Rice,2598.812504676079,32.245224184392605,68.30639345945275,73.43035596370848,46.35485837664574,47.125870894814355,7.050439659030465,4.303231733857604,bundled_calibration_sample
Rice,971.3852935458617,21.085900855159956,77.5751069226511,77.35364269254072,31.78457796553468,37.78292781817977,5.6967759505765105,4.6059851656669055,bundled_calibration_sample
Rice,2597.3089350632226,29.737965852617133,70.30279603271856,39.015772802305676,26.36328181480274,34.71445167977417,6.099008310286329,4.483406848202869,bundled_calibration_sample
Rice,1037.8680938294965,36.35422307444961,98.0,92.4278195608854,38.49071689662443,54.614984463928664,6.190093086299556,4.120991499791967,bundled_calibration_sample
Rice,1748.2498276949634,25.941507621664098,70.79152096266047,63.506249112609,42.00002030618079,27.630981470606734,6.916783013472579,4.48757481623514,bundled_calibration_sample
Rice,1468.653498959353,30.31295483310892,63.07632286794232,138.80308325768038,60.97111323467854,15.95479124581442,5.920753481291018,4.15014854724541,bundled_calibration_sample
Rice,1957.814284620744,25.269839974829093,82.65435947940917,73.0687590872363,46.05294330264146,47.89752859018116,5.451173363148811,4.796314892588512,bundled_calibration_sample
Rice,1229.1105838358071,26.095364848568128,80.2518316583817,44.70493105227292,56.605602736258234,21.33608390631618,6.6146630814728224,4.255724664419914,bundled_calibration_sample
Rice,1753.647772026308,27.67189483553337,93.91835515938196,72.33849288254538,32.24439801126761,40.45881029146146,7.1769509933652,4.6707452264861615,bundled_calibration_sample
Rice,2192.0172009205417,33.35789448515649,52.309546979332964,44.594345058100295,35.200443038419564,43.13179710257744,6.137424098300095,4.537205574405213,bundled_calibration_sample
Rice,1803.93602275401,33.36915731715993,69.88446074917016,53.70812537270784,45.101138857348694,32.23901109144836,6.077934927344774,4.559428427679221,bundled_calibration_sample
Rice,2425.5676124680813,28.261696948231506,65.10991291285565,62.29496152078126,24.647375162543902,25.274750596340834,6.83310510620496,3.9985409316419576,bundled_calibration_sample
Rice,1819.4585541064205,27.43799564408814,74.49785045377322,76.22886196683638,42.35654370199668,39.664302183439005,5.338182391513418,4.86005845438127,bundled_calibration_sample
Rice,1275.649004729804,21.821326905499564,79.09384783593886,91.95522078305754,44.13492762929856,45.584335122461596,5.785370148724309,4.732967509169224,bundled_calibration_sample
Rice,2401.0697402180185,27.58046641871161,85.19692075738148,98.70159042694553,5.0,24.532404265928484,5.401197912239843,3.9194736510566175,bundled_calibration_sample
Rice,1304.5887323175905,21.178859274820784,63.535557384406644,80.68277996382571,34.33871952436653,28.215532326012767,4.63421880708122,4.13752196865114,bundled_calibration_sample
Rice,2247.385118417716,30.35048084965761,75.37115565887271,80.02429829999456,43.5437579378656,23.849100172549765,5.103911608515006,4.722447116833151,bundled_calibration_sample
Rice,2326.922979782683,30.654294397986305,81.7803571391216,116.17219984040993,20.277749958002733,36.09401198956925,6.152951320713048,4.011783119295834,bundled_calibration_sample
Rice,1776.988959413024,35.34507896110252,65.14910586017757,77.42711587408957,50.02761294648155,35.186077331558835,5.799788112932666,4.7775015589395675,bundled_calibration_sample
Rice,936.662321028139,24.664192951985036,72.61318902736004,93.49660662486718,43.54256238038162,41.45290645506979,5.176447420262882,4.492147551495457,bundled_calibration_sample
Rice,2829.4698940635494,30.74436925245919,69.45661451484504,65.95130179089283,60.489668257405505,38.51405100693867,6.016253281751128,4.307726884229722,bundled_calibration_sample
Rice,1936.9178759078359,27.79506469761877,57.018936268974414,56.37944398335381,58.4577129502898,52.354094033149764,6.617857790309814,4.3761477541259515,bundled_calibration_sample
Rice,1589.6376865352888,31.015527830187303,76.50847161945993,78.61535769211665,21.204487486529796,63.977672904883505,6.974592433271826,4.207084491871155,bundled_calibration_sample
Rice,1391.7306109169344,22.89625197794516,87.15876039405893,92.03030051567862,20.68741279622992,46.44586033508869,6.598082515745991,4.499892485361009,bundled_calibration_sample
Rice,1912.6235121111317,23.80131865953983,62.5244390936205,91.10113504293278,50.98361315700245,40.35866048280469,5.837791074492403,4.437851030315585,bundled_calibration_sample
Rice,1712.35118298958,30.03169391139936,79.2677037840668,55.32007178947913,35.58009796525207,51.801529697771905,6.84686544307994,4.153199042595954,bundled_calibration_sample
Rice,1837.5137163348581,25.22421673221161,69.78031932324598,94.04085282668079,35.898469186302364,43.489708539950634,5.475843383756479,4.806133602399908,bundled_calibration_sample
Rice,3055.015522954814,22.041925369181165,69.40657662799761,69.7525621393179,44.76733490594737,35.288210651133475,5.776270546394686,4.126527825983272,bundled_calibration_sample
Rice,2380.4812321160694,24.31840489114052,79.25549108779316,81.01315389272347,39.89713122386219,49.63175135720384,5.665562449203743,4.676927288962274,bundled_calibration_sample
Rice,1437.4229550020189,26.59188170797007,81.80396978384464,101.82649664772214,36.36466204779965,23.171762215668988,6.44586469038306,4.270148546218324,bundled_calibration_sample
Rice,1044.5781816051885,24.416397600247535,91.15670951633825,26.508510355435703,47.383800711027185,48.495531312198494,7.442911740451512,4.40692697437803,bundled_calibration_sample
Rice,1900.4559952225525,31.177274466516845,98.0,69.84217105175864,59.059400436851334,23.261811524092128,5.511859700740397,4.012683773686446,bundled_calibration_sample
Rice,1792.1604468860696,22.966823691739286,88.19324429167588,87.84425210720671,24.216528267492258,33.304805261029614,5.676919108851921,4.455070342294536,bundled_calibration_sample
Rice,1450.289726819552,23.586534100201828,85.85960138840747,72.88754729344534,26.71672664280603,34.94990264244902,5.727972055355209,4.673953614440363,bundled_calibration_sample
Rice,2596.4224289710796,29.114616570496114,64.96398720976242,80.1587630804667,40.94046628197115,58.74390077576001,4.81010789818318,4.563082726088669,bundled_calibration_sample
Rice,1804.3149425335841,26.539755871380898,86.63185427671687,55.291618866533526,48.880710414032364,57.230685646310704,5.943965330286761,4.326386433181473,bundled_calibration_sample
Rice,1330.6299588498914,28.917369291743935,65.68481385010664,60.610098077019046,36.51405342004,35.8829720876208,6.825582960939734,4.692655210338014,bundled_calibration_sample
Rice,1457.2130358516436,24.99303406652183,73.14873499381861,118.30780297925313,38.020283464717465,22.720386136635597,5.798269629858898,4.581065667036773,bundled_calibration_sample
Rice,2311.8906023684276,27.493329955474604,75.62860648702755,110.56126466797849,23.245461913519108,38.011870609198574,5.944886541234183,4.392539533794311,bundled_calibration_sample
Rice,1214.8282836639041,29.27812431298607,76.90213374898687,56.45171142703785,39.96554178244492,45.943909426770055,4.8914693393652975,4.44193279132048,bundled_calibration_sample
Rice,1791.1774597399208,29.852605668522767,73.79329665741912,74.846724747199,34.65031529492129,53.05651911506882,6.432435820914856,4.299676323091945,bundled_calibration_sample
Rice,1105.541440758659,28.467559731378802,60.41713222422745,70.92336714758328,49.81848125119946,42.33694412092064,6.491569485690006,4.750102889500579,bundled_calibration_sample
Rice,1488.0511726548898,24.546731732932578,62.7076294937321,143.16862124730264,40.303059380259505,47.92006814569607,7.2371846865763665,4.034649857190536,bundled_calibration_sample
Rice,412.7141780441891,24.442938293571622,76.18248559523474,94.65824669530679,56.77780695116638,37.163214438263104,6.85047975563951,4.324650829840719,bundled_calibration_sample
Rice,1807.387858201839,29.671360510415216,87.92034307315652,105.7130975228563,45.86496316142908,60.56515212045889,4.995185500142597,4.475922796293546,bundled_calibration_sample
Rice,1993.922265936143,28.68143427024841,79.55153360756844,66.98957546819554,52.57422000448446,38.022352272783124,5.610662575860112,4.500294775194642,bundled_calibration_sample
Rice,2882.333148619077,24.677847238080027,64.4538776213726,58.083671150233414,25.721202326045244,60.20188469628596,5.14512935470731,4.1875309722824126,bundled_calibration_sample
Rice,2097.7066927458222,22.466991020607185,70.863638147907,91.82829540258138,43.48518829429976,48.065355879973545,7.108639869666382,4.298221749177893,bundled_calibration_sample
Rice,2078.3057584576522,26.40211945299774,63.564540028117634,86.85244168186338,33.88889906336626,45.476329772210164,5.601514903869339,4.632602089697205,bundled_calibration_sample
Rice,1464.4327100879007,22.81707445162736,87.97834656617681,65.9536281496235,40.45772286457615,34.46686452535375,5.999325445153561,4.28191847283912,bundled_calibration_sample
Rice,2323.5385461982023,27.662797210552842,76.09611564091401,115.5873905227698,54.79868281394109,36.577597666772355,7.009631974117178,4.3207771635371905,bundled_calibration_sample
Rice,1514.3178885953187,24.350020291154266,81.3236793030505,85.56444850670151,41.5909082866743,40.73852116498654,5.178157706607803,4.503746558609882,bundled_calibration_sample
Rice,1277.3646653505032,25.73420462361031,73.5507365291663,91.17343299949053,41.61467600972003,23.911230700197912,4.665717809712796,4.151573912770045,bundled_calibration_sample
Rice,2491.859652414786,32.36206287306049,79.33342057528937,83.28824869988738,36.649836891374704,36.88309430943437,5.280516773075673,4.9355393569575625,bundled_calibration_sample
Rice,1046.8924026417076,33.78380503468057,86.52243261853492,58.4782676963182,53.990573658459105,39.93957956519031,6.005970198434869,4.349277239009247,bundled_calibration_sample
Rice,1999.5204159152279,24.228407533995302,92.62159248966134,83.82668904117827,63.275345087744284,29.874932181980718,5.944879103398119,4.423273962300175,bundled_calibration_sample
Rice,1472.0446426576113,26.445844365013965,70.4476119792021,93.36689615851581,41.196712378502646,44.3150239561769,6.366407900686101,4.48037802460927,bundled_calibration_sample
Rice,1612.3785805466202,32.68639991612227,67.89402851421673,75.06031686559741,49.789475417789866,63.37986530589936,7.172940336163722,4.4012454160999255,bundled_calibration_sample
Rice,459.06535104619525,36.13990991159982,89.73880838198608,24.073436110094264,65.68478844721835,38.78650823492045,6.418565522606697,3.697792670381253,bundled_calibration_sample
Rice,2037.901490041636,25.829848207861424,70.39947469039281,82.76924598818455,20.8265981787514,23.236237427750197,4.468824448570331,4.064561454296516,bundled_calibration_sample
Rice,1799.5159440594655,24.385344825239958,80.74155012176254,40.748867721547356,52.84965220548347,48.50955470282729,4.844651712875322,4.109359321807469,bundled_calibration_sample
Rice,2253.871966324569,26.564777947733774,83.64240916247843,124.15476653623857,40.34308480990531,37.75305754964672,5.770001138589911,4.4191352073185906,bundled_calibration_sample
Rice,831.8280666461948,26.14228385936764,66.7576387816454,92.26620675769117,42.723125084369954,53.28813786073462,6.957518346066358,4.245912361044496,bundled_calibration_sample
Rice,1625.6464725814344,35.16026213500291,67.98161299776713,53.00498024930694,34.043748129658795,29.228238460044793,6.9398001985184905,4.071255518207445,bundled_calibration_sample
Rice,2467.993222161823,33.448403368144376,85.4557893208217,83.3128662626232,48.64559200015419,29.229577883328474,5.581200136752713,4.169371756087786,bundled_calibration_sample
Rice,2120.007263999103,27.32702350113312,72.95819963790028,71.1451973366956,33.906430349646214,49.342117991913334,5.586044245248266,4.592729241718913,bundled_calibration_sample
Rice,1562.8708338617457,27.9909427386478,84.83613860190546,71.24781391433245,31.30746265040893,46.62602433438424,6.415797193763435,4.622776179442613,bundled_calibration_sample
Rice,1832.7655990997966,33.57812411534053,74.86359054981725,66.48436417283837,40.99183260215847,42.87979644365506,5.96248162359048,4.276894351436525,bundled_calibration_sample
Rice,2600.8369890026484,25.627332161811793,57.28617451793744,78.00588837967912,43.309412448921435,43.6221171191906,6.877541436062966,4.479963457407065,bundled_calibration_sample
Rice,1718.0496936399259,26.227849062089877,66.8423898784146,108.72897997152418,56.73954748401888,40.1357545475165,7.597646755167894,4.543808632341994,bundled_calibration_sample
Rice,1445.352475777177,30.944289200162086,84.80641789717467,81.97435784219961,20.940906441509718,47.532260202575586,7.215480796601044,4.447519003714051,bundled_calibration_sample
Rice,2091.0023669634793,31.220034898462757,67.15070235732576,90.07563589901177,43.05193547376169,40.26249007696887,4.464958853348899,4.4308188918388645,bundled_calibration_sample
Rice,989.3759882928717,31.24852430284218,72.97127050448375,95.87178160472234,54.0279471741149,48.206974687304445,6.4317740747256975,4.445615817008626,bundled_calibration_sample
Rice,977.4430394330288,23.825332853990275,67.76799660829177,68.19329742304984,30.900622174274666,24.81644928835287,4.482498427044337,4.42028493880191,bundled_calibration_sample
Rice,1674.2817111815295,27.636894160248723,78.27811639223384,41.89742576645951,33.7424371552921,40.20107085623882,7.674185266417753,4.2943159328441975,bundled_calibration_sample
Rice,1169.4509981441581,25.38031386206731,98.0,92.46364672805909,37.25309926287875,50.64188392193279,5.654577147662981,4.303341793160946,bundled_calibration_sample
Rice,1183.086372071105,25.33614466313193,59.21192197382959,67.60355717957938,44.760326899268605,40.501018047993455,7.382319903590813,4.342785562770271,bundled_calibration_sample
Rice,1945.0521282715572,28.335863647417458,77.96278128222112,59.13856713477055,29.09042645267443,22.833157873703573,5.031796221587593,4.048315648598469,bundled_calibration_sample
Rice,2199.3047162215303,22.82641228639144,71.78603946771261,101.7220092145233,31.394356261784665,39.38771526112526,5.8757535003723875,4.6869545384432385,bundled_calibration_sample
Rice,1197.3407354378307,27.133557627950612,62.141065072903345,76.02534812510062,35.70296334436978,33.43594258248133,4.809516903896215,4.748776085067891,bundled_calibration_sample
Rice,875.2074441663752,29.52385942769827,76.54132771389096,91.25804002575921,31.464227897594203,33.043437097107365,5.153899474528642,4.597767006429011,bundled_calibration_sample
Rice,1733.1346086428819,26.066508420686645,70.85328012469533,112.62609163140351,67.12774219561766,17.8585998171166,4.739246362006405,4.083040596406481,bundled_calibration_sample
Rice,1606.4780108305492,28.99716530471828,79.60750577461997,60.13068057136479,56.62471664173335,25.603948129835384,6.129146744426884,3.9923557183216554,bundled_calibration_sample
Rice,1909.4880631266872,25.135233667805583,89.82195610257868,70.91338280289455,37.62536057025492,28.380516603994696,6.517974449176197,4.5091107627914715,bundled_calibration_sample
Rice,1899.6303280639488,24.643255432866482,71.01544280427102,91.92428358424654,21.668068034128662,30.81667853875527,5.987418323207574,4.1869910664346595,bundled_calibration_sample
Rice,1579.1925914969638,27.93612992981708,79.97677094062702,55.23765095009723,42.219861426644904,57.392668255928015,5.52273322643196,4.586678762407183,bundled_calibration_sample
Rice,2817.2250235313454,19.95982501238525,67.63323078807616,53.352070250188504,34.20947774467512,51.952320100230814,5.9486598899503225,4.347640536231386,bundled_calibration_sample
Rice,1719.4313443714989,29.532631819262924,66.6010226650371,93.13596456435711,35.34939649033616,52.09960037616802,6.710998980909914,4.742632766820443,bundled_calibration_sample
Rice,233.63693716642115,31.8989624503526,79.78839521519932,128.40512917301473,32.41624550517634,54.36664619347415,5.673089764888288,3.7289434586256514,bundled_calibration_sample
Rice,1973.9482027947627,32.71081452947773,70.26771099504276,46.61191806961649,43.849946843885654,17.98900854270201,7.106211013638936,4.054289971284008,bundled_calibration_sample
Rice,1790.9128994781352,33.26278544657337,64.9028330844529,82.89456920053804,32.12702179216415,44.993838619326,6.002909018484274,4.455794236343329,bundled_calibration_sample
Rice,2372.867580929432,21.34862440497111,75.52580988690664,52.6190084346283,19.214083800610265,39.14436875405345,5.986227602161255,4.328206362065469,bundled_calibration_sample
Rice,1485.672662850901,28.33197039938578,86.83897810075682,112.03149957305135,38.65025824898419,34.50695048376161,8.659729413889398,4.358164402406852,bundled_calibration_sample
Rice,2301.5222933427603,25.202543422195383,72.00696159393871,90.64639776335099,39.141616998932356,45.65373622659618,5.2274312832532575,4.784877233902927,bundled_calibration_sample
Rice,1922.4389516286071,32.434262638156405,80.98565700731761,106.24569172695195,40.82647716119944,49.920793558743284,4.010502047550944,4.135614262566511,bundled_calibration_sample
Rice,2027.9185076049025,22.336737891829365,74.17978790904803,78.61291114896987,44.99547067825407,46.52050993474821,5.268112540040234,4.630064971175088,bundled_calibration_sample
Rice,2698.3572198777683,29.288597333585138,80.06460454956284,85.5352637476058,7.7469380573407705,32.593605461681165,5.1613758693048775,4.030943859314847,bundled_calibration_sample
Rice,1589.7719308484604,30.813367725279967,79.3571345635794,61.266097057864485,17.954518428379558,38.79675896232814,6.3365905138128165,4.566656100242055,bundled_calibration_sample
Rice,1595.4736364737737,27.211381706666884,78.93873618605531,104.00406816589212,20.820460833433106,38.37411541051189,6.008815306752796,4.213143562924179,bundled_calibration_sample
Rice,1892.9942623411505,27.943502998405176,65.76845547118124,79.76563937592454,30.294869970571575,17.54923713255893,6.520916966168615,4.145003564102609,bundled_calibration_sample
Rice,1993.0579060070606,35.212977109584344,76.44211854146128,78.51875343437052,45.51567019640822,28.94811379945159,6.441955858001117,4.561529069537304,bundled_calibration_sample
Rice,1287.1827372702546,23.996777692985482,73.9657654192404,89.25868587935231,40.638098014792014,51.33668208896392,7.535227073117916,4.1876976795603955,bundled_calibration_sample
Rice,1395.1763107890035,33.97449777550159,64.22628403914281,86.59135451087838,32.469003780775076,41.883528996750236,5.87834213366803,4.617819600460562,bundled_calibration_sample
Rice,1998.767817810322,24.534255872895322,90.20127679554606,88.29843091778413,47.873216414547024,43.99018227228329,6.234589222029107,4.776380754178468,bundled_calibration_sample
Rice,2176.330547124905,33.209904043886716,78.0613512155532,101.40201058270613,26.221744648710906,48.50391299216128,6.018603542479342,4.089841098761067,bundled_calibration_sample
Rice,1692.3945805657074,30.050051761242052,81.61960654030007,44.33757867111936,37.08224465640597,47.33469094206994,7.65853439075297,4.563451687685599,bundled_calibration_sample
Rice,789.4804764816721,28.72151985214042,65.57122327122433,71.86165193578081,52.90318862442145,32.11264295787082,5.070339953806161,4.315519938292489,bundled_calibration_sample
Rice,1963.212958576245,31.04332332914793,79.19554327938931,81.58661528652367,35.62332640320127,55.694315206784424,7.752566929317735,4.488529215883729,bundled_calibration_sample
Rice,1712.7768758886834,38.37349131203804,74.9317425804088,102.03405654962535,37.557569084543275,63.435994997943425,6.993349493767903,4.406743406564826,bundled_calibration_sample
Rice,3545.0236299438175,32.431823647915245,78.77198545384643,87.03118149972246,28.54440350666008,53.14663257842176,7.596314275975093,3.8099577585469233,bundled_calibration_sample
Rice,817.4587459277134,22.186077185238904,64.8529822807614,26.337897547415807,59.56653983402195,43.504489620112246,5.398711540719948,4.387627178521543,bundled_calibration_sample
Rice,1074.2654932721298,26.077182017791994,86.48064548166332,101.93381244286054,29.910285658733777,34.61071974137571,8.312650124724819,3.912563103998954,bundled_calibration_sample
Rice,2366.846588499664,28.29404957654755,82.12546666568802,79.84340507299625,47.46866922770079,35.7645519806193,5.96936541087123,4.343339817059559,bundled_calibration_sample
Rice,1486.5703921799964,19.58030841828378,80.03605283198243,113.70503969551386,42.33507558570373,59.16703006160219,5.383793572685813,4.421122590834161,bundled_calibration_sample
Rice,1261.1914362367063,34.25565029638289,55.08517242249931,123.56805328793901,35.31850923688482,43.603358899683094,4.595517770418217,4.1083081707579145,bundled_calibration_sample
Rice,1968.3983653720736,29.69988730260134,92.14044613402424,115.92735137589402,35.467284683471135,55.44895229466118,5.528509272118829,4.391470014223435,bundled_calibration_sample
Rice,3083.640484633897,34.08946813494356,67.24470773987298,113.65476279602531,44.953392922545355,49.7749099309146,6.1874639141712136,4.317113040247879,bundled_calibration_sample
Rice,2391.4733968572464,32.45095386282077,98.0,16.082394709117246,65.90142608070505,43.20605334877131,5.352551946657041,4.007436496729925,bundled_calibration_sample
Rice,1718.260424440328,36.84170358651267,62.28738378304579,112.50504342406586,46.49716805909685,37.269856837682084,6.197248229326383,4.485969763743545,bundled_calibration_sample
Rice,1872.0695736773719,38.882548392591005,85.47259351093975,114.13231738854208,50.639850340580715,22.85821805036487,7.520622692579767,3.923343083410113,bundled_calibration_sample
Rice,837.7950730773696,27.72231177872505,82.69346957774965,88.14707836804423,40.50446012132108,40.40693835519465,6.589149611688733,4.532684608380545,bundled_calibration_sample
Rice,1585.8485415272396,17.934231977375745,83.89661108358554,56.725948150428906,51.10639847148797,51.756059639459046,5.350397024222604,4.413487508825129,bundled_calibration_sample
Rice,2137.580501037932,24.587952149555278,62.36434082795866,88.54680368101907,46.0568989166287,31.178747483902775,6.171475955961169,4.388626521143327,bundled_calibration_sample
Rice,1963.5816049890136,27.549041840882516,79.76218819422162,76.360913851769,23.99373734234133,44.538657393863105,6.7144914649743175,4.528006566598106,bundled_calibration_sample
Rice,1599.4858003322563,24.667930239678338,67.32991499233616,91.83732173934803,53.683547883051205,63.13668513213858,7.969280307877302,3.857189330061299,bundled_calibration_sample
Rice,2061.0260937080507,29.547796413972947,80.80554178129618,72.75940829735661,19.60626924099055,39.003230589006094,7.20720257012809,4.2362819579555415,bundled_calibration_sample
Rice,2211.3759120614127,32.759886652815375,79.07611104626169,67.51028677410422,31.327145386578508,50.373202093107764,6.259553639298381,4.310782062410802,bundled_calibration_sample
Rice,1344.7262433832254,23.574611959023848,75.72428878818592,90.14755531385288,49.344576121942154,61.467069445638266,6.182307216213441,4.211101930763291,bundled_calibration_sample
Rice,2290.787359090339,24.441676827837313,82.09964179907197,70.51157645990516,32.128127948238834,37.75981114158891,5.805260536186619,4.7934605372920425,bundled_calibration_sample
Rice,1327.7768312560238,31.051944325939907,74.04795613908085,83.01105835619339,50.01064163585539,59.798649703932895,6.936320016141688,4.477773373241767,bundled_calibration_sample
Rice,2109.6218319239606,31.025907303604452,79.80174439221719,62.48388508588633,26.25885202840423,31.31269687649553,4.0,4.365334043027829,bundled_calibration_sample
Rice,1997.373291161425,24.364355128065817,55.02334763850529,27.771164756925486,44.16566012914375,34.86624662745966,5.626681468255605,4.502837899754063,bundled_calibration_sample
Rice,1784.352305708381,26.99142941515248,63.255668109724915,53.09082287536022,32.16698660226435,24.00195542180114,7.2226226792203345,4.038980388451872,bundled_calibration_sample
Rice,1765.8572811580568,25.63649775320073,98.0,84.77501606113275,33.79517770279857,6.168239264421835,5.779544809757687,4.1090417512900155,bundled_calibration_sample
Rice,2537.11513881104,33.39378006378584,74.75414994720472,62.92540461485919,64.02622295070687,24.922309538735192,6.327113184944641,3.9391796666416976,bundled_calibration_sample
Rice,1312.3924141870305,30.498776793604428,71.22508121151321,29.73499105591324,46.76405685427784,44.07029258058721,6.599595233809704,4.340013589314758,bundled_calibration_sample
Rice,974.6724190410628,24.52347400213312,80.10745390051132,107.35003176889354,41.59580585915984,9.710631689142364,6.66765456257451,4.469486171266373,bundled_calibration_sample
Rice,1507.118922075097,27.320028044399017,72.15941358832711,65.35239782555067,50.943094875258744,29.050209863997438,7.013795511821971,4.4613618954310015,bundled_calibration_sample
Rice,2190.654740301103,30.997316932556558,76.90960039543398,107.55247291569933,38.75203517218076,36.623043383283445,6.711762605003008,4.756807969901674,bundled_calibration_sample
Rice,1544.2974758018129,30.465620884677374,74.3865992734085,84.1300478362384,38.440006747918304,44.468922160595035,4.108819689901009,4.2955793909848765,bundled_calibration_sample
Rice,1308.4053988027667,22.08084489754463,75.82869552595918,109.86336863093621,62.99617567057743,65.88190953674996,7.38097114728472,3.922501842132555,bundled_calibration_sample
Rice,1957.1214271459846,25.29615295700054,62.27246362016464,86.70703251417861,48.159208925828615,49.42952301349305,6.604218756458401,4.647009770140808,bundled_calibration_sample
Rice,912.5210903917407,32.783633761908874,60.98076799856134,78.55693410272296,34.29784426658912,54.11027209002563,5.507983557907909,4.236200165077042,bundled_calibration_sample
Rice,2446.7202154269407,21.649032833633655,81.56506126737168,104.27252107525652,18.85579317229946,40.04526736830864,6.099436368744682,4.595896718102855,bundled_calibration_sample
Rice,2379.3919633962346,27.135921382595,67.16712832312109,52.816452406047475,35.65942119103406,35.05094864743358,6.443981695286899,4.170382773056052,bundled_calibration_sample
Rice,1217.4796422298496,31.703565945318864,84.0630397280446,59.700022387629716,33.834316225497055,54.03639725913814,7.525556656986703,4.423937389863471,bundled_calibration_sample
Rice,2784.7373302074902,26.82084204325705,67.25306076747142,89.9829266872639,10.224197595524451,25.469069937082093,5.62099904017355,4.311956408240824,bundled_calibration_sample
Rice,1234.4699451686815,23.381601920880758,73.74762124364851,124.21585551406119,42.800270034814204,40.18857182784952,6.856025608504402,4.6963097949056705,bundled_calibration_sample
Rice,1674.2552091287935,24.87059995756333,63.9474197981484,81.03787375267,43.70756350850078,29.719192622934138,6.6397829471148055,4.849277242946266,bundled_calibration_sample
Rice,1376.4768702189294,24.849323803467442,68.2591273667886,79.6395180460041,54.351629175717626,29.457087606928894,6.544932218075448,4.37677451020579,bundled_calibration_sample
Rice,796.2665585641203,31.679091333220665,82.31943989076345,37.99954783530541,26.995748427954986,53.13073388766327,5.153752184086185,4.215424093081324,bundled_calibration_sample
Rice,1668.2316920233864,29.752293730218028,98.0,47.70032500636541,20.328992455716858,38.58842397014149,6.978778285615041,4.431833576922922,bundled_calibration_sample
Rice,2646.032877125731,27.33948362238047,80.54268643343335,25.359845690161023,47.866257529280915,18.334395138745556,6.174870333861881,4.123110702301368,bundled_calibration_sample
Rice,1290.886202291595,23.09016202602905,72.32808380409381,99.83807233444412,39.842253035752734,28.934885859267972,4.793751204411242,4.149936837977537,bundled_calibration_sample
Rice,2026.6996336561692,26.69710031129969,62.1693075233762,118.32223542571023,42.73539308018721,55.59394172955123,6.498634559502892,4.482271101546232,bundled_calibration_sample
Rice,2458.3508959173364,24.823397593007314,55.31057818895306,108.23186401648431,17.952914636396947,42.432473114262606,5.92542321586256,4.012602729109761,bundled_calibration_sample
Rice,1984.5240322779582,27.620743440560844,93.51335270844484,63.77393516685787,35.05242266944356,29.534996100346355,6.043310203112306,4.154354662718117,bundled_calibration_sample
Rice,1171.7828646233047,33.00344269698532,68.69251580994585,70.27347184433113,48.675396729560205,33.17224414528932,7.385566326857971,4.390996340442389,bundled_calibration_sample
Rice,2820.3191257669937,31.394621711725474,64.9509986612078,76.62603489873524,51.585544688233966,30.345020766820966,6.303317391316347,4.598590722520706,bundled_calibration_sample
Rice,1396.7887152111214,30.188018316662173,93.87415438364458,91.12710575029658,46.502927372702935,26.015872769507503,6.549270978742172,4.625355828808736,bundled_calibration_sample
Rice,2149.646867159353,24.76909687049837,77.34365353462836,36.552675671830315,21.979811286794494,41.409009584898925,5.687618158585678,4.078614774753479,bundled_calibration_sample
Rice,1713.2272065499003,27.720779553875676,72.45738082724992,101.30638790763969,58.98227191793215,18.3084482947403,7.406106509481923,3.8444856246082004,bundled_calibration_sample
Rice,1813.3498846397479,23.907146780842915,65.47833803552462,117.86378553814477,37.36224060636288,42.375556844513184,4.21097050268412,4.106478643541912,bundled_calibration_sample
Rice,1682.9457835478906,28.46264197579407,66.53805816053134,94.03340484444931,57.91152186961339,33.22627946992735,7.428993724796383,4.397029127177633,bundled_calibration_sample
Rice,1441.8946265819702,26.87275726213091,79.44484202280202,102.79825780166735,51.88071965860725,60.6839774436402,5.166903513213062,4.122525450521089,bundled_calibration_sample
Rice,1516.6829455633815,33.99227209472408,67.38492165792309,144.12109140747594,12.782438455103271,24.84000542363816,5.565869266398546,3.8451095269362017,bundled_calibration_sample
Rice,2774.462355877025,31.524063216217193,97.97616809027096,67.20904264991853,42.7889917188314,60.44127596518737,6.743455479385341,3.9873349545035426,bundled_calibration_sample
Rice,1674.0054727629652,22.89998959194134,79.750382168928,75.8668471717803,37.13519692800308,47.02442679949992,6.700975190134722,4.600727643093868,bundled_calibration_sample
Rice,1443.205118987267,39.85222343193156,84.9211325148,48.28258237663384,59.432917299044036,42.42292123325413,5.357463501588818,4.055361678788506,bundled_calibration_sample
Rice,1226.1054164663378,31.30374854928648,69.19512885872432,67.8075039116548,23.00270049784299,34.05117340212914,6.077575207574311,4.499123083603203,bundled_calibration_sample
Rice,2546.255623879064,27.344200077791786,88.80504044700014,116.61947377090777,56.11668601008687,52.487478795049356,7.03064456873075,3.9676722466103316,bundled_calibration_sample
Rice,1953.775562008053,29.195234103879727,77.159179425835,77.45921415329619,55.52571844953586,45.96726249253495,6.531827106639216,4.3370590521144425,bundled_calibration_sample
Rice,2598.066179786312,32.3603497309331,77.92774253282094,137.4519463553611,39.5402232917824,40.828868750522,6.513247668598535,4.466186189159196,bundled_calibration_sample
Rice,2652.4105782947972,23.972595927808513,72.17600747093047,105.87216957426934,48.218918143320046,39.021897791826916,5.583057524493024,4.277568371299992,bundled_calibration_sample
Rice,1490.1952229479484,29.35744383761698,98.0,107.41444837904733,46.42278635219608,44.65465581793797,5.732383717755098,4.05245872567272,bundled_calibration_sample
Rice,1491.5079866615908,34.68341314288467,68.58631024207214,115.677788908645,52.12304951426208,63.98801254240277,7.270475677190326,4.149584058603543,bundled_calibration_sample
Rice,2066.827133386084,29.72998218807872,83.42286200772556,93.6172748160987,44.08435714803634,36.090241667926584,4.917162959497567,4.7309774941599585,bundled_calibration_sample
Rice,1986.1686076097697,31.545662613342103,82.89778912302805,42.402892394914694,56.42355108461232,45.71130324372152,5.843029545950955,4.451866297995186,bundled_calibration_sample
Rice,965.5563405736484,32.49363873914599,85.26690626704179,102.0361771785061,47.1563189942037,51.182430248995864,7.8726229239567775,4.256255655343255,bundled_calibration_sample
Rice,2026.9063491845554,22.5250048603481,79.17312534209002,76.0960372221679,42.40228866781849,30.21657806137249,6.745606126311106,4.857506578733331,bundled_calibration_sample
Rice,752.4589701449355,33.88788206704861,91.7926042962128,97.16935787153555,49.55600390315172,42.839697289561556,6.655961281423737,4.275146956194649,bundled_calibration_sample
Rice,1508.383063863229,22.453513995687867,76.4699526579737,15.130249959821683,25.9612180283044,34.38606715303081,4.905309243337981,4.150576776338847,bundled_calibration_sample
Rice,1296.3114870996424,27.475051786850106,70.65466201963008,63.5479982757864,29.119223007531524,55.84951003855929,5.665509175795961,4.267059022856042,bundled_calibration_sample
Rice,2136.7221389178276,23.839060613706536,78.40691621222128,70.71366757806555,34.13683572921295,54.55640214491262,5.97843590293143,4.670513576791319,bundled_calibration_sample
Rice,844.0623800816248,31.98175191753066,80.37773518132137,147.7304301265782,48.63506090735574,42.82675359882699,6.127323704352734,4.268361305398298,bundled_calibration_sample
Rice,1407.48883178382,29.604926805367086,57.266304635913784,32.20632527789121,48.081432731898566,33.9177628207925,6.383841471782378,4.264524162767937,bundled_calibration_sample
Rice,1843.5544465887826,26.980407604324554,71.10120479403082,97.1001034428391,45.58805174815082,40.005958842474215,5.086454166192981,4.621944884491076,bundled_calibration_sample
Rice,1393.8856465514173,25.773453358886275,68.06536418249054,50.286884732819544,12.372840696649021,37.20566738301026,5.97005470737447,4.064547652300448,bundled_calibration_sample
Rice,1894.1427352003122,23.27853712929496,78.6898001286568,60.19303025974396,28.81548275947371,23.05054109620465,5.305797009454714,4.071999792271811,bundled_calibration_sample
Rice,1773.6219384616993,25.285551646856945,64.57530568125135,100.74484300315177,37.64270612796329,20.26953019804647,7.327626608589634,4.021283132292281,bundled_calibration_sample
Rice,1627.8523601836632,29.0850695913139,79.8150563932531,39.94767983033838,53.76166953874477,50.94893505182905,5.7222892138801384,4.049040649884035,bundled_calibration_sample
Rice,2265.59329246037,26.371269957249023,57.85605902595535,77.46733690802607,34.01998081321314,14.86710028072249,6.390571668812968,4.538763838276523,bundled_calibration_sample
Rice,2416.9299308328164,22.39739267505107,65.71085044388659,91.48247480883437,46.62447252948436,38.129023681065505,4.8277925064732825,4.517610255810634,bundled_calibration_sample
Rice,1573.391217209159,27.770212195272457,92.90033514250081,49.6703270115794,41.63256526317272,47.03359232587354,5.365467660075552,4.4617042088726775,bundled_calibration_sample
Rice,1580.7756696001557,27.75391157459711,69.69305268570541,102.53932952345697,51.225589677200844,29.810724047236654,5.135112268347124,4.290397387067521,bundled_calibration_sample
Rice,3007.886427431145,26.90244485306769,75.63347143735086,146.18406196829642,32.295391267940204,33.449621380242505,5.3303980038354934,4.014995854952815,bundled_calibration_sample
Rice,1839.0444672821566,26.029159253643734,58.883264033409866,117.94205477086322,52.9404526181085,24.498512252152572,5.6048623303033285,4.446033206366771,bundled_calibration_sample
Rice,1493.2356788247903,26.096996263362097,68.99240012124423,58.445336674940634,55.795608065634426,58.42216289454615,5.510404807260401,4.5030718959262845,bundled_calibration_sample
Rice,1653.350599918437,22.089689636314283,74.61586920153593,91.38921254119072,31.22541943253629,51.72683041903244,5.817267275840352,4.472741162155034,bundled_calibration_sample
Rice,1455.2960867518875,24.536621885877512,74.73788947916097,68.89114354686643,64.1858049575863,45.5766185994417,4.388174890976901,3.925238110520131,bundled_calibration_sample
Rice,1102.7212627243339,31.496549156353936,87.02452989100281,120.54322986489119,45.5845602533641,48.91524684368972,6.433150661273734,4.187379348027936,bundled_calibration_sample
Rice,2214.9571548340946,23.0215802236118,70.22242268860343,125.99153095141094,44.73302664451869,60.60254829334971,7.34980442490369,4.261303924508025,bundled_calibration_sample
Rice,2438.666162014424,32.17786864815052,62.38709658461525,72.91870053273844,44.90302839592583,17.607676514446993,5.426555507024463,4.2499954062987495,bundled_calibration_sample
Rice,1083.4797013155035,20.46226015080256,55.55855713713032,101.91252096056763,38.32270895934773,38.04201097918355,7.366483930612747,4.2061204070301725,bundled_calibration_sample
Rice,1720.3771932141956,23.138220685430976,62.786797693083344,44.89446215947616,56.977693922081116,29.44673935551357,7.0833160721314865,4.300203635701953,bundled_calibration_sample
Rice,1773.004513787109,23.172585392464754,60.94655303621831,100.8335841488461,37.622718119207505,48.54002293215032,5.120914091897173,4.283664045964864,bundled_calibration_sample
Rice,2525.370616916783,30.124825218765395,85.87282743630664,98.88250917505914,33.665681762121324,37.647370451888285,5.363061666551618,4.559538335100449,bundled_calibration_sample
Rice,1733.9079105146864,31.438545308028125,73.51761665688656,92.85261217637962,49.292270658604906,68.20687289175615,5.5283595110422405,4.311453128799914,bundled_calibration_sample
Rice,2165.6047328193167,25.655220538439192,64.92317189920126,69.37127741359252,42.37573081901359,29.05926428274997,5.290101866445027,4.331623981700697,bundled_calibration_sample
Rice,1836.4655868366272,29.320270965816526,64.42760452532701,69.0593842967229,38.70355259183858,41.596017789506526,5.9718695836831746,4.507542792973185,bundled_calibration_sample
Rice,2138.4398737929414,26.271079556401492,80.4949933670682,48.52398783210491,63.84186769119741,39.49525110706906,6.017235207181783,4.571616057867877,bundled_calibration_sample
Rice,2596.2425244677343,28.315674425714942,54.16925758532934,53.05411658015615,28.316031830398373,58.74747050357821,6.6094962432454585,4.030780537592714,bundled_calibration_sample
Rice,1529.4680499217293,35.98781046322491,62.61913878453431,100.97287892626707,34.229065725459705,67.57956409605822,5.210706558288286,4.362372697928244,bundled_calibration_sample
Rice,1023.8894303175321,32.8942721217182,72.12235394892338,93.43689019044845,35.00705377221492,8.97175697390891,6.084383462097901,4.057090038518222,bundled_calibration_sample
Rice,1629.063762342362,32.592972016682296,71.56138959564375,80.43376808924823,29.412333110362084,20.64467687266079,6.308795582786393,4.611483256276257,bundled_calibration_sample
Rice,1512.680287870973,28.824650473092156,59.55676794900113,123.7379741120076,36.70848041168754,21.640183240854125,5.6925195775899,4.387414485238037,bundled_calibration_sample
Rice,674.3521954253622,30.420783714151053,84.30430676867131,89.54396967638695,61.45006916307301,47.61125188322845,5.823416267057223,4.292190553815673,bundled_calibration_sample
Rice,1384.9139151870904,26.747542122264996,74.45100371474655,61.35827371487599,30.04709631520197,59.0385176707705,6.831241696971728,4.322699696601751,bundled_calibration_sample
Rice,1840.316536199934,24.63946740109825,64.01127370388245,46.04339962986494,38.490627181441056,35.26550885178655,6.0417480549517215,4.727450315930016,bundled_calibration_sample
Rice,2537.552250260897,32.176426353584986,73.62421456375046,82.63218957605604,26.328648637239805,25.12087518339302,6.338888080607477,4.36393603232319,bundled_calibration_sample
Rice,2263.1996126931963,25.966354822779355,73.84702738615695,108.94227880488404,8.837762728354459,30.79250586886362,4.837360507162179,3.8900140727716965,bundled_calibration_sample
Rice,1192.7957999934513,20.36318537338557,79.60231853051465,36.292395454374756,62.373332300600694,24.622441941532543,4.695947313144156,3.748290376347102,bundled_calibration_sample
Rice,1510.6125782195277,33.17205714283061,75.43432101327564,65.64762744068743,32.836880365522845,60.01812997146692,4.0193390629612935,4.371051524522197,bundled_calibration_sample
Rice,1422.992702401011,31.292463150750105,67.56213251292743,89.59752896515958,47.66282408260097,44.271875175173584,5.200714685011159,4.326291762552491,bundled_calibration_sample
Rice,1427.171528429462,30.30533772573851,56.015762984903446,32.234889742377796,54.22750327915428,39.49140413010254,7.159717800323061,4.238450721576295,bundled_calibration_sample
Rice,1696.2146863390903,29.38758534303731,88.37874951311173,57.1269601737946,40.92246132502089,52.943464982304235,6.7816304699319465,4.189806150095268,bundled_calibration_sample
Rice,2350.159789983306,21.974240265588172,60.06081649187893,105.51703679879438,31.859889929561533,32.70058493575664,5.6201422000828,4.458950340683198,bundled_calibration_sample
Rice,1252.6408643927352,26.536234704019627,70.6333908993684,99.23699313924035,40.29210359477506,43.737835904451124,6.812258269843118,4.519906841943598,bundled_calibration_sample
Rice,2670.414868020857,29.1062713614152,70.37668233759106,27.800824038145798,28.26095134015583,42.79113368190364,5.816055176069707,4.114480599620621,bundled_calibration_sample
Rice,1414.1001183497149,27.238366841061325,59.64645646954237,88.87445408510847,34.54717536488196,30.288010056614834,4.998345790128589,4.735888129020245,bundled_calibration_sample
Rice,1642.9503016837173,29.34837957394956,76.86658274322113,83.55679316957303,56.58022250479574,43.29197203400913,6.992449302941236,4.417213373589268,bundled_calibration_sample
Rice,702.8690108036903,23.520911451989377,62.89207736084289,108.93627002000994,39.884381050492784,41.92596416746515,5.664937781391491,4.275170054000823,bundled_calibration_sample
Rice,1212.806953051302,28.86577788004964,58.57869854424468,107.67568775487231,27.15755441044881,39.15864036157684,5.760750618855862,4.396458022802961,bundled_calibration_sample
Rice,1172.9792943508687,21.640509209638395,79.8955176261791,95.51704545307982,53.279077576827284,32.4119944561883,4.913289421493984,4.647327465562183,bundled_calibration_sample
Rice,1868.7337124003361,22.57662132517278,52.48390724944874,50.687628718382754,34.31863217597368,46.9743932457789,5.914687279135989,4.304539074439531,bundled_calibration_sample
Rice,2255.2563204081334,29.41897130627267,81.69307439878979,100.27790873553845,33.36055062862306,26.159802643680855,6.1519384792366,4.104221092833697,bundled_calibration_sample
Rice,1868.8775281595078,31.373394265936657,73.90173528659021,50.22669976308592,51.65615226300523,18.685742378903427,5.707742126860228,4.062280986318372,bundled_calibration_sample
Rice,1411.313624542629,27.347203843003527,69.4664828701622,52.24393843300213,20.031270318304138,27.629931938302963,5.341316025761134,4.4592493363422605,bundled_calibration_sample
Rice,1692.1160386559866,24.43619068214833,74.02277432148267,58.15481648369878,22.68247366148481,41.95482735028978,6.654042056489025,4.388081299860573,bundled_calibration_sample
Rice,1970.342077701611,29.770844508563343,87.96432056528438,83.94322241451793,47.99452399377132,26.812897050511516,6.561759705704881,4.222528781093584,bundled_calibration_sample
Rice,2439.9961833724497,28.863620624080713,93.48217364200413,51.16909997959481,31.272576882394024,41.16863097133579,5.821112644685387,4.191307478606995,bundled_calibration_sample
Rice,1810.7490476833786,27.291472094979774,87.82940723596052,99.11450022646642,55.298653473747436,56.17869615849354,6.29363906797473,4.007465882679161,bundled_calibration_sample
Rice,1931.0828887068853,27.874492630089808,81.41810376348887,71.01840539881827,37.7138371468547,39.03439548433996,7.097247235917594,4.7437397271983075,bundled_calibration_sample
Rice,1504.9552439838867,25.334556571308283,84.56178118835085,131.39832392044332,38.83269170459338,51.540206652502576,6.4707037345427105,4.361445102738658,bundled_calibration_sample
Rice,2692.7172016150435,29.968972928048498,56.83448289958698,114.1953720739057,38.12822821596194,60.458705114237546,6.511854531591988,4.099399180926825,bundled_calibration_sample
Rice,1020.5460711696697,29.479081068012544,76.27320329821681,93.36189436656288,45.426601525794,49.6370041910384,6.822251303404202,4.425426109830847,bundled_calibration_sample
Rice,1228.5312559885629,29.019574930322737,78.70604992979203,85.34051912607521,61.73396439389953,45.44031076563681,4.853101179327821,4.361815680873256,bundled_calibration_sample
Rice,2233.680019176115,30.96559903099273,84.47622650306722,105.54590769523236,15.88406859151048,42.88351972179994,6.834484902720733,4.299618370134501,bundled_calibration_sample
Rice,934.9776992410368,27.214612476808114,77.21103050738508,76.5571584399192,47.29325934502769,18.61054702555394,5.404068045654312,4.293948203433049,bundled_calibration_sample
Rice,955.4903832848097,24.647946579248682,76.141358200943,91.21897100182477,43.95384464682014,30.783785504016695,4.705856096058619,4.655396476678755,bundled_calibration_sample
Rice,1809.354106962375,26.369492410548304,95.41797179458189,88.99807801628744,34.26412057508087,18.14610262190669,5.54338998169657,4.338068183289607,bundled_calibration_sample
Rice,1800.565888304321,28.311259771247176,66.21563963898357,70.23036282303352,51.11494953543001,50.46894063828917,4.942025519093232,4.261662110547495,bundled_calibration_sample
Rice,2433.9364509218635,30.469965030372215,66.53927759262324,95.36361098615723,30.93367363199465,20.541194649844904,5.551920908738799,4.271301056867057,bundled_calibration_sample
Rice,1887.8506102287502,23.691528933886904,66.10307193818133,79.48001702278516,50.95157293334364,28.81729680442448,6.778144428732702,4.616375210484752,bundled_calibration_sample
Rice,2489.1680146288836,31.453702589928014,63.17291731636724,52.1546983360505,37.61871590997567,32.77763057088796,5.987450979697372,4.278802442665373,bundled_calibration_sample
Rice,1329.7478001000352,30.041761467108515,60.02564353507708,75.93576887233692,32.699955847618604,41.285889021460925,5.59437290664939,4.329600293063324,bundled_calibration_sample
Rice,1737.037928871916,33.35453731655336,93.41450898678909,83.67987378201775,40.92252877053592,45.146414262841496,5.719147306192274,4.277205415282931,bundled_calibration_sample
Rice,520.8068654009435,35.363136201588134,65.66377185826323,71.74915655199266,23.23196252640584,62.347315816910736,5.3309842997449515,4.1479884557903,bundled_calibration_sample
Rice,1396.770647601028,25.609631240451023,77.5614726313296,41.47546377327291,39.24923133260519,43.26171498360947,5.162631473130104,4.521746855713811,bundled_calibration_sample
Rice,1338.2216312651274,27.72345624212237,76.33965257543892,80.04139266798633,40.30613465433965,63.84392646870346,6.199143799012937,4.624451357052005,bundled_calibration_sample
Rice,3365.213821334428,25.6758980096296,83.15501026636196,64.08157354505853,39.60396949228486,35.189983882413486,5.130324948112359,4.075436112279587,bundled_calibration_sample
Rice,1519.3452671938107,35.0570392665454,83.12179242411779,100.05141978380615,37.64545571032095,33.39188652778701,5.604492048360057,4.736397853074982,bundled_calibration_sample
Rice,1517.6779775457726,25.337477996090584,71.40169042349257,86.69221957304597,49.599891671807654,44.69441267151079,5.6673751274633775,4.801570415629646,bundled_calibration_sample
Rice,2216.4286609904107,18.904768073438312,88.30267863399135,44.87589114856722,31.06643144158147,56.10056833424322,4.9197020303722185,4.287697698395232,bundled_calibration_sample
Rice,1594.7213127421114,28.459559768068655,49.022330851342595,87.27440095801822,37.423086884873015,38.43582633120629,5.097518774227037,4.228574348140517,bundled_calibration_sample
Rice,2486.1109886773256,30.241138711969786,90.32264584175522,82.80464803771359,51.06148711629109,54.830708404540744,5.953978537177188,4.109995201087916,bundled_calibration_sample
Rice,1560.1312550385398,29.432196905685515,68.2988400898498,101.13732409958642,42.198393163777865,35.408903559858935,7.048527735300856,4.784025696472199,bundled_calibration_sample
Rice,1223.3477917146702,28.52645257348228,81.35996618000884,116.68794722220454,33.67023765642995,52.7026964829919,5.590112537609608,4.130261183556632,bundled_calibration_sample
Rice,1390.6550698796868,27.287142360796654,54.37524907158647,96.60263881681581,40.03400961442151,57.77214363343909,6.1516906134843445,4.141572143454187,bundled_calibration_sample
Rice,2754.3447293472705,33.36432033208428,68.23472761478823,47.1444028259248,25.730748578569255,36.36535752152631,4.892617901088182,4.2392148708401205,bundled_calibration_sample
Rice,1706.8410215856131,24.7533579446815,66.83329462735162,74.98667368421762,50.09602938339303,29.080769752786146,7.783432482545357,4.583595905406292,bundled_calibration_sample
Rice,2149.3843358582517,26.431678683720353,77.33308168676899,123.24782978349599,47.654601958496166,24.179192165252886,7.084499783886264,4.214171966051723,bundled_calibration_sample
Rice,1846.5670676693262,23.40860762610071,84.61857185493659,142.43597738541686,35.459733434149534,26.53372020328689,7.0470938732899056,4.287905906465013,bundled_calibration_sample
Rice,2141.0816198773127,28.196028775827322,67.09641562093587,64.92634732192444,33.5401323822037,31.017167707681985,5.636785575681287,4.444812128602495,bundled_calibration_sample
Rice,1624.007026909874,25.221495975275825,68.64955464754392,80.13603490500773,36.23527303459514,28.234367102477748,5.422433603868628,4.765437465559109,bundled_calibration_sample
Rice,1683.5550974435746,30.376594445802706,84.07547916466343,81.57670278453297,45.81855767327449,38.826421499349536,6.807395820518487,4.578442097299136,bundled_calibration_sample
Rice,2164.754316971606,26.420058839276148,78.89737306385952,76.30078026222901,42.734528424518615,32.5034815043827,6.4624535866544,4.576895390110823,bundled_calibration_sample
Rice,2858.672495652097,27.79166517052813,58.80500935392544,84.76110010194118,29.4537101960117,24.667434069339528,5.856938033861857,4.229096574265992,bundled_calibration_sample
Rice,1468.999418624664,27.506856356555577,71.65826164321778,53.182785365027556,30.412092071448875,29.807612388989785,6.373050296937762,4.254694655084646,bundled_calibration_sample
Rice,1280.8098557351786,31.774140538933462,82.1637064623409,92.91435906587606,40.808944954168204,62.11109072959327,5.730696046039825,4.2102854389540765,bundled_calibration_sample
Rice,666.1042037242148,23.06236335520841,68.22415518155465,119.65291879803621,28.256472510971314,55.11826581636225,6.667705252407389,4.113068420697427,bundled_calibration_sample
Rice,1648.8090074501877,19.966813602992506,68.85170090644807,70.30933875543526,34.72771660337719,51.506764289672255,6.469104292804794,4.305482060442396,bundled_calibration_sample
Rice,2649.3429161739527,24.606385916244687,65.24552098273666,71.99167286865651,44.838662603459326,47.840526475070284,6.1881568353662555,4.371975129464102,bundled_calibration_sample
Rice,1634.4496791128647,30.928017379881375,70.01240093018237,32.00246666289979,48.657399598390214,28.891931086654747,5.472909446093663,4.521103470331591,bundled_calibration_sample
Rice,2324.2927572213084,25.900869847500744,78.34551270922009,85.97309564415163,24.037185396127946,14.12560791558472,7.3407919926513925,4.278720283646226,bundled_calibration_sample
Rice,2051.7977759725136,29.118818546332044,77.9545346074509,103.3493236902859,28.85465388711477,52.69852499913648,6.183906293309057,4.491735359687653,bundled_calibration_sample
Rice,1844.541529071977,30.59564890411972,78.97590991662408,110.91900557046847,48.282683581789726,32.74131139227034,6.686920116778607,4.22364773004196,bundled_calibration_sample
Rice,1579.5448886302302,33.26534405879227,88.21945881685744,117.17863430844456,43.37344734310881,47.25690757623885,7.17810971348397,4.345235956795876,bundled_calibration_sample
Rice,1361.2056363001582,32.73033614738455,73.00841304713649,107.49855147658073,59.43584875397919,36.23444928209625,5.87207915510097,4.120869719822937,bundled_calibration_sample
Rice,1091.6941844052146,24.879591996859414,66.36162346753544,43.826332689531874,37.31448110915349,35.671820965113035,5.18432761327168,4.465104591213688,bundled_calibration_sample
Rice,2239.8465583566253,29.397582100958346,64.62890341195366,94.83056366268092,39.94254370658859,40.16419573175788,5.566704606025383,4.827968162609874,bundled_calibration_sample
Rice,2052.0975131090186,25.12142685321614,73.70633191006293,134.75483912045564,25.41362587353204,38.284094644278554,6.0208800516824175,4.204017329894364,bundled_calibration_sample
Rice,1761.087099414742,27.258063352687266,82.12948445938862,81.12266148677354,26.045775030404393,48.64358832257628,6.811697869639803,4.395099971250155,bundled_calibration_sample
Rice,2232.9932160457447,33.36788304139625,67.34764768449318,77.8154431366275,53.363036759609805,41.426703298932665,6.5231898992930235,4.79764734976068,bundled_calibration_sample
Rice,2717.320460182944,30.064696454727372,60.50673152903379,121.19807301477536,44.770951353607295,27.681335884868396,5.700714796372251,4.457613523175068,bundled_calibration_sample
Rice,1944.2217788347104,30.89337621600429,65.77225446797297,75.04473450183899,57.700354344209565,40.965217770817546,5.117078254500351,4.199399711811093,bundled_calibration_sample
Rice,1854.304704791885,25.59611743827859,73.57394539781934,92.1501026773064,35.524741319652875,19.86241988628822,6.532562466359273,4.217870073802909,bundled_calibration_sample
Wheat,755.4058624435419,22.044033906472905,50.188112076606934,94.11443251596084,5.0,15.683636690462045,7.206109176670783,3.1354704889886835,bundled_calibration_sample
Wheat,691.3155130495641,24.051242687202855,34.107328865048196,83.35592841811734,46.374711448745366,40.47390975610858,7.772389573440028,3.302219551675866,bundled_calibration_sample
Wheat,828.665895285887,10.074056270361444,57.456007962761156,71.92834580402193,26.57995299831997,36.61102290152315,6.466743466822853,3.824315274780832,bundled_calibration_sample
Wheat,355.54513344855934,22.71744760036006,57.36951807918606,43.05280006426399,47.593638651658985,33.57887362470342,6.8505660999798295,3.630917626592765,bundled_calibration_sample
Wheat,523.3807062288517,21.421413176042513,52.938511401979426,95.1014343125642,29.794015488220083,34.66745799987928,6.615829161583405,3.479071273063111,bundled_calibration_sample
Wheat,925.1871230663875,24.787120454983516,41.777742421645094,80.74209084447487,28.34193643487571,27.645004747310907,6.811995882731085,3.4375215698698742,bundled_calibration_sample
Wheat,581.2082419146127,19.890754020647908,55.332633441573606,107.82855951227933,40.109702459189975,20.09812735296891,6.668157091181534,3.368111226650045,bundled_calibration_sample
Wheat,647.5187009338559,19.879278114093527,58.185485054113194,86.89661579820836,69.60214980104605,18.94229972450903,7.484445992345622,3.2904579887637704,bundled_calibration_sample
Wheat,905.086966072803,20.032507948452405,49.56239656248167,81.46763003187172,40.79374816203978,54.61321763937899,5.686229594699263,3.5548051932786584,bundled_calibration_sample
Wheat,553.8259848869793,19.26347845557162,44.698048213944496,102.07172754938927,31.212924421668582,39.68662537238571,7.087833626316777,3.76915368923127,bundled_calibration_sample
Wheat,356.46202837181903,17.9748367556903,50.629362266819236,75.31897683240543,41.68955793738605,24.527608774734613,7.685435932074511,3.4610164416833675,bundled_calibration_sample
Wheat,902.6696000375307,22.706993174967213,35.271238463283794,67.15742656935703,40.26966403643418,42.756745890597514,6.525819891611706,3.4928579266595396,bundled_calibration_sample
Wheat,594.192336208035,17.63502788090262,48.55827648256944,71.71605159701845,37.00118566962062,47.04979436565242,6.28102263992717,3.529207976040103,bundled_calibration_sample
Wheat,291.1579921602673,16.225513066188277,40.29967155957763,64.62522162859428,22.00959011667681,33.02028130883344,6.144803447054091,3.6576258113893654,bundled_calibration_sample
Wheat,447.42466012061294,14.737720222622414,51.87578820005193,61.76660836768872,34.39560856626647,38.012233191578765,6.514028113628711,3.9280646438042264,bundled_calibration_sample
Wheat,496.5996751630966,19.14083260202508,66.22815986652216,86.94457274235148,43.46581791417689,20.948220823473903,7.416857498001802,3.5196330292510707,bundled_calibration_sample
Wheat,547.2023607979684,13.980453422863258,45.70566372189963,116.64715749407051,46.1320856470022,38.33881970387397,7.390084558014506,3.628612104677032,bundled_calibration_sample
Wheat,856.2683049321386,25.059672518214864,63.82574895171218,80.65438246105441,45.75185890641128,30.60519476221007,7.497219682234578,3.541626925075539,bundled_calibration_sample
Wheat,490.32638308778905,8.86119371429746,54.708455892205535,87.23232642934758,39.08015307683783,61.774616537811234,6.930611465294037,3.2070541159822996,bundled_calibration_sample
Wheat,402.2328965679751,16.581430698067884,42.58905155554048,95.4215719673736,35.12197101088724,50.69309164966381,7.035889072000839,3.372163005806737,bundled_calibration_sample
Wheat,598.8045311821205,12.528139278594526,66.47029647303611,54.42580666489373,44.66210142307589,23.22431233932083,7.303212686552634,3.3597134389785777,bundled_calibration_sample
Wheat,193.24433627707805,19.560022799166124,64.36324704177592,81.20739690625857,47.11625920288718,34.88074602329215,6.556805201638987,3.500314459349559,bundled_calibration_sample
Wheat,319.8864166565484,31.091129316383835,50.55447651926637,72.11587634252233,23.160906742328073,32.683441068633854,7.291794304659705,3.5532819126679533,bundled_calibration_sample
Wheat,291.3722022631826,19.33756185057767,71.93267821172195,62.323618442794746,46.84786323214932,32.08871024423902,7.181381219359832,3.548673075056222,bundled_calibration_sample
Wheat,503.5208880461173,3.9533573161822915,44.846748968483084,88.9725235352951,34.607105384677475,32.53256430489492,6.319406394040427,3.727847516381183,bundled_calibration_sample
Wheat,753.4951834408618,26.334475391114864,57.57578733672336,53.27467464641897,21.525341861823165,30.27629482871573,6.562794791572675,3.7296090090019343,bundled_calibration_sample
Wheat,635.639887937195,18.599807972007252,51.56946681899588,50.14128394014287,45.96983968611733,37.18059158624038,7.020849903766137,3.3790422823415964,bundled_calibration_sample
Wheat,1013.8621338762068,8.825424272191595,68.42843698391913,34.25378574083386,36.837914285327145,28.34813599039505,6.650284898464744,3.618563981764538,bundled_calibration_sample
Wheat,489.30887613094626,11.65770298724123,66.4733368775284,58.70088720288215,52.24246483279121,30.982123229505675,6.285497138043093,3.3260951782659642,bundled_calibration_sample
Wheat,557.4902105692967,18.081279823869846,45.648529214980094,48.78678064496347,50.25495316351986,18.30493041474782,7.01776972907744,3.2647172053572504,bundled_calibration_sample
Wheat,422.4111893748728,12.160465840841333,72.63580114403399,55.87407110989986,41.42786088136394,48.49164463169068,6.828392807367558,3.343520836439167,bundled_calibration_sample
Wheat,672.6973660805794,14.109778671977946,54.89128176744008,81.33919487515458,25.48759580602351,42.58339014530457,7.720719697177194,3.583925852090567,bundled_calibration_sample
Wheat,438.4842039934055,17.398928150369127,52.47328523129858,76.27117889814902,38.43247138218766,31.791023003261095,7.361278948876375,3.6606203569635847,bundled_calibration_sample
Wheat,568.5347699837371,22.37591131268559,61.13460535709625,58.29243636835553,44.49035125776814,45.747085541262216,6.7996632904748235,3.548501694699416,bundled_calibration_sample
Wheat,513.183307786972,14.908135665106547,42.58797088534024,70.20371665831382,39.31741109170602,36.657522430712916,6.065547682759741,3.971579539000196,bundled_calibration_sample
Wheat,401.30189077855493,23.559050453720864,63.125104094143836,79.57971802748098,28.535126597786437,48.57472922994485,6.232989967437814,3.3292112768584743,bundled_calibration_sample
Wheat,371.7657708021542,30.894024103300183,31.89751411223368,58.243579632408185,37.233434700760334,54.86356524822611,5.472414013778152,3.057056366710007,bundled_calibration_sample
Wheat,717.1417283071231,11.827239532701821,67.23458264504904,61.26461823069995,60.7303820651409,44.179225726463294,6.935102135583265,3.6311525596532923,bundled_calibration_sample
Wheat,886.6816462056413,10.971131272172522,70.63438075229331,88.74849984988197,42.88269445261365,42.59145039072831,6.833532478468556,3.578364810963966,bundled_calibration_sample
Wheat,622.2401889268618,19.17224019597767,66.8961114488227,95.6929619822382,34.22209564322694,28.865940127352253,6.710651060524066,3.7166803588109065,bundled_calibration_sample
Wheat,899.5501010552994,18.231881646105236,53.427642372508934,78.78884950093106,43.031596349636395,38.78718383829547,6.589197758571069,3.422095554464574,bundled_calibration_sample
Wheat,293.24505850267076,17.150162037289597,53.90968350556362,81.47661631030815,44.84465036202125,21.81634717775362,6.366520207539553,3.7044844013994713,bundled_calibration_sample
Wheat,1055.0416580849046,18.65389111269058,50.63063166126325,25.063799159415687,55.913434419570464,42.90305860959238,6.38142747707133,3.387391142719215,bundled_calibration_sample
Wheat,716.277897967162,14.477136538080046,53.70923056024219,69.89862176218172,37.08895032669889,33.95784995654602,6.052744136672855,3.6435139786109816,bundled_calibration_sample
Wheat,398.0907743225729,16.70530313417094,50.3265013239339,58.081120724422526,43.561505524031425,29.194623267771764,6.978590667267037,3.8522853975428903,bundled_calibration_sample
Wheat,481.4756027401022,8.7259983812749,54.85339025268176,37.305948187944665,50.882874656559274,21.927990274885303,5.839590298646514,3.0851236110986417,bundled_calibration_sample
Wheat,426.02282513271666,16.182931418667664,67.5982449254039,64.69921440914291,30.99638665965932,13.967125491903154,7.8455359769229,3.5152015831445946,bundled_calibration_sample
Wheat,991.0467374551203,15.069810502876312,49.801690840710314,82.87371457851324,59.14387720768878,30.478709838584713,6.771955754474296,3.333786848977317,bundled_calibration_sample
Wheat,450.2490092156239,16.643198053433743,63.20536463184251,83.819161678638,13.782163978744908,28.65894536311359,7.351581276772411,3.484738666567261,bundled_calibration_sample
Wheat,932.1249668713165,27.95712657496925,80.28597931386886,68.09799395899127,57.814794121460864,24.790043455887695,7.098757357176411,3.1924358462736904,bundled_calibration_sample
Wheat,80.15386950684717,13.377103249826792,61.56181023317762,96.25886383471862,22.61434387616594,37.233810917913026,7.122935341776552,3.3727761132930247,bundled_calibration_sample
Wheat,132.57512364419688,13.093763915773213,60.839309682542144,50.81066010453189,43.18249373742074,31.35178612475129,7.971162037735756,3.5309818340084114,bundled_calibration_sample
Wheat,714.1450059406743,19.4072130510856,56.096580534504255,66.93487621311769,49.41066225070859,35.97412679166606,5.885763282161951,3.7126708808723974,bundled_calibration_sample
Wheat,764.5461549277123,12.855512751941866,67.0435930463879,73.87632115043304,21.016536625755535,24.19381962291678,6.013770648469139,3.485745260497867,bundled_calibration_sample
Wheat,758.7037764895275,13.028383684823133,59.34099408338875,107.31747904183266,38.83098485204427,43.84341163425454,7.0639792657854725,3.460968454344046,bundled_calibration_sample
Wheat,617.0337983304364,16.813976536033007,24.628213443630717,61.723415118685736,64.26165356894589,20.574291418324748,6.761383048193107,3.3320847881660476,bundled_calibration_sample
Wheat,398.29505134787075,17.768691691956235,47.59237446830803,64.58734239939035,36.84253290381009,33.991491477214176,6.875027176579208,3.6556801535755454,bundled_calibration_sample
Wheat,377.8700960783691,11.455867743181615,44.16852506493011,54.80200394255664,48.994617732713984,21.142403934001024,6.110770672773593,3.473629674886296,bundled_calibration_sample
Wheat,192.49007224896468,20.19192370559274,87.57995296620777,47.67592784650188,33.682252991921494,33.66891242296923,7.299358057994368,3.4213826738952493,bundled_calibration_sample
Wheat,310.0351388219841,16.45975371427842,52.62672515266115,91.81756925991056,27.941385973195647,54.779737261615566,6.587593288936994,3.4226912228888513,bundled_calibration_sample
Wheat,322.33547299854877,20.5968480689946,66.58943051189905,96.41476867008713,51.43035052359002,17.882507417905373,7.005409412120572,3.172177698695915,bundled_calibration_sample
Wheat,709.1262136966873,19.53142222371468,31.34774827854729,58.607132659830086,24.501359575402443,41.33784666980591,6.637167616781768,3.334102789433351,bundled_calibration_sample
Wheat,296.3685815289369,13.425564860307286,58.3412105705736,69.98223147318639,52.18196932711116,51.6804309681104,7.412391863078224,3.5832044590478467,bundled_calibration_sample
Wheat,375.91455299551166,19.186447423806698,58.51873331591045,76.64972866105008,24.09649820761065,33.356016265020656,6.181718369761338,3.8027018025336417,bundled_calibration_sample
Wheat,43.868744101877496,16.640232197819756,47.77921471003441,75.65712157312271,10.454851503652147,19.93146433203481,7.1758351474064135,3.091326117258037,bundled_calibration_sample
Wheat,466.1300193940631,19.5464961124996,50.29955255642452,47.29622067981448,27.999565346072437,52.838630576987754,6.594777720270025,3.4304250672256718,bundled_calibration_sample
Wheat,520.1106087147091,15.78712812711262,59.65208443502294,57.714985477850355,29.042979850448205,13.712990611674652,7.06209745763896,3.504889780563052,bundled_calibration_sample
Wheat,715.2116039476322,27.430894650609297,55.762826070270314,99.77905002152448,23.625622129886274,36.74940059401162,6.81391248671195,3.275811194383364,bundled_calibration_sample
Wheat,461.8682850781661,15.38433635122258,41.43818171789296,30.865902259688355,27.599392598167796,41.04760063227075,6.493219994585196,3.5621130841197397,bundled_calibration_sample
Wheat,639.0788525895117,26.66389168178138,59.57443508393667,32.9423909337913,27.448869594846926,59.03839752671573,6.151136295522133,3.0761205153930797,bundled_calibration_sample
Wheat,476.1443353775976,18.999099868842876,48.40857457039043,59.180361656831906,20.947345353367172,36.62587105486155,5.98584987351984,3.577425105967252,bundled_calibration_sample
Wheat,461.3985361361475,7.726066969378792,43.756857368392446,80.43436712260726,27.588705565481916,43.03576486652072,7.19295178598674,3.3405033360097955,bundled_calibration_sample
Wheat,341.2216774715112,20.1764116988916,53.54202363424737,63.88205679645567,26.566704989456618,21.53747897348817,7.076489623261984,3.6633365229750168,bundled_calibration_sample
Wheat,552.962388985344,15.73964785678718,51.82319555120844,38.71212590716955,47.835827854533576,33.96457846408825,6.637308446753567,3.6142837088399706,bundled_calibration_sample
Wheat,1210.9735278844605,11.82718613462087,51.76419189708864,58.904719967552296,47.49782519530442,45.462287677033544,7.589736358630734,3.161647488629174,bundled_calibration_sample
Wheat,593.3393600772324,12.131201347605185,50.26307704830204,50.774523842519514,41.54694806256268,48.89194900267128,6.253981587124431,3.618746767327599,bundled_calibration_sample
Wheat,612.7167856968042,17.46490946038975,69.13294578839349,102.0846431385066,49.676022360058504,47.74388548951068,6.882565653571327,3.345050008600776,bundled_calibration_sample
Wheat,30.0,14.407538856622732,66.30671807813613,67.43234952924855,37.750283146005906,43.68438252965875,6.688325199229095,3.6749224297851053,bundled_calibration_sample
Wheat,503.7582673233992,22.834383674089008,54.493251663625216,61.9688663719317,25.585232887669925,32.51793822104965,6.81246871430243,3.412575804260991,bundled_calibration_sample
Wheat,288.62523144044,19.436969972725286,63.157779337892634,98.48813850384683,52.29645099145755,24.9407807490162,6.255976077708962,3.4667208498581457,bundled_calibration_sample
Wheat,281.8707798026932,18.282221525720743,64.85631547532729,50.01466370822965,51.87014058612446,19.18008994519059,6.2595013797084125,3.5418118690116116,bundled_calibration_sample
Wheat,793.3293607688051,15.146973758137408,70.60766029130747,95.43709450327559,39.41641629575676,51.45298398903347,6.437723580496363,3.6205470863290583,bundled_calibration_sample
Wheat,762.4174373586438,14.599246807412037,63.12537653461743,133.00645457081964,41.250572453189434,19.92090190527162,6.6530004378726995,3.3275076423850205,bundled_calibration_sample
Wheat,287.1485694104765,12.537267264815263,63.7727675967395,41.89671209838545,32.30017995250621,25.648810744281363,7.4432575575829745,3.3145550673883943,bundled_calibration_sample
Wheat,370.8876479191405,20.39899890147587,55.867654809527345,84.88950284611742,32.6185821507615,33.23570895465863,7.438801283575164,3.842824713832465,bundled_calibration_sample
Wheat,705.2939416375742,19.34434848305727,32.783178918765685,71.74159154767126,21.890140609459394,36.433737317970376,6.6171658468227275,3.4213567586803815,bundled_calibration_sample
Wheat,928.428884240216,13.902063812390795,37.562233832466234,98.21021677786189,52.78742616614867,46.56664200485231,6.588918938582793,3.4247720723243633,bundled_calibration_sample
Wheat,116.58258615444169,22.679944950944815,67.13016396375325,78.94631717648846,33.9935328165903,34.85775923342278,5.785922855390687,3.8188810186756106,bundled_calibration_sample
Wheat,482.00682289337465,11.550321635504732,64.77043073655317,96.02833130185803,38.8822431363205,29.752939101962113,7.11759716247966,3.6319049840666877,bundled_calibration_sample
Wheat,434.0369171243352,13.644467883789627,74.90587600807798,83.22098102027311,33.36329552487205,44.683115216081546,6.572506460759231,3.5487217404723115,bundled_calibration_sample
Wheat,695.8235199018425,19.339133637600213,54.73534185698565,50.7268062786242,25.60910322289761,37.802872813592444,6.85925616305863,3.504553314861622,bundled_calibration_sample
Wheat,803.9187747200458,22.219836633692516,67.3681273629911,86.42133762550944,48.9171587490484,41.68215734844893,6.652029786777442,3.4484785184420508,bundled_calibration_sample
Wheat,487.10177089983125,18.378586717215065,39.95485888393133,75.85961049390062,37.30004399251486,28.70356429627589,6.922818354719778,3.7452493375172247,bundled_calibration_sample
Wheat,663.8296494627086,9.8771745525727,44.32220173726335,40.55098245300172,27.102425658306032,54.086558952125245,6.477228748660674,3.5013874443917015,bundled_calibration_sample
Wheat,465.71205534119895,12.2902199749322,71.89226657622899,58.36652966274794,36.27353657033889,44.67692740025314,6.575880722908748,3.607578864978294,bundled_calibration_sample
Wheat,127.36404249934077,10.491354444155458,59.2677078739366,45.7105476767737,35.914941619329454,42.91961475851832,6.5755867085929065,3.6836336271335406,bundled_calibration_sample
Wheat,226.26543030727242,10.390841196994376,42.6803438368311,49.93099856655015,17.988554149902388,44.098391507289335,7.362939964061745,3.190513312719753,bundled_calibration_sample
Wheat,431.2606969155879,13.08668779055765,56.4651849480975,73.30575468628021,36.715923069076766,19.842984712979927,6.375792643633125,3.4387790724131,bundled_calibration_sample
Wheat,935.6374366104094,22.835409188628525,57.62309686661854,46.541451702973674,18.972506824822432,23.903407065018897,6.2144891514599845,3.369045458077762,bundled_calibration_sample
Wheat,552.8558038180992,13.11357879028771,46.14994258390824,66.4001164956296,23.91671117088537,52.29246525756426,7.361649670241297,3.559629380390147,bundled_calibration_sample
Wheat,652.1507109064006,12.48682890466496,57.972717446349556,72.86898721815557,51.44776510983584,57.850195003704215,5.981529574886218,3.4435247100265127,bundled_calibration_sample
Wheat,847.7698479936765,11.09393713822864,56.14623772970345,76.58399318064868,38.04881614313345,28.72909533444345,5.969877237676459,3.9134438700962373,bundled_calibration_sample
Wheat,699.1062638157141,18.47553230553291,61.86450450561877,51.05514415569911,44.017960626864586,32.3898019516752,5.754250900653572,3.704766475688868,bundled_calibration_sample
Wheat,516.0788845829105,25.37866206420687,40.65740830600917,69.67534304510865,38.847749556748546,40.073106193215665,6.742064749287052,3.727419784874835,bundled_calibration_sample
Wheat,369.27621199258624,21.519234975601627,60.16584256393581,58.17006414114398,48.30074003193643,43.16096222322737,7.648026098139104,3.726263666792054,bundled_calibration_sample
Wheat,499.2015163080306,4.971603673020736,66.57498431150991,78.03782261915376,67.79936534322619,36.674705057752085,6.597889401928949,3.2755609301137345,bundled_calibration_sample
Wheat,732.3999653824991,20.37835522818602,46.23574712477344,102.99364266674189,40.72086737928632,39.54455733078278,7.33211876345181,3.7274641309986576,bundled_calibration_sample
Wheat,405.78861424310105,19.836050611200577,49.41756326499173,48.57359092474654,30.432711723279116,45.010037501790556,6.563457233166813,3.5032541041098595,bundled_calibration_sample
Wheat,277.3697387175142,15.521180255262054,48.49468751552081,31.892850677993188,51.88433809969522,38.472735167232315,6.813971478055107,3.6499776686275576,bundled_calibration_sample
Wheat,488.5448099170011,16.25914257735427,50.198917682212546,71.73662016152655,32.68324354348337,22.2742834092875,6.850907055456395,3.621079299309802,bundled_calibration_sample
Wheat,695.7218177012803,17.375981026342387,48.37371047584336,31.988425477151843,40.38873243901621,25.653640744207415,6.240834309270354,3.3242183676457913,bundled_calibration_sample
Wheat,453.504528250052,11.427414787913971,54.23574937884466,76.48013252926533,40.98946056024462,49.03175866296836,6.1885313759122305,3.62111818860905,bundled_calibration_sample
Wheat,695.7689086104036,14.6044166149798,44.50845479872824,49.474168156453246,31.936619202849347,49.37853373711929,6.74296080858789,3.6403746612683605,bundled_calibration_sample
Wheat,559.717121884279,21.668592328677406,62.62984779527752,58.455342340751145,31.23477446440931,5.0,6.622616807083109,3.655766817838624,bundled_calibration_sample
Wheat,645.9999988729425,12.21992534013444,73.89024669312397,91.52092737316865,41.68235340849845,33.51383368534094,7.374674570730193,3.368561929788099,bundled_calibration_sample
Wheat,30.0,11.768776296385823,41.41330791401713,76.81474854573493,24.2164779795934,51.18351049955786,6.6706102322385705,3.3452905085933495,bundled_calibration_sample
Wheat,344.18654013413493,17.070594267119247,53.917423931839316,108.85479397603518,30.087456733601933,34.26745796826367,6.094770735160848,3.7754571965086,bundled_calibration_sample
Wheat,659.3031158210616,17.472070743416403,38.564619061875796,66.89216634106154,28.279940733664734,36.144119313853956,6.543421376434099,3.467966171321686,bundled_calibration_sample
Wheat,1014.0417656568263,16.971651057278066,49.044419125791734,93.09368394914831,41.58718000767643,40.37796210421697,6.385298951253178,3.3341478540299185,bundled_calibration_sample
Wheat,452.1558849342132,15.666500489516388,74.76789168315818,70.97094680381596,41.83876095861981,48.34170055627639,7.0551916721558925,3.379666762218018,bundled_calibration_sample
Wheat,208.9348274270493,20.367799869183735,53.88066557863864,30.03093832055699,36.89941822954516,41.641453228955115,7.726210468684977,3.2285630183259033,bundled_calibration_sample
Wheat,440.7184766283299,24.354345635504533,73.7948340282519,91.60705266650484,54.19673323926701,34.22589444478886,7.167751534866293,3.338881020125758,bundled_calibration_sample
Wheat,297.83271275814656,20.010112952579398,59.04365300927038,51.93433189026801,48.277818977003,35.19159586663284,7.74493595489286,3.3682641198488565,bundled_calibration_sample
Wheat,486.84880262980187,14.230149382434046,60.13254262239158,32.58144933734092,24.280192127289453,32.77857114077535,6.724540887281399,3.6013011900658345,bundled_calibration_sample
Wheat,473.93219544092864,17.927380356190312,56.08072842850419,91.93779181898114,29.602660093539292,22.571474776671398,6.679165656277639,3.618612886709603,bundled_calibration_sample
Wheat,75.27904215129809,27.873521601156234,60.81035409332663,27.415889627143486,12.214269801855913,45.41148412385222,5.726098724930968,3.175835641080307,bundled_calibration_sample
Wheat,508.53736604452564,20.757414268995344,67.12204643678541,40.093333911662576,47.1889692865086,34.895841123308195,7.2816835465042695,3.587333089982403,bundled_calibration_sample
Wheat,228.7875954645421,18.977125154333187,63.70584815154099,56.873261091055745,19.002001137048378,30.065985555958747,6.604573852740351,3.6631016161975807,bundled_calibration_sample
Wheat,703.0939482696909,17.663425797383944,63.8049910071595,73.49172209517062,43.97321212950309,35.85873827598039,7.165894915028527,3.4844107887394373,bundled_calibration_sample
Wheat,646.7777637818515,24.00071988585122,49.3800199907742,22.80942078094842,23.634648363854637,21.593771214559965,7.540101480035471,3.1519440370051037,bundled_calibration_sample
Wheat,674.5789472284383,15.513263227519111,42.858457852232924,16.421281136049764,23.192990119917685,48.71671522850216,5.625456366628449,3.1038983998509426,bundled_calibration_sample
Wheat,386.20562861669083,6.4813180419100345,59.93254046840296,31.194902569190248,33.04961286584108,46.657450722580236,5.832945001413546,3.5600085335001856,bundled_calibration_sample
Wheat,625.1095218026252,13.290113366704134,57.1012113521061,73.7297683750975,24.156246231016645,33.04359953746159,6.96019662786742,3.8993453310400747,bundled_calibration_sample
Wheat,669.6662109969386,17.023975387381483,65.94710443765007,72.67562480335975,29.59780681542339,30.51363036498012,5.304529101175056,3.5373658585981045,bundled_calibration_sample
Wheat,841.3030562562979,23.95425093169038,57.890216878956274,100.29160058793859,25.73293293365468,38.47233353900087,7.636856654186091,3.5411140557893366,bundled_calibration_sample
Wheat,653.6218475997991,17.480456538897712,66.08350439987417,62.30108938852806,18.447871148501783,14.905877577065542,7.034696729784132,3.4933022713003856,bundled_calibration_sample
Wheat,563.5239484800832,24.90930832779644,66.01258422925146,17.127057590627366,32.43681571587792,23.03285326729967,6.285350663119895,3.5742876158900736,bundled_calibration_sample
Wheat,614.2832010643564,19.126600094262763,37.442507612758746,69.54513013144638,54.821989572570814,29.12692550307347,6.700340485402244,3.5183407492891803,bundled_calibration_sample
Wheat,113.7317287905608,12.89753289155118,45.24136326468829,44.29460435726932,44.26238718970994,39.720579991912516,7.48875240799927,3.458443212334998,bundled_calibration_sample
Wheat,574.5679471997042,19.40703393529417,53.9845907121737,79.58537380722501,30.81785637036333,29.408529720535498,5.709812672812147,3.3684992852055866,bundled_calibration_sample
Wheat,489.1642158237854,19.579048813606338,47.75504252983246,55.591746652791905,27.268532230410663,48.65285973393418,5.4851118296087815,3.5260371672924267,bundled_calibration_sample
Wheat,764.0452765992343,19.505088157778292,60.14668011208016,40.50838568838701,30.969033500643633,35.27312735923308,6.590363655295742,3.6435123091501898,bundled_calibration_sample
Wheat,500.0322932697791,23.045276397844525,60.62631593830772,76.15248748195486,34.919451422110754,53.50990824695015,6.156028437415304,3.3672605171176264,bundled_calibration_sample
Wheat,738.4863808222175,23.915350428352156,67.51274006857027,48.46703007442884,25.040339489482502,14.48158305482118,6.403636981773738,3.2398798008668255,bundled_calibration_sample
Wheat,144.43612505708506,12.278631741244444,60.4857170241479,55.63351692952686,24.595323537404365,37.984590018681445,6.829944438151716,3.6191989830000346,bundled_calibration_sample
Wheat,565.6065465563232,19.513130378786027,59.58645851829043,75.92721947419822,38.351629197989176,23.100883082343167,7.263520317865441,3.463655995331141,bundled_calibration_sample
Wheat,246.2426696910939,12.70494259678009,64.3887128567968,74.80869453045133,27.467582396776525,38.96070320070471,7.207629192590058,3.801395149072058,bundled_calibration_sample
Wheat,373.60948389569796,24.684936748889353,53.28455777931445,124.59881059306298,29.59267596126688,32.203317837095334,5.976852362459811,3.620727546466311,bundled_calibration_sample
Wheat,703.6858478730499,9.637708184650364,47.31074525166662,78.97115642394809,39.25195197318864,20.108499638891374,6.435526835134903,3.596943942745173,bundled_calibration_sample
Wheat,778.8849355974121,7.358550596655467,63.742881551983814,72.6004422403942,43.8565684097043,22.375917468528762,7.029745844106478,3.6639242949003226,bundled_calibration_sample
Wheat,862.1503447756803,18.043756075494027,61.409311955216985,97.56437016243216,43.642480429442905,43.808385917496864,6.765801818101603,3.6554226794669287,bundled_calibration_sample
Wheat,445.7085496730749,18.541346654390615,39.495419301739425,100.80511374853202,23.578364520906998,33.33146886122183,6.9948760328288495,3.7417225420053546,bundled_calibration_sample
Wheat,551.484794593157,16.649215285797126,60.11257062976888,99.94493072458494,30.16613289510406,37.1053650790817,7.421064164536858,3.3457836574773556,bundled_calibration_sample
Wheat,393.58302476874064,17.71626955059091,60.079360885543295,68.10515219476827,22.745296319673155,49.458193384880616,6.4725160618062425,3.558982477640113,bundled_calibration_sample
Wheat,675.0288843012613,25.580476034807297,50.574196432841816,83.84441882231765,53.752218187589804,23.3402236270361,6.323254483152104,3.4198727004728617,bundled_calibration_sample
Wheat,49.181022713461516,20.69244917531818,68.59258759982832,78.62529424891308,32.385841904096274,46.67284122679609,7.623458505658777,3.3770002428942187,bundled_calibration_sample
Wheat,730.5263058770423,9.890414308948955,71.13544807422366,82.4089044009889,31.83186212525046,37.85381879091035,7.028149067340266,3.4764026757206414,bundled_calibration_sample
Wheat,343.81792901891373,23.56596133477727,45.011627685790465,59.054756021908474,40.32764162482026,50.969407004663424,6.282689510850592,3.4613671809115427,bundled_calibration_sample
Wheat,636.6775993603371,13.305655054815409,68.61955358942105,84.86892950809849,27.07175680557319,37.31661522817999,7.345676339472418,3.6283203439298926,bundled_calibration_sample
Wheat,852.9375952138404,19.574969298245538,51.37505583678958,59.19635870980528,30.3918668359402,38.94422267374544,7.374077555037922,3.785464532776264,bundled_calibration_sample
Wheat,180.55825475320046,7.854035996375233,56.57379128204212,67.20963340835118,31.32796673963172,49.313909398549846,7.063938701210619,3.4830846513749485,bundled_calibration_sample
Wheat,936.8714990002882,19.592565456956812,63.235155233790074,50.050173332631104,38.92661074931212,19.52411140707561,7.397903897298522,3.556401277534656,bundled_calibration_sample
Wheat,891.2837948333952,28.643892010787383,57.65896946550034,86.167178691087,24.841377224238155,49.98287915316925,6.538286404752642,3.563178746787295,bundled_calibration_sample
Wheat,591.6889690777613,16.084247626446096,71.22987510787408,53.20447089757752,28.118586009063847,48.03712103999949,6.708875216325386,3.7120235120342553,bundled_calibration_sample
Wheat,491.4368461877254,16.01360895060996,54.07920030472314,76.3556514416482,34.60228008182173,16.162473791816694,6.721604185678509,3.3558528808937673,bundled_calibration_sample
Wheat,671.523933966648,12.121052021943918,52.735954426067835,30.307699427514663,27.060358755346382,37.44575468320608,7.097410353681455,3.5430980080964245,bundled_calibration_sample
Wheat,968.7641266440728,18.107217643801675,60.175993381469006,60.81936199508581,50.51201202668597,45.779541820484994,6.645978395515374,3.374254222393333,bundled_calibration_sample
Wheat,740.6763334233052,14.757583654573946,35.710578170146825,65.02041999068283,16.51575296404975,40.390226420591915,6.747612158207451,3.686805745546605,bundled_calibration_sample
Wheat,266.4021991410443,22.24969048563399,47.17670703229022,40.27163002826957,18.47725665913322,56.40045477613569,7.261842848238938,3.1995296302038265,bundled_calibration_sample
Wheat,807.3428471797002,22.45045866054684,57.1932979203065,123.71910747509887,15.780547813912552,29.750574906876807,6.561166241520177,3.442672423257933,bundled_calibration_sample
Wheat,1010.7488395769408,22.32199987808516,54.69399413868436,101.60650872916173,29.346594953294904,39.14123901290425,6.539310312864902,3.430780957218832,bundled_calibration_sample
Wheat,528.4344417238829,14.144991832740974,48.37773204433191,95.55371463671422,51.06894076352405,42.19543393934809,7.114675328138063,3.314935382127953,bundled_calibration_sample
Wheat,767.1952200135388,17.08342883632801,63.7999599542124,97.37914200500451,29.494955841896147,42.4335225603532,7.220498500047808,3.6710768722506235,bundled_calibration_sample
Wheat,560.2365912491726,18.188199696358502,64.40045253560191,103.62440973021086,34.312126538444566,38.99386521974957,6.646450076983607,3.5212131864592355,bundled_calibration_sample
Wheat,322.1763407005452,18.007426406352806,66.50784653040037,57.96766683940384,22.559957174377878,30.905726699716634,7.440608529134831,3.7396252689956446,bundled_calibration_sample
Wheat,906.4498801793503,25.721867863954827,48.755148601315575,67.00398690806297,44.64327200831104,27.2147347799802,6.966293939646083,3.392288314835913,bundled_calibration_sample
Wheat,750.7117748777875,15.131604913399128,59.72799697925392,64.38190222373316,52.08021072480517,12.165837182138851,6.668387017967398,3.4027994305215574,bundled_calibration_sample
Wheat,610.7244384416299,14.71334780845535,48.906514889772936,64.68526827646423,41.977999311488595,42.62312024295652,7.522363476170413,3.60670528977521,bundled_calibration_sample
Wheat,483.68702625588963,14.356053784796348,74.07799566691602,76.02487578363115,62.01868030967771,27.91037344217486,7.241990862680081,3.3263244180896265,bundled_calibration_sample
Wheat,414.72753163998084,14.907523136075138,47.80012584566786,50.843412573581574,41.63747776901125,24.813013294327696,5.939336756411146,3.440730217615307,bundled_calibration_sample
Wheat,871.8471897372035,23.746439036732987,58.73741389398193,10.764876832792872,37.941858590336345,35.43163672512263,7.1809733081052745,3.415801406781888,bundled_calibration_sample
Wheat,529.5539252018696,14.714702256559544,56.682255727930276,53.78696793732454,28.38083483758374,64.39841901468584,7.632990547867075,3.5083309255251103,bundled_calibration_sample
Wheat,481.30210265731773,10.841426106708226,59.28519409875889,88.89643034473248,37.498888594384475,41.094180961874294,7.131590026617462,3.472281862155872,bundled_calibration_sample
Wheat,726.3788299027627,16.321568445232245,53.9629752053333,88.77081222270581,25.262423553763362,44.996119296060144,6.513848610653782,3.3586145639436027,bundled_calibration_sample
Wheat,436.70311465210614,27.738044597062842,45.09404729415996,85.14885074465899,44.813676517036946,34.55629671710372,7.1682690714529,3.6920048293651795,bundled_calibration_sample
Wheat,619.1270792957072,21.755560582767764,53.60270537037453,45.60017787215418,28.340516636921862,61.054392575292994,6.5527360949908635,3.5985981217193395,bundled_calibration_sample
Wheat,484.94413225368135,16.290107199400893,34.61565665769923,37.99816685653507,41.09160600222564,32.23253540097231,6.202991993441012,3.3285211818159466,bundled_calibration_sample
Wheat,113.78730575264962,13.589822102457946,52.24468098645369,94.88716152362805,30.347445151742733,36.64297281511726,5.765554092371038,3.2513048013712074,bundled_calibration_sample
Wheat,409.5896312198739,12.57219508332727,59.1606478998664,69.16483828493271,37.35528868406125,23.190192851124934,8.20322818286014,3.591171351764963,bundled_calibration_sample
Wheat,540.8221877942641,22.403301361681674,61.37401036785974,88.40757668201152,13.798995320465036,18.538204735068266,6.938411545875432,3.5444419885701053,bundled_calibration_sample
Wheat,517.0970900673082,19.581224391080088,60.94745693326236,57.21324593179091,41.570044144068206,16.65075233736512,6.269004348943945,3.687427804409318,bundled_calibration_sample
Wheat,1105.0326238194946,24.100316382203175,63.60690356561221,94.09073355938904,38.059177774379826,26.27743207186886,4.896565134860044,3.347619166968696,bundled_calibration_sample
Wheat,835.2833128254515,16.566729810126034,59.44972046824665,61.886504185641854,32.5252251019273,38.331212107505415,6.540740289878781,3.9031961989866693,bundled_calibration_sample
Wheat,849.6341156521594,19.269134717841713,54.683639754619634,60.66361010445659,44.76544347709486,41.06460002180109,7.775253016817453,3.752241573644752,bundled_calibration_sample
Wheat,350.43527945964377,20.628897156505843,50.76978242862315,79.37253346256428,40.44708270565308,24.519066569244345,5.725792384184546,3.3183654163969,bundled_calibration_sample
Wheat,795.9419319523464,21.697355843571316,37.82901337163132,97.0449958085293,32.45599179481289,35.59469370824956,6.4819992527080865,3.369276265124674,bundled_calibration_sample
Wheat,554.6523239760777,29.460365284277252,60.82558590571377,43.107003209050745,15.528068739490617,23.693099868880818,6.134927434836948,3.3634669814571017,bundled_calibration_sample
Wheat,731.948874537884,17.579812021416135,60.139870307684426,140.99968205300024,51.925774379941934,42.543252713227766,6.405148374479949,3.266962235648378,bundled_calibration_sample
Wheat,179.2895628818638,13.629183325069295,46.95548656055558,66.12007322056105,29.690695106531166,20.388452433561262,6.234065025783476,3.6977389696272995,bundled_calibration_sample
Wheat,576.541579397159,18.36780287111777,58.024056575198294,111.63907234292793,39.407283283734316,40.03068853065388,6.2017860208754865,3.402230604248022,bundled_calibration_sample
Wheat,160.13333438284548,22.627806640116255,49.786297614770106,18.338004797161446,30.13765233833645,15.971104573596662,7.159889458648872,3.101793306199278,bundled_calibration_sample
Wheat,566.1640981907248,24.149504564567923,64.53923469674787,57.6711797013,42.90145606831031,19.921768938329407,5.519409415638029,3.3208182028919775,bundled_calibration_sample
Wheat,462.6219775792654,10.765138437195493,66.07315610470538,71.60445851782075,33.38344743138272,24.248318440389575,7.220052708116013,3.6722782098495848,bundled_calibration_sample
Wheat,574.9020300606657,11.827965050374726,73.91027634168151,77.78815735130324,36.30633052880736,42.11823748147653,7.0420502590291,3.846580071338208,bundled_calibration_sample
Wheat,274.4870775531152,11.577588367980574,42.59174721959744,34.28386684933173,29.05919791272709,44.38652121914882,6.625390845387457,3.2653161920802676,bundled_calibration_sample
Wheat,766.2698646120652,22.06125109359232,34.00787521880878,72.48408872408412,21.586975851599284,50.69094027188751,6.210109761492568,3.633280827206033,bundled_calibration_sample
Wheat,283.40220248511184,12.806301508680404,46.228279744181755,110.45259720435126,38.69523051993758,38.81596798514082,7.5799448581685684,3.33522789278701,bundled_calibration_sample
Wheat,1042.7636842177922,17.864323815945955,60.22184922144756,76.61581312928496,27.875360034492115,16.73139775526633,6.924251565388724,3.244436692611133,bundled_calibration_sample
Wheat,659.2911667865975,9.51912363850401,59.6994151300357,77.18567883341748,22.044521406564805,40.249681842791354,6.829438810387643,3.461373058564047,bundled_calibration_sample
Wheat,641.7425631826882,24.015709242210843,61.12092602490941,30.896547919165812,41.65767475914998,31.345252840882686,6.781451629987264,3.715471665290068,bundled_calibration_sample
Wheat,684.5457998304051,21.59771218885071,71.60271428490066,121.00523965458405,25.243230000859988,31.17836847493157,7.407843344425895,3.4104945842492054,bundled_calibration_sample
Wheat,710.198581161652,17.02018014459738,47.47904352641204,65.62888708252727,33.34233040540543,34.11384092791009,6.489744084801444,3.6130036739388585,bundled_calibration_sample
Wheat,666.6186179978727,21.14547076504725,65.31950506472964,80.0707513754353,34.15635207180836,37.974128078982034,6.296998335192868,3.8302554392351196,bundled_calibration_sample
Wheat,863.2023701878857,13.220768632301429,65.12523032061631,90.8534924157676,39.41380868833119,44.511115936511324,5.27769807149229,3.3502858108585705,bundled_calibration_sample
Wheat,636.4697973301074,20.86274591467963,77.36872403060025,77.72468183311376,38.79571656455862,47.473038496776084,7.935192225399925,3.5286049595442583,bundled_calibration_sample
Wheat,891.3606744139071,16.205964047503212,53.96818447266352,79.7978765260381,31.820093249836003,49.832789035843106,6.602728644161036,3.4910647962035575,bundled_calibration_sample
Wheat,844.2598089475005,16.724543547193033,47.02825446314562,78.9072733966377,29.285564767946745,54.45877183349175,6.57651436404062,3.5082092316608606,bundled_calibration_sample
Wheat,785.2154610030105,16.200335673386853,49.21312145244209,69.79098448087268,44.49351369060347,42.38035957125268,7.482827502901936,3.723931431673551,bundled_calibration_sample
Wheat,709.175079429981,18.85939861429903,43.94087018295299,110.95099979088806,50.21752738640128,39.05718473616458,7.242192934662592,3.649507848397999,bundled_calibration_sample
Wheat,588.432333322521,14.089092959382612,66.64133571739174,69.32767858071286,44.46459507705179,19.687046895524382,7.071888331389962,3.453526577324187,bundled_calibration_sample
Wheat,531.5364743612074,11.326835864718959,52.40990216856284,55.9866615256607,26.10275208184962,19.947956820657954,7.850606423938205,3.381957225496869,bundled_calibration_sample
Wheat,646.9022188047788,13.636753446548042,55.800334467767335,59.35709302204708,34.943065534846525,48.135042130009886,6.783997860721472,3.6933602541530135,bundled_calibration_sample
Wheat,669.261882488792,19.14575942376723,58.62515009912877,43.84319417698387,8.043730780018453,22.49887863423749,6.827214612407908,3.1373307628073435,bundled_calibration_sample
Wheat,831.1770548409943,15.943473507458124,51.8161138781661,87.28932702153533,37.1893768702752,15.250912074172636,7.68226456084028,3.324808864465498,bundled_calibration_sample
Wheat,461.12693102067095,12.756304003948411,54.31459602205314,87.91444275954156,24.127076344445975,37.7131549015963,7.326545407219514,3.5540398686480406,bundled_calibration_sample
Wheat,583.038966397108,21.563612228365056,49.888714567048495,90.0007171563452,32.19729118295589,35.72606959620415,6.508423306639761,3.7057415258379978,bundled_calibration_sample
Wheat,723.8338078161673,14.36314715381473,51.76640834976362,93.58061663881509,48.28710681540057,29.62583345523526,6.045075600785046,3.5982452448716202,bundled_calibration_sample
Wheat,608.6413532087031,13.591670350723831,41.89880313277709,58.83944720960348,43.11756287692535,24.44638198761676,6.106305945277596,3.518091833901565,bundled_calibration_sample
Wheat,30.0,17.92571066257418,47.94034870948859,89.49938858731558,33.63009258331041,38.350241113850025,6.356033806438823,3.680214495599706,bundled_calibration_sample
Wheat,612.1889359041903,12.900641694117402,68.65386406673268,77.93882432752764,32.250163487550104,39.25836144391312,8.058446233155188,3.497278084601245,bundled_calibration_sample
Wheat,467.51881658600007,20.987347414557153,50.92800739246127,52.0658866063072,22.965467769043507,38.48619069892815,6.34678089930623,3.4726107155247004,bundled_calibration_sample
Wheat,555.2047317248073,16.99906196745333,56.734788221573694,92.10684172914011,44.484904044332005,24.016543296867557,6.42768447552446,3.698579735147088,bundled_calibration_sample
Wheat,563.3289458069258,24.86657415741051,29.686131490858713,53.97487430426003,42.74155262284515,16.720215398363358,5.785260293780021,3.1263844818436937,bundled_calibration_sample
Wheat,417.5861871079071,15.530784882187906,46.7730780313073,69.33699397221352,26.747991337972458,48.08664093422256,5.6781395138969435,3.4570992810508394,bundled_calibration_sample
Wheat,354.0555512570029,19.702444334215397,65.30173889370074,84.92664006966999,23.30160112513049,34.187114727577345,5.842650561159888,3.8268859935022275,bundled_calibration_sample
Wheat,669.2040951776916,14.695662286110581,59.21470244867429,60.17091828742301,37.78752788485535,30.85285895175622,6.737638683309847,3.6085378402435184,bundled_calibration_sample
Wheat,973.7501829445812,21.039036621133302,48.08572748873739,79.20226455181248,19.40150744744418,28.52768027294594,6.816901370281729,3.474168702423788,bundled_calibration_sample
Wheat,990.0481481365593,14.393183146015655,53.30721580142767,88.07099199816015,16.797949318697178,40.50859490914001,6.028757225198951,3.2850953582641034,bundled_calibration_sample
Wheat,953.0119854432264,18.372670796853,63.70124606178375,83.22084003713186,62.88362436686744,34.38484448155729,6.122427545070815,3.6472469555409592,bundled_calibration_sample
Wheat,344.42029611756175,11.012719305158067,52.12534760411853,46.28333148163855,20.61322747157291,28.654101551934005,6.830517666044668,3.5022869530391914,bundled_calibration_sample
Wheat,515.1832719484406,19.54408747927203,64.07948936863393,62.55942200283934,46.382747826974864,26.181355789999806,7.526704206346213,3.3518924077026346,bundled_calibration_sample
Wheat,990.0380874816519,18.924063468464876,65.0744267072375,41.11726364604232,34.38500183724612,50.174810330234195,7.15564616605402,3.4176620460574307,bundled_calibration_sample
Wheat,712.5362376529272,19.550883081922017,55.52996555834031,42.028346979397355,38.20382611104418,20.122718867355395,7.930115440598886,3.178678419829674,bundled_calibration_sample
Wheat,728.5070367313633,18.901889605393503,59.6526185662252,110.35435465818833,31.217000339403658,29.147568366503034,6.6900647548608285,3.6920347900683423,bundled_calibration_sample
Wheat,856.2085256481357,16.251086867905705,75.0532479909537,96.26119888794929,42.646682017424396,51.15923178591923,6.905747938202474,3.3477584941876577,bundled_calibration_sample
Wheat,236.98116264054664,12.905697641901979,66.29593224130957,98.83084382992001,34.00637329669794,28.916036339186427,8.022303905693658,3.2579401169249556,bundled_calibration_sample
Wheat,548.3973221416212,6.394481215521553,36.01274352579301,119.30461622166803,26.93420131830137,34.73560879245061,6.587170060404805,3.2374508409482683,bundled_calibration_sample
Wheat,1073.7539196452403,23.75783454204115,67.85045227195135,96.07329776445971,20.66783687397545,46.8640809996979,6.35113266001445,3.2053726596645773,bundled_calibration_sample
Wheat,487.3799499680236,18.74832313622758,67.23538167698412,54.065750013268364,38.18482454616045,23.99765708249729,8.23673421498952,3.36570090063168,bundled_calibration_sample
Wheat,458.8828714110137,21.471815767361893,52.18186167217517,85.64053613614804,57.4287323697064,29.736713054002326,5.90276806766261,3.6514903244705996,bundled_calibration_sample
Wheat,364.3020632497812,23.273149869285252,55.91267116615818,99.90247063305566,31.83561231460661,43.97048295995406,6.632825675991625,3.7636632870727684,bundled_calibration_sample
Wheat,318.04936457196726,14.41767946206091,38.24723867754042,98.35537841068256,24.720321371177484,61.316246552017816,6.801805132475269,3.2316428369966803,bundled_calibration_sample
Wheat,644.3502628911078,15.2358326679106,68.50354217233372,32.444825507754445,50.840467284169634,10.793614244840455,5.827046073141213,3.087929148479776,bundled_calibration_sample
Wheat,992.3737391910898,25.030964857076984,65.19134675374889,85.33200444902538,54.22706106049958,19.14413293481796,6.789503235844155,3.401092284267352,bundled_calibration_sample
Wheat,882.6902083133666,11.87368149932022,52.77286546363068,97.85893951257037,19.486278245081767,46.767750671844496,6.841865004762277,3.3661413178739243,bundled_calibration_sample
Wheat,506.0139001394566,21.63581082812168,41.37261242120207,40.98217653261098,42.81542055914984,19.517564700453722,7.584391857683928,3.4246398256164037,bundled_calibration_sample
Wheat,415.14722630608793,22.72706794026283,61.476537169974755,64.95047354291903,35.76351015244556,50.19246387385951,5.799969692829131,3.648424076032152,bundled_calibration_sample
Wheat,705.0183386835486,18.161777509325336,49.664997399046044,88.41737024910938,33.19155184379729,39.272903414895595,6.030779217534051,3.4841619080149155,bundled_calibration_sample
Wheat,30.0,16.197250207004892,63.39941644137273,89.50326339932438,21.024355376756887,37.60106212512773,5.81499482092462,3.347135776695316,bundled_calibration_sample
Wheat,407.1243799769636,17.152937287217533,47.10688325620458,31.25215059224697,37.282437625243745,27.903943016512095,6.298331209436256,3.486450588807384,bundled_calibration_sample
Wheat,793.4840083605778,26.429937891080456,74.92264716993043,78.69730527166081,61.89509853957048,49.31525345155911,6.304864717477331,3.335322971217215,bundled_calibration_sample
Wheat,447.134944393959,28.316861796884204,39.765301810894314,102.99668921803637,40.54045320072244,44.89405959561392,7.0627530683565585,3.385912386562337,bundled_calibration_sample
Wheat,593.719025140959,19.56901924001683,38.29981261732898,96.40552335399357,46.99094076871607,11.888487768983694,7.877589680109864,3.2129350214761003,bundled_calibration_sample
Wheat,803.0398858647224,16.38672815108479,50.45560191720247,55.81509253129668,47.6455617244812,20.087399066294168,6.657036047925757,3.368344556894579,bundled_calibration_sample
Wheat,479.65400501227134,17.592879122220793,63.55541168201759,88.26203814471536,34.72495923446332,29.85012568073006,6.080458689995487,3.619642729295944,bundled_calibration_sample
Wheat,387.0570340127755,19.917185769381735,61.70358913121989,100.9772284515543,43.98665948476011,29.082974674749032,6.685289619700439,3.6033805840937503,bundled_calibration_sample
Wheat,568.2868099038592,17.679656295719404,61.03665201601274,58.03939932622092,19.014758155221976,30.984789244609196,7.163422922647734,3.673144902659488,bundled_calibration_sample
Wheat,251.48156061747437,17.415998629615025,59.561031403319156,77.27205647099805,37.32793304454791,59.367818394054474,7.27864610318278,3.728273249821196,bundled_calibration_sample
Wheat,1153.2909892881519,12.830636474724429,41.18457221300174,86.43893321727192,37.41666932209675,28.05572884186084,6.14440389071701,3.4421818450215507,bundled_calibration_sample
Wheat,467.8196471538006,8.824705146234162,74.40985217839606,59.20703554158536,34.143254794434334,48.230638174997,5.977084188702456,3.7499997789275232,bundled_calibration_sample
Wheat,687.303311589435,15.727751669319435,49.85205246133463,77.02020626297771,39.34181099489904,40.63465332849576,7.456366427101857,3.8683201902464868,bundled_calibration_sample
Wheat,632.6711945043171,21.5473381159616,40.41623818340517,61.83294122175981,46.04349295701712,24.22201484445158,7.20960532829415,3.6865812033785708,bundled_calibration_sample
Wheat,582.9427079353526,21.643807133269565,61.93774341275184,108.02550927373068,34.35048668768636,47.75073218696266,6.407459439458507,3.57011501268926,bundled_calibration_sample
Wheat,963.3018328589817,17.973649926555264,51.780215105168836,83.0147049255841,43.47598952419041,36.942881484908064,7.020819790271854,3.71173018167735,bundled_calibration_sample
Wheat,30.0,23.599999430051167,57.64121275110115,48.162438933295746,48.802161442516116,22.00254838808874,6.669708033495537,3.447817757012625,bundled_calibration_sample
Wheat,624.676599458903,19.15267965233885,51.1100546660482,95.01188538892998,37.86969145243416,41.16412221743113,7.805269975907315,3.5338797918757154,bundled_calibration_sample
Wheat,531.5066702861569,27.50041103412356,43.408559134461335,96.9378812198982,32.57312032658846,24.506934496958852,6.322469722062246,3.2879219228287244,bundled_calibration_sample
Wheat,498.18879997714737,18.325719583002755,39.76799141853224,66.65997250347667,27.92134924168731,19.629385994375852,6.859802626688912,3.5181592354960296,bundled_calibration_sample
Wheat,127.49331859033407,11.157401085484828,58.063258522573236,106.85891498626955,45.29260168300899,28.367228299933185,6.438962854192363,3.5813593918403037,bundled_calibration_sample
Wheat,388.590855679924,17.070148693162327,54.385884579030716,63.820309227049904,44.459686552847835,31.985130425212226,7.654027531602289,3.7392984341726567,bundled_calibration_sample
Wheat,543.6555274315003,5.499172675983662,48.62406715928641,100.68487199128639,39.844991898188525,33.32003597923199,6.567225344261655,3.283597284445059,bundled_calibration_sample
Wheat,669.0709483079493,21.991187927524606,52.02453379503233,78.3252239528114,56.8964889593699,30.112677328880082,6.432537776569751,3.305655557444322,bundled_calibration_sample
Wheat,681.5424692575201,15.208973555240354,56.539180279014396,70.52466408100551,18.68311019340929,44.45249112717383,6.242861609784571,3.521454146742307,bundled_calibration_sample
Wheat,782.0743125411094,18.934009110656852,46.7564793173846,59.09422224538677,24.290065783990546,16.754621359272445,6.617181150229063,3.4799024754563788,bundled_calibration_sample
Wheat,126.41544365647292,18.15098371902016,42.01799162968301,36.66269278629596,43.74923155963703,40.77750975941928,6.869572660720741,3.375168023082182,bundled_calibration_sample
Wheat,308.28020593517294,16.2671740594062,56.313811747966,90.95885094837537,37.74908300014759,51.829781151113565,6.366783402192067,3.3462164455883654,bundled_calibration_sample
Wheat,278.81846915689147,17.698791842862008,46.647340316414834,24.89078995764416,44.366420396091776,28.709661952743154,6.669359855951022,3.2463365828249007,bundled_calibration_sample
Wheat,618.1332765371521,25.051515533224052,43.7826886994947,67.28940841028485,39.26987345368325,36.32029140897608,6.228263117330334,3.5012144410323427,bundled_calibration_sample
Wheat,787.0465063477586,20.660162379758347,67.4335364731554,54.43682819800516,31.428739948889856,34.85874885047748,7.268271617981859,3.698125579140701,bundled_calibration_sample
Wheat,694.1324556125218,22.83129216986074,64.85397128106405,82.83833541193951,31.346276952070127,37.90998579200384,6.92115304793474,3.8760841778072517,bundled_calibration_sample
Wheat,510.54829146026987,23.601289665455756,40.40944801252138,57.476217990538714,28.831025403282617,57.18761618297611,7.011828695155664,3.3196692023559797,bundled_calibration_sample
Wheat,504.1502805358704,20.656650437262257,70.52438292999256,42.39607311688067,45.87071576860316,43.57871792735736,5.736728133666003,3.1828117323034797,bundled_calibration_sample
Wheat,704.0066853091938,19.471826521892176,39.51165598862275,109.51605040079164,13.634110185986415,24.626036445912817,6.888480941088489,3.3569835427131753,bundled_calibration_sample
Wheat,442.7057378747161,21.979822746078213,53.42606465208478,39.55947341357228,27.485873738575016,40.82876267419125,6.305633925586242,3.345220818541094,bundled_calibration_sample
Wheat,710.6611290584318,17.703631718276636,81.9444742939765,79.70984655526165,29.056670578127935,25.351049898782342,6.916659253448581,3.442769409489912,bundled_calibration_sample
Wheat,334.5045239118141,11.543490410500421,42.17281751095695,87.66261149710884,22.6383298470438,37.891847578934645,6.943387377563691,3.3347671927014666,bundled_calibration_sample
Wheat,665.9619198703557,19.885783668800215,47.28642673048362,26.30812093181119,38.955858242262515,28.54114097430377,5.197947671266277,3.345013646285842,bundled_calibration_sample
Wheat,521.9881076974835,18.28020474609643,52.149308042351834,71.56302828228121,27.823468723292976,5.0,7.637797727479139,3.5743638315793986,bundled_calibration_sample
Wheat,575.1101542987759,11.060178888300252,47.032108774858926,44.23263707517256,36.01425173450484,22.050568641748935,6.575246162663508,3.6359248727415094,bundled_calibration_sample
Wheat,430.28109235191704,19.75942654577322,44.220259819577365,43.227872785604006,26.39001701469588,39.593125144268406,6.5781633747023145,3.3327879570823,bundled_calibration_sample
Wheat,785.2356781892747,14.390897990899862,43.24744024316315,89.17006745878926,31.1326892722504,34.25623612674243,6.872753918473099,3.56117206925553,bundled_calibration_sample
Wheat,555.7639317073292,19.065284651372668,63.75289521613207,85.67859460295625,43.57523104642352,29.487453373040744,6.7997958301563735,3.646381041733082,bundled_calibration_sample
Wheat,783.052574400736,11.630603032856133,60.773889086269804,56.35578368437592,7.435890102871504,43.35125727812353,7.135347751319718,3.5042629583274993,bundled_calibration_sample
Wheat,304.45573922950337,19.952174779990646,37.46477889318309,44.1113357737963,31.227143184416157,53.243132175526966,7.241700495754048,3.520099216848156,bundled_calibration_sample
Wheat,704.743633972204,19.821672057635137,51.29631478001026,8.332411687221281,52.978585661083585,32.46031760926479,6.570827218155239,3.0993078706781536,bundled_calibration_sample
Wheat,747.5127741124018,27.337889400737765,57.39186781832394,80.29747656338299,46.173220941938176,14.040556794328133,6.519333048642253,3.1705321522857313,bundled_calibration_sample
Wheat,822.8786637980733,19.48394831897032,51.17509417442982,72.80301799486938,43.53462064335508,29.359461060267716,6.534863541514137,3.4246112211905535,bundled_calibration_sample
Wheat,780.1235540056882,20.223308583844286,49.40702118730836,97.88895226199443,18.411975506319244,33.391218269563275,7.311057366234264,3.596786588030634,bundled_calibration_sample
Wheat,819.1602750723761,15.208390677917452,36.124995432982956,78.12642812904215,38.401606342319134,19.978781790105813,7.071799763945055,3.7677244598403457,bundled_calibration_sample
Wheat,345.1708367687799,18.12716806852732,52.32691570857812,89.42247710578114,51.9614657974584,17.13447112287317,7.450487020118837,3.2132742924434488,bundled_calibration_sample
Wheat,535.6235707964214,22.500628798086687,38.44567815588439,96.23937907969935,44.44340873604459,31.908657783888295,6.712100514233696,3.7139906046204727,bundled_calibration_sample
Wheat,707.0117341956989,12.883391582582972,58.94788065834921,53.3138747629819,38.716441669474314,25.464022603488743,6.806391828365637,3.6007455208524077,bundled_calibration_sample
Wheat,789.2761631594882,19.86449122029459,55.29365459386834,63.46101366551714,29.471965136068306,35.258289303936856,6.154406044370997,3.578465279369905,bundled_calibration_sample
Wheat,361.42983787658784,19.084366915326495,45.016987930152304,83.39012691380849,46.95383859863433,19.056143133738857,6.162231224473179,3.4047681921727357,bundled_calibration_sample
Wheat,725.6687517518212,18.000603090041817,73.44348412940921,78.843740464501,33.365302631035064,22.43225598932741,6.821301113629172,3.419433094477737,bundled_calibration_sample
Wheat,1193.2165489114827,25.00317234414876,61.48355736908632,42.89211472363934,38.16243255076598,32.77773560096913,6.267343345460371,3.5215068002017746,bundled_calibration_sample
Wheat,523.5604981672446,10.63189306537526,46.524798342706475,42.36226938568889,44.77669475326246,25.994879668840532,6.684611048448657,3.6099341074522684,bundled_calibration_sample
Wheat,535.8036499649652,18.00893703543922,54.30631075409529,96.96142694094121,50.259790660969905,26.667031762457004,6.6064307875712895,3.4218831475869647,bundled_calibration_sample
Wheat,679.5332937612285,23.281377504743666,58.53604654238176,54.81938789875902,12.843720423398715,37.24677266851651,5.861021598415678,3.318833873351417,bundled_calibration_sample
Wheat,372.40109742297705,17.080824152854213,57.65426570259589,101.04360742133946,34.63691367058016,29.198532190836545,6.237396851288938,3.845078497028968,bundled_calibration_sample
Wheat,578.708691125835,19.570728340443875,43.26806400467172,70.58548982247923,28.392107451556026,54.68247213748884,6.505534321868908,3.5957353129623173,bundled_calibration_sample
Wheat,670.9450257779858,17.9503398063178,72.56958527801513,5.0,38.02739499316915,37.51867013393328,6.477061003602477,3.3486604652072547,bundled_calibration_sample
Wheat,451.0569739358065,14.284965939824364,69.13870678744759,83.34406062679366,41.651086103228565,33.985099227314834,7.020053194445476,3.916769615615893,bundled_calibration_sample
Wheat,350.3488697965046,22.416185315226485,26.202854783744765,50.97548421516756,25.392976762734122,25.055816591405275,5.526159273102928,3.3055315670614687,bundled_calibration_sample
Wheat,490.0134046121066,20.672866727529506,58.50393341785194,53.39423926150552,19.334347598104593,26.615560888963284,5.775737394634698,3.359902788289747,bundled_calibration_sample
Wheat,578.8008028432644,9.739163709518596,45.61123235460381,77.78655265681688,29.980316270555125,14.578047422516885,6.565872787631539,3.311272109752126,bundled_calibration_sample
Wheat,1041.5810170866607,21.329766298920433,44.03483858028985,51.345138899892255,45.02139280119265,23.480218857361045,6.851808115426011,3.3774097283226943,bundled_calibration_sample
Wheat,454.78917302129446,17.015159562381157,66.94492022542366,81.1649545739036,46.78814797266979,29.546323147476272,6.148528258877461,3.82389835905786,bundled_calibration_sample
Wheat,656.9485129895016,15.102921794601698,66.2140074179411,94.04241704449527,47.70259463953601,38.66670548354586,7.461367818087419,3.390105663111443,bundled_calibration_sample
Wheat,513.456723037509,9.658875372660795,57.81583861709721,62.59621021995446,49.50399778348119,30.470239066696543,7.317945591352792,3.5336150638814154,bundled_calibration_sample
Wheat,815.350265081868,21.80410302668124,60.69703420853652,22.463295995792073,59.847622462705615,30.756583624726638,6.84101152190542,3.4288210154724355,bundled_calibration_sample
Wheat,848.4286732964811,21.51689226507708,65.6052629249557,84.28970724047566,40.98421968052871,29.989418622247335,8.023543299261078,3.6700736890798686,bundled_calibration_sample
Wheat,483.81553573081925,17.672511004113076,43.021512233497035,44.607335844345066,42.233916240345536,12.974259553756323,7.786706969897977,3.4668199912394515,bundled_calibration_sample
Wheat,403.4074432785478,9.9333646457865,57.52311915040525,46.605641601077764,22.55471009848007,34.62737351543624,5.909520763083236,3.5229644173792782,bundled_calibration_sample
Wheat,165.79445297247833,20.529011286149654,46.67223684528173,58.23177748720513,25.121146628448393,36.210313793072785,7.756109530267492,3.5291544427973793,bundled_calibration_sample
Wheat,827.3937544488878,27.23824380026746,49.41973159345019,37.84823663277093,46.687574451227746,21.902090144902857,6.669751249149197,3.3941971417463854,bundled_calibration_sample
Wheat,702.2220787122154,10.289002381831974,50.13736582301077,56.36168456167524,32.33212879987363,24.210644871692306,6.6288016120932856,3.3849876880766274,bundled_calibration_sample
Wheat,397.0840176865868,14.687505579746052,52.176431529341855,77.22143984222414,54.12127367753281,53.020201407762954,5.4225844031299,3.134123209146068,bundled_calibration_sample
Wheat,997.9843919018994,18.50361218655534,55.4723330884871,88.47728824055781,27.125083316821048,40.35750101065976,7.734818711201185,3.433102348730592,bundled_calibration_sample
Wheat,308.16574044215514,26.673614397243682,60.66133800014212,73.4971415050393,15.900130067402277,46.30593221659615,7.418108683465983,3.369306625653136,bundled_calibration_sample
Wheat,594.9273286575892,19.866343146637814,60.02258409635514,80.62991969774272,41.76681759408779,43.10737556996048,6.973408413897697,3.564989945900934,bundled_calibration_sample
Wheat,704.1999671301933,20.722205634101094,67.30640301910532,74.68033769927885,45.39102291724657,39.00136347893962,6.682625741193622,3.553610868776221,bundled_calibration_sample
Wheat,427.6809829077505,19.71299078934171,41.42940013464362,80.92368195360358,40.19177041461661,35.1994185251251,7.582796400485035,3.6801826521060046,bundled_calibration_sample
Wheat,297.2144499251623,17.57107661137336,44.94275308358075,75.2423690311681,23.82725446199276,37.51041474360579,6.917067429985305,3.6399524506556156,bundled_calibration_sample
Wheat,460.94809683664243,19.423111476417013,61.097640483695535,102.7078524727315,31.17954194032148,35.329733498888736,6.4227961382239895,3.752917159827045,bundled_calibration_sample
Wheat,889.9440108138829,15.849692994937069,64.8156491415012,86.01809171468201,43.46822881197738,63.127035731167425,7.52383394159775,3.30953646808218,bundled_calibration_sample
Wheat,996.2775517422916,16.727708122201282,44.58678087948809,90.85801950172707,28.517950222242032,47.52011382857876,6.595436391952608,3.6274352662872307,bundled_calibration_sample
Wheat,601.6031353990218,14.365214970704926,81.4619523525389,70.17791986362674,19.976883689610702,36.68854988224029,8.216865215561391,3.5117362627579514,bundled_calibration_sample
Wheat,445.19715639216395,20.554501278998956,45.87521990717355,63.179513361929054,34.77837974179624,34.021175199218234,6.132909898566823,3.6581768765773006,bundled_calibration_sample
Wheat,307.27253601888407,15.554120305939708,58.19476132117776,91.96847400422133,32.80779954286195,46.70828284475392,7.263432068550229,3.62140549556595,bundled_calibration_sample
Wheat,792.4919492584266,16.389104712934028,51.13385699155303,67.32950988590333,53.67428193590263,26.95344153202824,6.224651764896928,3.7745335114374927,bundled_calibration_sample
Wheat,650.1473874610322,14.599752459244943,64.4950416582038,67.65449730521874,29.229036642613934,19.91561155193949,6.658617934290487,3.3434620529055343,bundled_calibration_sample
Wheat,114.50335975655906,19.018341508738757,50.08416352317945,97.62714062091905,24.322328524550677,36.08921017247913,6.1747490288600195,3.5933344010437502,bundled_calibration_sample
Wheat,317.473849793259,16.357744945769763,51.69866011031401,78.17638388172143,27.08980358832632,20.259465844751354,7.9176848568482425,3.3824981076449108,bundled_calibration_sample
Wheat,764.264629344272,9.192711993656115,51.002472333202704,73.89934919822946,17.801741971621855,47.46618957668012,7.056347696963589,3.695291166301365,bundled_calibration_sample
Wheat,613.4566022458654,14.306973040398978,57.46317481720179,72.25630240628189,44.28138264545981,30.00322757301467,7.257928441150518,3.4483329476916853,bundled_calibration_sample
Wheat,453.38627955783284,14.832010503465458,53.50293865714897,48.74235987342493,35.41368322999539,30.338175916055192,6.299086254668158,3.7613620616211874,bundled_calibration_sample
Wheat,1084.957985094569,18.306309452441816,61.517714398917676,49.71254961278057,44.943036906237154,24.400567063143605,7.023432790566242,3.402241125479129,bundled_calibration_sample
Wheat,282.7366849539752,15.246652879406598,40.84966920695421,62.44421577888251,33.36120648097829,37.84485076039858,6.367171599213663,3.59284352553928,bundled_calibration_sample
Wheat,660.3251550531387,14.374887815463566,51.87997428716897,64.34793661784008,41.02402791107596,50.747782658440755,5.661507908058485,3.732852196153903,bundled_calibration_sample
Wheat,501.3579853828869,11.953094021735911,54.7600895837144,19.38981872271141,42.537329265557354,18.033472613120622,7.557269502894003,3.1034209748549357,bundled_calibration_sample
Wheat,177.29590509168327,22.236059524993102,50.924295803558046,69.44888325614075,29.666054606983842,23.632644700345026,7.253961908555313,3.5042444061245543,bundled_calibration_sample
Wheat,626.8011906632711,7.556803640085516,56.310774212590516,48.56856714030489,40.88557405389264,42.364781163587054,7.251932769708648,3.3137343052147825,bundled_calibration_sample
Wheat,604.8618118365487,16.52070924119503,53.99154037602848,8.269108866738001,31.089722575005826,37.02903506228613,6.612746840818279,3.329694031339794,bundled_calibration_sample
Wheat,700.6915818840604,21.057922787544896,51.76710036006407,29.623378384144168,37.554704346292546,21.86752720245395,6.547809264794254,3.379243117095395,bundled_calibration_sample
Wheat,424.31669153414134,17.494100415017304,59.87277748003175,90.39521897977869,44.50612010680823,38.38419748311346,6.79202991760088,3.731278833946862,bundled_calibration_sample
Wheat,969.7059474139542,14.617343432991536,42.33029290745205,49.21289659235563,24.560797234577088,38.40446925746875,6.0191456554448,3.3022316562141096,bundled_calibration_sample
Wheat,641.3019222900421,13.894312956475355,73.24467325026036,74.64893975254435,45.567721527452,29.113655975637577,7.052001808037405,3.4890594987591674,bundled_calibration_sample
Wheat,540.9657173119386,16.23852333925902,49.26056782626033,63.88542741659969,45.54382611924156,50.41316229957857,6.02564462452789,3.3943949511985294,bundled_calibration_sample
Wheat,815.6377894943082,11.787036327429389,46.22907476518306,71.46820857689616,41.4566802680933,12.861486996838114,7.368703892395413,3.581895166964431,bundled_calibration_sample
Wheat,313.33816313204585,27.060462028358558,57.305417036171676,63.08976626055558,41.45736585419695,47.03425376428028,6.071624789921154,3.3332840019675665,bundled_calibration_sample
Wheat,784.39536455651,18.271932032767054,48.5125752912002,55.83570585514274,34.53765886002965,46.69971598427806,5.94595043345503,3.722291972346316,bundled_calibration_sample
Wheat,440.0075618606252,18.721637899079077,56.04924559268435,60.94402939440619,46.095451136411896,53.17033608468735,6.537087506890378,3.387736012826466,bundled_calibration_sample
Wheat,504.3857877154096,23.73117431061575,43.35904373304869,85.38485794692235,29.0783093444898,43.965687149916164,7.075266470299349,3.3415079844209803,bundled_calibration_sample
Wheat,306.0267349126387,13.763903653489729,66.35463389624823,92.59981998107641,15.940737341274446,28.482476953686636,7.014087212744689,3.3050585510258226,bundled_calibration_sample
Wheat,670.7185640068335,24.565939340662133,45.271435414576096,97.90535957738943,24.21077225703756,5.160322169443109,6.241124170451696,3.323558713043878,bundled_calibration_sample
Wheat,453.748700741552,23.006387775569667,68.73587540600542,58.37168019257927,38.25871204795857,16.046198306402825,6.549501090693398,3.309124293973673,bundled_calibration_sample
Wheat,713.9355304275746,17.578927269645202,55.861732102211555,85.97401567470116,29.106907059150178,29.186347091238712,6.8268835079954275,3.73546879280098,bundled_calibration_sample
Wheat,795.6144232452247,16.23557535034573,54.569324291226636,97.25830977786705,66.08938882492507,32.146506742362156,6.323717786236104,3.1257215258127484,bundled_calibration_sample
Wheat,667.739645861348,20.480328788222522,60.596866827020015,97.94014166187439,35.327027124834466,31.65978781739209,7.0362430833016125,3.397213413620943,bundled_calibration_sample
Wheat,645.413596581262,20.31118745614822,67.21400205005698,54.764374653246314,47.034232822859536,36.01337378889103,6.088125177626155,3.780410483549526,bundled_calibration_sample
Wheat,642.8167339616069,18.33701032141693,53.88138335781538,50.369597053993346,36.26528106840689,29.717162858801252,6.479321637904281,3.8718378552569375,bundled_calibration_sample
Wheat,542.6888505533727,20.846547066631224,60.47738658309105,127.40365569938757,23.877800608755503,58.13703067620186,5.887428010662164,3.3388361613740765,bundled_calibration_sample
Wheat,593.1778419651218,19.958011682515096,57.275037869738995,51.70995223322566,38.91168829485246,45.193096027362564,7.746474401117086,3.464199696903709,bundled_calibration_sample
Wheat,92.36293556207465,9.781528772596975,55.10741098394341,59.18295465043822,30.16930195375248,15.71420340869312,6.943648487573413,3.316582933531917,bundled_calibration_sample
Wheat,511.0288391108192,25.579061732745846,60.96954004611099,38.650610548986094,57.87428758308906,30.39535812176173,7.608212229481055,3.21472588238738,bundled_calibration_sample
Wheat,824.2578860263152,20.15015821190416,53.06812249479534,32.68576669268406,33.98924991471864,26.815274327417228,6.55250361083601,3.5367325690048808,bundled_calibration_sample
Wheat,384.9982924306157,13.37591773249358,57.00131969993826,94.56398275299796,32.19710839208253,22.215598356015615,6.068804566360805,3.422545408162264,bundled_calibration_sample
Wheat,182.4156002796583,23.80771644021184,52.593302605884624,72.87163896497567,42.40698328244033,42.33880599561823,6.663367000734026,3.486829363738445,bundled_calibration_sample
Wheat,426.5584175896503,22.28168471151052,46.454244101520445,61.450397956057394,29.285111153755654,33.12118266123537,7.3104784764725155,3.4776572892495907,bundled_calibration_sample
Wheat,400.5450835160233,19.02651104741731,45.13892216393735,52.90646383412583,26.85951645162509,23.7519267443894,6.395138975346115,3.6873969466764978,bundled_calibration_sample
Wheat,647.3426962532174,15.573828715632892,64.13856368936446,84.77250620469897,28.543556003091034,26.637971445311308,6.946894991175658,3.382286211451539,bundled_calibration_sample
Wheat,750.2631944987386,12.690940336842008,43.90492715921855,79.1309748968641,32.73149994339415,37.820108112670376,5.881794672161916,3.5327106123186995,bundled_calibration_sample
Wheat,627.6113889846552,18.911269675215628,63.608262675124465,108.9487518041015,31.3614406168474,26.799111754336966,6.373290713515113,3.604683112512265,bundled_calibration_sample
Wheat,1418.2577549005368,17.283049379812915,55.250641250197546,72.49939732036273,34.23291433998935,28.63190673727351,5.716307051159967,3.502086755183085,bundled_calibration_sample
Wheat,1003.510650026769,13.470239686678898,60.91356003944749,54.258182647400545,21.778736032237596,37.34996232442744,5.944107168566748,3.637247272251727,bundled_calibration_sample
Wheat,735.7441053402688,21.39625394723468,57.45062660044247,43.368287345175055,37.157229825671166,39.22599320422189,7.786723057656605,3.662285904736626,bundled_calibration_sample
Wheat,225.9037036456707,9.24380027472402,59.34037323008852,83.32986813479626,37.18621235284815,17.808216929506848,6.593121510263642,3.3537470278492547,bundled_calibration_sample
Wheat,322.7550223401709,19.397608547324324,45.55004516423292,107.14800805287061,54.371790759459486,55.387082072461,7.335877005191757,3.3930383503256687,bundled_calibration_sample
Wheat,625.276387360974,14.823800420437019,63.98332019430896,49.06364442019935,37.490070635143844,21.31381249887933,6.49853212254084,3.462750105495891,bundled_calibration_sample
Wheat,995.7236227882324,18.725218331473535,60.20148408950161,89.17493699395473,32.05957707110246,24.567270981033566,6.578976604544595,3.5840144940285112,bundled_calibration_sample
Wheat,374.2947872324745,26.51131867940748,33.80740729507816,91.37874585203062,27.933792379869256,33.444245965409465,6.9279504796077,3.3233229716228627,bundled_calibration_sample
Wheat,373.56680633882047,15.274530816201175,58.56147034849077,92.53291357370004,43.661545963663386,51.77223841484273,6.578803441398261,3.4459812416470657,bundled_calibration_sample
Wheat,669.7220163550378,18.20569584335491,58.56901289864841,65.78260040121636,36.74883532345368,51.348583278640454,7.250916445935639,3.39427653103537,bundled_calibration_sample
Wheat,857.8987864313638,19.54979242572342,64.53513208631958,58.90724962444551,38.47787981641133,45.659720690704816,7.850998991758265,3.526454181864473,bundled_calibration_sample
Wheat,781.2344022191155,28.35931117561362,65.64048235354767,61.16933612453718,38.27579710705307,46.45705147917138,6.970908473066708,3.649929534730595,bundled_calibration_sample
Wheat,293.6712661760468,18.530564486890977,67.59409796412889,35.964046527420415,34.73533182593991,34.782083928236226,6.437227491803766,3.4526038209839505,bundled_calibration_sample
Wheat,627.5151039313873,21.959473880373384,59.02818944086674,44.405084674758754,54.467664019476615,22.69729244895112,7.022351619595371,3.3562517192747876,bundled_calibration_sample
Wheat,269.05178467940766,13.887276696477016,50.034082403935564,36.527684107050085,39.713657360415404,32.75404819704089,8.013167517669675,3.498453924051453,bundled_calibration_sample
Wheat,413.951309528121,18.596199367188863,49.11490159077152,118.06523629915341,33.69767706073082,22.675807010119883,6.757348783480948,3.640150350324306,bundled_calibration_sample
Wheat,720.0651590767634,23.187950676023497,35.68466264161735,72.93060561007034,57.5997120692937,32.655463658111785,7.69290744028382,3.3580430088798563,bundled_calibration_sample
Wheat,917.1044517923629,23.92443432808212,47.075646531208676,54.556657841908915,5.0,36.43108869050623,6.673939996944558,3.443243423857706,bundled_calibration_sample
Wheat,690.9442642684435,17.443640325440803,68.73233024825906,58.725366419054566,45.89189214150758,34.76877077265364,7.409829570610157,3.625877407276846,bundled_calibration_sample
Wheat,870.7613737989066,24.123830195141572,61.97201983234372,48.05485729398535,34.44022061651491,12.966330086307348,6.748976747285195,3.431561897805274,bundled_calibration_sample
Wheat,712.2795772511989,17.659714444879434,62.87638940813852,69.78540820310728,22.10223736973134,47.84455946551283,6.471042489485516,3.428560786042726,bundled_calibration_sample
Wheat,719.5231689342809,20.009807072321266,53.267775330206646,31.14291653223338,36.02336397418837,36.87792382614026,7.2678419648684995,3.3902400610664123,bundled_calibration_sample
Wheat,522.7767470260939,23.21024662513768,51.827499278359454,72.87336649136084,18.214472285861547,41.009800682620835,6.910348809408607,3.4308929348789348,bundled_calibration_sample
Wheat,776.4131988727092,24.529116491247265,58.28412387036014,103.82413432209515,45.58109164382537,17.48746231919486,6.95533263814276,3.437347185469896,bundled_calibration_sample
Wheat,498.1604057543106,7.492564141007184,48.23004496899228,72.04993426239876,35.35031506701684,37.68332642216029,7.093191211209618,3.934572057155791,bundled_calibration_sample
Wheat,214.6183099626923,14.999843480971359,60.33660638456975,82.73317316083775,45.133337727663076,34.317106979884734,7.303588755248089,3.437857459032239,bundled_calibration_sample
Wheat,521.5281495908376,14.541381084405511,68.45446723500665,76.5761102539825,29.058961061600808,40.78109770222057,5.99179348755612,3.4592858231098944,bundled_calibration_sample
Wheat,804.9696093749856,14.626013472435103,66.59763621090002,84.17333101999766,9.420630988092569,28.139829307533056,6.909139162673606,3.242258082643227,bundled_calibration_sample
Wheat,648.3079534592617,21.891440963100866,59.776563563805496,61.00790749834778,45.171545730330955,30.99873676501953,7.316824829589583,3.7866235709425276,bundled_calibration_sample
Wheat,621.5830088542613,14.79132176566039,47.08338159793499,76.45861239492231,30.183410044868857,49.35169600211319,7.153446653114842,3.83325933917795,bundled_calibration_sample
Wheat,826.7374787071448,21.051896702611813,74.84945743792625,96.8227672848612,59.93399125594512,9.402801656223815,6.676974820269467,3.217960204158243,bundled_calibration_sample
Wheat,222.0731719558741,11.87164155806435,30.429753725068082,51.12154098624296,19.66606079823213,17.528996751171288,6.554008854829231,3.1623089424496578,bundled_calibration_sample
Wheat,755.8008681726303,13.076925973367267,47.88096338003546,51.074800423454796,29.400871301897446,29.830715138763978,7.492380319771149,3.655694762850036,bundled_calibration_sample
Wheat,471.8288710935404,20.98353181453271,54.45861660925063,38.12824044924931,28.37614455628801,52.090140212226046,5.750445431620972,3.4874980742328567,bundled_calibration_sample
Wheat,541.4902468270562,16.346677657603607,48.96780378305134,78.77432601216495,41.17365998100219,59.67187176523082,7.124813869691583,3.5133259649151047,bundled_calibration_sample
Wheat,721.9375677331682,24.9195713358084,49.42156974682447,85.9188300670465,23.263353154639862,20.140562739813955,6.5086433816110665,3.482464817239686,bundled_calibration_sample
Wheat,926.2308919842321,16.52550802655709,54.465526268309894,81.49603007169192,26.75935456055111,35.678828622737875,6.883956683581178,3.8584777268946477,bundled_calibration_sample
Wheat,883.5273185788667,15.653876524939676,48.36597572468916,37.01522292685029,26.45624148987376,28.105378582162423,6.364709532698706,3.4104720691424815,bundled_calibration_sample
Wheat,576.5255282586335,17.68723619018302,57.65743752408492,81.23820502510108,49.86076526938311,39.76910802685798,6.5749195377759495,3.359101416114695,bundled_calibration_sample
Wheat,719.6833142480176,9.936269083545184,44.423161811949754,63.166664827191134,50.869344252012056,43.48740743677427,7.170793612821944,3.443403163011958,bundled_calibration_sample
Wheat,569.7428053337901,13.958832289458098,58.44195211580951,64.61805872994152,46.91455718171193,29.12547004219175,7.176704841449019,3.7511769129681056,bundled_calibration_sample
Wheat,463.31145825122815,28.779056881216913,68.17964965234867,78.10000028219659,22.603454333188076,39.78457595408926,6.443607732392872,3.631740368534072,bundled_calibration_sample
Wheat,627.3539812749613,8.635183713361943,55.55151403654035,37.69807386751309,49.897964625896094,36.40569158878735,6.6286594328695285,3.507921402625973,bundled_calibration_sample
Wheat,86.39796821923301,21.933382876913328,68.4582614454362,94.97703308304636,24.596710833461454,38.12170670301602,6.717793214874455,3.485232709404723,bundled_calibration_sample
Wheat,711.1882558620475,18.636546878973082,49.195870152202,71.3332588551492,36.67221656246101,16.994691759895908,6.820118270081561,3.6060513381284,bundled_calibration_sample
Wheat,598.3883179319299,27.675987042494953,44.100045858925284,66.00920529693751,19.001954831755523,36.05181984453059,7.348446470112485,3.6063752275346688,bundled_calibration_sample
Wheat,546.0867569440964,18.232490588381648,63.85929113766831,56.51197040325869,32.050935670075795,27.08085161816166,6.456317700061439,3.8472396999309075,bundled_calibration_sample
Wheat,668.206873770194,16.505792041152564,43.00816384743879,72.4437344370637,29.635883377351924,19.661938493283003,5.790259147190342,3.75931178289594,bundled_calibration_sample
Wheat,584.7199453244884,13.938336366860671,73.24460464395929,47.112487451787324,22.66651224576171,29.773681134378986,6.998227631368812,3.3728825079243054,bundled_calibration_sample
Wheat,289.43368944231077,10.525527335269889,59.258328770868644,100.40150666682152,55.51836756430449,28.58572741667167,6.726957431905829,3.161086455820278,bundled_calibration_sample
Wheat,643.0788207051347,10.657375287729817,63.90156056304463,28.71453470132002,22.58788729208152,27.80330058995891,6.433566489119459,3.380123517654661,bundled_calibration_sample
Wheat,582.858824441907,19.26063116069668,48.16908675223261,125.55706677370537,29.016329176682888,25.766568992482775,6.218096242993775,3.299186064367354,bundled_calibration_sample
Wheat,203.84689180608854,22.675244724322823,54.38409033132879,44.56577552209194,20.35779441357979,31.526060642422355,6.480863299672407,3.5742657404066507,bundled_calibration_sample
Wheat,704.9193451976424,21.87561794539411,50.62580825610382,131.67960860471453,35.25506292055566,34.42442258109074,6.087008183120265,3.2895458529689368,bundled_calibration_sample
Wheat,507.93513838033897,11.97338430947026,45.64101948683828,80.3804877932588,44.53079128168196,32.88140588045948,5.904898513499945,3.4615610766596867,bundled_calibration_sample
Wheat,454.8008784100679,22.481080741886775,51.448923041315545,56.802955589319225,41.63201584894374,37.57685722976793,6.90887811693932,3.787036785331445,bundled_calibration_sample
Wheat,571.1233995656113,27.8340778943832,42.96630736369043,37.98726399913987,19.109580539763282,39.69192818997808,7.229634751313896,3.3303262543494525,bundled_calibration_sample
Wheat,764.1455505651354,16.764804181177936,64.20321951589986,56.91104294228391,32.592728067603666,30.432337325339077,6.133262011200623,3.450729573933908,bundled_calibration_sample
Wheat,600.3103373966171,16.921924905760054,28.736901276153315,92.34235951432197,42.78242217410269,50.20776051378059,5.825488662152932,3.5344983148998956,bundled_calibration_sample
Wheat,614.1356951529227,18.29429957433734,31.40095741786708,73.39975196349083,25.260944996742126,39.62375516720852,6.186857719515941,3.748658462680765,bundled_calibration_sample
Wheat,1020.0913243400646,17.46916678163632,69.06161770335186,64.44546405308351,37.65987738177555,28.802451443523985,6.412372533806555,3.4239077395210487,bundled_calibration_sample
Wheat,760.4961599148236,10.339564380434618,59.22234275754635,23.697982248915693,44.77309513188894,46.64327842933721,6.5455911904512165,3.5494177939197415,bundled_calibration_sample
Wheat,534.9337727051416,24.813676017774213,58.886496794373166,45.81984009378867,23.880026975766278,23.57699279090633,6.195775609144539,3.319894995515021,bundled_calibration_sample
Wheat,636.5320523060949,29.52034217590893,52.77662485232087,66.21110990835508,32.81163518534468,37.638331379382066,6.794233060256835,3.7969899561146203,bundled_calibration_sample
Wheat,487.0683221438926,22.12830335432776,46.92195562735212,62.98588505817929,32.00116898023865,11.681541143329426,6.35405455531634,3.7304940583505033,bundled_calibration_sample
Wheat,831.0141410834193,26.936368841497764,53.34214464189401,49.539972983688386,32.99212050912247,42.10010832197767,7.599056450556993,3.3762626421693387,bundled_calibration_sample
Wheat,305.3621957923123,16.71423609820483,62.51778089433659,97.76494106520201,49.3908346742406,29.68997727946011,6.165183752860237,3.5055233546884343,bundled_calibration_sample
Wheat,923.341536854164,19.556121175805075,50.6189645718423,73.67778364258585,30.661465003737845,27.90594375555864,6.455235249693605,3.517858735315266,bundled_calibration_sample
Wheat,606.8413384036296,10.45327935148326,64.22201623353502,67.17433450577893,28.53347381753268,56.80650302328208,7.108630073334868,3.6508459899794246,bundled_calibration_sample
Wheat,387.5791350947469,18.185658651280335,62.737264695347555,77.09283013931562,39.32887338511044,39.22663087245269,5.420157625913871,3.5762191425033296,bundled_calibration_sample
Wheat,584.7251361201887,15.434860865673487,47.60328428826739,104.7412090665313,27.062067849976756,22.017959933132254,5.557209618027679,3.278233184980608,bundled_calibration_sample
Wheat,406.26226455391816,15.908623588044513,38.70004708557029,91.73765213282675,14.591874120967816,26.63668271741286,6.085274015609462,3.555364979438835,bundled_calibration_sample
Wheat,618.7025473531459,19.84742285714555,58.75553736975749,66.8827995241801,8.694125507615947,34.811858882401715,6.8925068528467355,3.470022876372367,bundled_calibration_sample
Wheat,486.7882790200887,24.703291637341685,34.83298344544548,69.39665341321484,47.83635917070603,40.25896862207754,6.71766495941175,3.7442519466003286,bundled_calibration_sample
Wheat,798.503245934168,16.968052188571114,44.82523525485881,77.82486955971206,22.011500078166463,28.625175266213958,7.4626115578206464,3.5293954506259637,bundled_calibration_sample
Wheat,503.683914949101,12.320214551494303,52.29937235004376,112.28967278392854,41.8684977475686,23.746709130186076,7.676177639924203,3.3656554532290417,bundled_calibration_sample
Wheat,497.11496452789504,15.895631490741588,45.7005846543492,61.18218923013506,20.51762165440126,22.66233532510006,5.7738811405655515,3.2713344340253245,bundled_calibration_sample
Wheat,1247.4974874447198,25.014638505172694,54.683767443727824,75.72375572390806,17.528853238584936,35.54624814050014,5.577584286303775,3.255007349022422,bundled_calibration_sample
Wheat,803.8071253775979,16.989234122920518,58.29751734129548,65.55759977980846,14.695716650946256,33.871584657352855,6.367572076799598,3.76128263185631,bundled_calibration_sample
Wheat,528.6808832851498,19.893956386722603,65.64024179662783,110.61585119101063,23.254172658742625,16.682825551787587,5.336789584037176,3.3861754694839634,bundled_calibration_sample
Wheat,402.44989966954245,16.207859939430513,41.404240471941435,71.08098955226852,23.857534553055174,26.00291876677204,5.024956911334967,3.4791913359628364,bundled_calibration_sample
Wheat,567.6257561255568,20.697330278428097,73.90631818018205,77.34458708115997,35.21019076418428,20.24115005409288,6.4878955800109415,3.735655929838417,bundled_calibration_sample
Wheat,810.3980912248842,11.388054650825456,49.116927303627776,92.4384121382408,48.14619525690881,33.400774647552446,6.849326008874849,3.415458248986315,bundled_calibration_sample
Wheat,723.3108961003686,17.42046318978266,38.36998133758004,72.067003715282,20.003025853354757,27.277522825950193,7.762014006656014,3.7387094243456045,bundled_calibration_sample
Wheat,935.2369364191945,26.91285052703675,37.43503476823066,78.99742742364408,32.74276354721935,41.95535651856203,7.284775980207726,3.357957372975069,bundled_calibration_sample
Wheat,576.8063312091225,24.40285132760229,53.17283910935987,37.196759919325665,27.043441821812962,26.84373121999529,5.362505977583507,3.1292428930803795,bundled_calibration_sample
Wheat,615.1636465251117,23.049938617711877,45.365711311150115,57.537511682382664,26.098577042097027,27.865770965500957,5.300949501714754,3.5094342538430983,bundled_calibration_sample
Wheat,220.74364972823952,19.164943346644144,34.900295904999474,55.43924290110815,28.876106039333138,26.205136801656774,6.453686031276319,3.303993872976327,bundled_calibration_sample
Wheat,829.4543412500389,20.260849044137746,49.05191973968857,98.91666643080302,37.10657131424409,26.95909286032994,6.093584964812013,3.691567382611754,bundled_calibration_sample
Wheat,519.6425667555789,18.3344888328213,48.80100234776616,73.19510741743612,21.668792475287667,40.9030322633384,5.848272554856841,3.370973516593262,bundled_calibration_sample
Wheat,1059.8672403040414,21.581505763301067,56.82846272336625,71.72156847688906,32.935396030973315,21.964934027437504,6.363316738799206,3.7180660982273173,bundled_calibration_sample
Wheat,502.46417569678965,11.70844350841406,55.88589996764673,52.018011766712974,36.43616187914393,29.41637904973706,5.89140962704046,3.7563454730251595,bundled_calibration_sample
Wheat,1075.483695230876,15.307391299465644,60.81985507252147,82.1422382313888,47.888656647173526,36.791151197656376,7.52224350569264,3.319956125284916,bundled_calibration_sample
Wheat,488.99791591728217,18.272909690520457,60.820814520951565,53.26081946015816,65.55940685797613,41.831901113994064,5.613337151419649,3.278641688929898,bundled_calibration_sample
Wheat,412.87858779970026,22.05073858679875,33.23355273020542,88.94177480912248,35.005091705493726,47.792109659477674,7.455870403908968,3.654161601457692,bundled_calibration_sample
Wheat,508.4851939883189,14.686103934558417,45.687095991672955,53.92705993563458,5.0,30.354394202951582,5.89063608167554,3.2988431219256715,bundled_calibration_sample
Wheat,448.0064518851695,16.716677670296455,70.34491564019895,71.17067740426651,42.20604845420531,28.492815625814075,7.429623333387619,3.8999064537665906,bundled_calibration_sample
Wheat,1010.2423384486281,14.817376580423609,50.7397717442364,79.09578459775896,31.83457118149081,31.939699718991402,6.540886935340659,3.515972787662032,bundled_calibration_sample
Wheat,236.6954218178971,24.522922195236408,51.558382280891365,69.38090932091349,46.785046847304955,30.259345254674123,6.9043203812414715,3.3916301154226627,bundled_calibration_sample
Wheat,334.48332818903265,15.790545537465746,21.76156050433638,56.15751970266281,23.6194476837319,46.79676225756323,6.614798160037507,3.457386397114383,bundled_calibration_sample
Wheat,412.0020329142895,14.432177679041038,73.17155531849014,65.30726779711891,36.03948378744896,31.42077577008634,8.368292914184451,3.323247872372765,bundled_calibration_sample
Wheat,544.4962328890317,22.163499659147597,63.19717783364332,82.8964845350278,28.432189044065158,42.658733821879466,7.574510184541438,3.476298616843714,bundled_calibration_sample
Wheat,710.795351918361,14.98002835984916,64.90653794589268,91.43268981255255,32.87003035548429,55.175505335274266,6.7879684026362215,3.328905314711856,bundled_calibration_sample
Wheat,918.5949920120497,16.942443185955206,46.353080394573325,46.5867174901453,17.89648134292,31.85300372233954,7.066681422079333,3.665403178168901,bundled_calibration_sample
Wheat,304.40080698154094,15.411096873758154,59.96941999642226,91.01059769633905,31.33009143600245,24.631222591615067,6.516730606399405,3.803451265230496,bundled_calibration_sample
Wheat,909.8682567100243,11.177056616031958,52.289416583350764,49.33622632903956,36.07627599507868,36.11163934987776,7.170183016195627,3.68777745098679,bundled_calibration_sample
Wheat,666.3121915687248,19.56792163623018,42.960975492816544,104.04617756656911,40.87191198046183,52.336575996744315,7.4588945514044775,3.2971527028755028,bundled_calibration_sample
Wheat,542.9649912870724,11.667742325567923,44.91615147716254,129.87745285183482,38.966890672624274,22.379318944664117,7.502691710724161,3.2501109909329555,bundled_calibration_sample
Wheat,111.47504916029146,22.51721637461658,68.74925980635955,54.9611287586896,55.809112004493954,45.82303985640539,5.966351625542991,3.226350585725478,bundled_calibration_sample
Wheat,524.49534325621,19.148419076330605,57.227344958135376,16.499440604016193,36.958173264978896,38.3164680046231,6.5594606026698035,3.6160657881083202,bundled_calibration_sample
Wheat,349.54956172812274,15.63311691043295,73.38245744644146,46.28343021963136,41.137798810137326,33.45913641635279,5.605343443923639,3.4977580088455724,bundled_calibration_sample
Wheat,341.2825183611606,27.544770369601522,54.7256417836793,48.37058182334252,16.6577705696614,18.56372404719424,6.54335269360946,3.4212820194806564,bundled_calibration_sample
Wheat,520.7156052591793,10.213516758124928,54.9840748275788,66.19660748685831,7.5710302963206075,45.26550771200927,6.27854106914413,3.436824392782386,bundled_calibration_sample
Wheat,179.21932839453382,12.421573884133892,46.16408125210489,62.60611335414004,45.053855638453186,25.78572563888217,7.670741552557972,3.34390628056058,bundled_calibration_sample
Wheat,988.3780736145712,21.673996020203393,29.914585386901734,50.658632842168274,40.10308430174747,31.15949526482993,6.616450568890411,3.6635187672359817,bundled_calibration_sample
Wheat,679.8863498448251,17.508813207820534,67.69574351999948,58.84122621656286,32.16060729669273,43.89480762387432,6.7824821315907915,3.493596870016329,bundled_calibration_sample
Wheat,577.7699896677607,11.291362226942383,56.76580642487057,99.35149649201124,28.44140426525165,36.377965469512006,7.2760399777926,3.5697786020213345,bundled_calibration_sample
Wheat,545.5624480327542,13.396310214760069,47.04015662651062,94.38354119242535,30.04061652038227,44.218803075473346,6.212895103324271,3.305769339101499,bundled_calibration_sample
Wheat,712.8740599440663,15.539088111249788,52.12099222251133,60.58505582075878,35.23545529892185,28.555438169332533,6.980641807976908,3.5026672123195435,bundled_calibration_sample
Wheat,588.1651006582954,14.716753550958716,55.468758077033776,56.64369027088174,27.52318063364258,40.772663156386386,6.500308217282284,3.578156701096471,bundled_calibration_sample
Wheat,772.1730525169274,25.48523818071448,63.501722812193556,77.0865223905234,29.366571084088957,27.75161155889604,7.177202135641313,3.5657607911064093,bundled_calibration_sample
Wheat,793.3761059320442,19.6931422080188,50.069162504114196,75.9639618562043,20.424787825177866,46.37243313601631,6.816939919480719,3.7249723229217064,bundled_calibration_sample
Wheat,681.1317582097963,20.203152933833874,40.03737383335441,67.67877244045121,46.65282631374707,15.89947464660941,6.870910323072008,3.602935239759107,bundled_calibration_sample
Wheat,473.3266560242483,13.799814927046643,70.45875299552576,52.112408862640876,54.11617782040375,25.041134804857784,7.297794099746459,3.3800459176118984,bundled_calibration_sample
Wheat,684.0577990420343,18.95897413817172,60.87880515407865,31.744231710593624,34.999888057668045,36.42858476426299,6.79854366986454,3.528562965459238,bundled_calibration_sample
Wheat,942.1570007765132,25.263989881593325,52.53954616640142,77.42630301154809,16.12729796638153,36.67288067213786,6.27287505378719,3.417367284690964,bundled_calibration_sample
Wheat,756.8770418994026,22.198962273243957,55.05830540000075,117.30342220053673,7.887582317693873,35.345109905990675,7.824895983428775,3.101157107814884,bundled_calibration_sample
Wheat,1022.5960270365892,15.136791515450929,37.10323366784225,44.77415899446706,49.690858472559206,66.83444322002659,6.525106743003016,3.171190977861433,bundled_calibration_sample
Wheat,490.74852499584733,14.908338810659302,56.92291152339269,121.44048557514786,33.44651194260345,21.12717502908133,6.880188467590034,3.2131010707830057,bundled_calibration_sample
Wheat,740.9953625244776,22.159974102874116,58.283345849993246,99.7549262067058,36.180452151769856,45.0698737975891,6.440095970691064,3.543835029259911,bundled_calibration_sample
Wheat,272.9955799438851,17.072795371083913,52.29727443244083,66.02542963072392,45.22356387669761,26.440852755552676,7.220246072427963,3.3634746373848468,bundled_calibration_sample
Wheat,698.5531828223445,19.019135224107874,55.848102252734876,54.54659612950049,10.883459370796004,39.27803387570436,6.735670738292489,3.2638782336742214,bundled_calibration_sample
Wheat,820.9346979219993,28.218843574953965,49.31153781994079,73.04795469486376,36.06232692794331,13.879264281463627,7.155758984560975,3.4219242661259175,bundled_calibration_sample
Wheat,454.9976979581545,17.25140557451132,45.35452787321027,42.967101968806176,23.768911859899305,46.72263236046234,6.88914333384309,3.313513490278708,bundled_calibration_sample
Wheat,244.60578768073657,24.17610318389729,66.46583369808661,91.65722256793703,45.21420747886924,48.902396215907956,7.508763412054827,3.2862785378041224,bundled_calibration_sample
Wheat,425.77791767363385,14.425603522291004,32.69091833303958,82.77128457939445,25.07690597495929,50.02446084435579,7.456275061875702,3.6552797042943146,bundled_calibration_sample
Wheat,708.1812772835995,24.821069316070922,61.404207615997244,53.76265072919254,32.33409955281505,50.721480331903585,6.861721732604,3.7527287787172923,bundled_calibration_sample
Wheat,288.19520912575314,27.564865104823213,51.629875797098634,81.32583021866603,38.553000286442824,32.771700049382574,5.800543364820842,3.5461190059410774,bundled_calibration_sample
Wheat,845.2114195784878,15.123363156401888,68.66203092955237,66.13213112760059,29.44204882560978,48.88849038551038,6.866715465580483,3.7486902376309814,bundled_calibration_sample
Wheat,682.9990303877323,14.772757288585069,39.27467975524794,90.43542428594417,55.490589071233174,13.249876383201144,5.984571611174727,3.1327793315514874,bundled_calibration_sample
Wheat,601.0265855989928,12.773803892837748,56.89452547658119,68.07627867163572,42.07879879050111,39.20636387494715,6.123162793579868,3.790628626366561,bundled_calibration_sample
Wheat,734.9363064921553,23.657005700355334,42.58227172509693,79.7089124014343,25.593878927480283,33.50578163634894,5.800296323994122,3.4683574724400517,bundled_calibration_sample
Wheat,525.0650127232516,11.62400965574381,56.48245033652397,70.46790946827225,38.154229353893506,48.87231198251067,6.919337305207192,3.8580717047441535,bundled_calibration_sample
Wheat,979.286739507191,16.413128790000396,72.88915524583032,56.77597585945339,41.16519487505,22.59535498118926,6.451697874709082,3.2423873255934903,bundled_calibration_sample
Wheat,421.3325418403848,22.85468397040954,52.10619799419334,62.189218816031094,21.410529622351792,32.99731206882575,6.942478578083524,3.6750724092177096,bundled_calibration_sample
Wheat,369.99302989631076,16.755005471266678,58.12472312041746,31.781169568719733,40.56852306301895,63.489985256986294,7.222565797328938,3.1425474405120246,bundled_calibration_sample
Wheat,878.6062443906765,16.442291346728513,72.54435698034196,72.02502072840012,29.78367222195036,34.70798654834606,6.604537223221783,3.795840402556179,bundled_calibration_sample
Wheat,376.3980971529493,22.161484344529953,44.45497420909784,57.02983875122865,36.62566232330583,43.711920422760365,5.64802264079263,3.6055544031801796,bundled_calibration_sample
Wheat,735.2798822052185,9.996229122156471,59.13814723825469,66.81096616880819,24.377760308103504,39.05854550848707,7.129371527655245,3.487073413603926,bundled_calibration_sample
Wheat,541.6756722776191,21.29489118592416,73.64414247919102,94.11811261068358,32.92027868874337,18.958982234954217,7.024203467685938,3.24061300978621,bundled_calibration_sample
Wheat,674.208111541957,20.064520505372002,44.01584195672385,77.8506853857249,36.83070788110041,35.73138574873005,7.281748577104713,3.9916009189105095,bundled_calibration_sample
Wheat,1099.1278578610345,22.24521748504243,62.348811033228905,29.73854579613807,26.306632477250997,28.40480216936882,6.5835006827621525,3.1262305301655857,bundled_calibration_sample
Wheat,779.1356406011307,10.27467131871703,53.12240005939486,70.09744799943833,39.67961694932483,44.829323909597704,6.601493491402313,3.416850148373319,bundled_calibration_sample
Wheat,850.198401628119,29.300387679384087,49.61957389594383,92.65317137936788,25.741157499642632,49.921136612634555,7.557255106451397,3.212905226352853,bundled_calibration_sample
Wheat,308.90415090839036,18.257551332097687,49.28100132906529,63.62258471485266,40.65159823051452,51.14112749283329,6.8788633176767515,3.628957176784272,bundled_calibration_sample
Wheat,720.3445931759103,23.91240726036454,68.3007497178023,81.314870377478,13.741626696089408,33.45556735866028,7.1720992917446695,3.3544472830866403,bundled_calibration_sample
Maize,899.9286710037218,23.55623133445391,51.472215371273386,56.662029011722666,28.360977002504892,49.14157229647565,6.709655651691699,5.051953733987043,bundled_calibration_sample
Maize,669.3211069946758,24.828018470584993,52.28579667366614,73.79185766275938,57.454111641057466,59.07558013194398,6.696476509591426,4.386423970836099,bundled_calibration_sample
Maize,750.2398696702122,22.719091508577623,81.19373081670906,87.44980153246576,25.694456244159493,46.87408229436591,5.625455167277716,4.672229405515415,bundled_calibration_sample
Maize,1144.249631083955,23.060061499863842,51.36670100602026,49.704832448104554,39.269441598413984,29.204724704828838,6.14650955634314,4.493948322693453,bundled_calibration_sample
Maize,1188.6428024150064,21.159787123827893,77.31009802231875,63.00411386940616,30.666905763495514,69.76639382857428,5.872650750627653,4.379333864074689,bundled_calibration_sample
Maize,858.4686705936796,22.11846124361457,48.820390239329036,86.09835916562173,37.83041769009008,25.75821828241314,5.46211329544988,4.40476969571218,bundled_calibration_sample
Maize,255.17079956311386,19.42970035874414,56.577827496464884,78.17217667370089,34.766917158123086,31.577731402919703,6.85992683407041,4.643619502893758,bundled_calibration_sample
Maize,1004.2715315949326,22.6183270290407,45.967326190558715,46.96018453126804,40.25037493203647,22.344301236699597,6.70423999534137,4.4836000972710695,bundled_calibration_sample
Maize,577.9700610119912,26.20218301258936,43.15489138701646,73.89037973798963,25.055531720561522,28.29752677305097,6.2818563515102355,4.770390148750078,bundled_calibration_sample
Maize,714.3795475541431,21.78295303023256,38.96667655407654,50.42491280844365,70.76531579904966,40.736161399962825,6.32131934440365,4.165530621433076,bundled_calibration_sample
Maize,225.66731711521595,20.53759006551747,61.16641052039659,41.37170181550209,52.66343687689225,55.84774920229518,6.359629071860027,4.171235082076505,bundled_calibration_sample
Maize,484.7240775918684,28.64340802191737,75.84562666689033,56.90446014648149,35.98997463452582,63.98297090447241,8.327101697983128,4.21515629318432,bundled_calibration_sample
Maize,1290.9126013568073,31.48115435985634,54.19522014010286,118.10287848195227,39.777212837803035,26.224026698629245,5.716152154363746,4.4409068836452965,bundled_calibration_sample
Maize,1148.466108870262,30.54728246815033,67.64144977534397,61.256468810602364,31.990029698684797,43.88982675888365,6.642823504115078,4.620309537728561,bundled_calibration_sample
Maize,407.6990547576046,21.035332910952278,61.950239929456664,63.602320956757595,16.41681554593737,36.57000175488226,6.930757628174799,4.635335940238629,bundled_calibration_sample
Maize,637.1772878391193,20.507008858101162,75.20487551711838,48.90165404447592,47.88648417175836,61.932770892589474,6.2670796286235975,4.217840237422225,bundled_calibration_sample
Maize,852.2400106625918,19.457345295791722,79.9498770807082,46.88190336063561,14.30023328190726,17.30336905482666,6.60837636202476,4.583505314513527,bundled_calibration_sample
Maize,683.0107264761886,17.963807882758672,57.27991723906679,70.6053399666454,48.405221240062716,37.38787618338872,6.0647533681996615,5.11913651589443,bundled_calibration_sample
Maize,979.683100127771,25.875256861803496,51.36791842360355,78.93478054806913,51.956026997810724,17.109019593368437,6.098390807742955,4.66601268332378,bundled_calibration_sample
Maize,664.0915050100239,20.736618704043224,59.53236079790876,34.6730108770024,45.30131226267807,59.85688814746861,5.511075008617761,4.566066704270395,bundled_calibration_sample
Maize,893.3662547821674,25.729698219750855,71.7842757458085,67.83015542960592,32.805664252781156,36.78694985398294,7.036373896467674,4.654445109919616,bundled_calibration_sample
Maize,1175.442649674872,18.71003753895724,46.03833860521289,89.55053955976005,33.1463256055577,37.49133347669958,6.113778358865085,4.662279148894726,bundled_calibration_sample
Maize,1189.4358213014314,23.276301587209367,38.132967805275186,82.33906859206644,37.75583177191073,41.56625549698495,5.921222607681548,4.745710294705997,bundled_calibration_sample
Maize,837.9361399286238,23.217633853897496,69.24390957483683,97.66493146602069,30.3992746230625,5.847427785853327,6.976016199109253,4.494488872011265,bundled_calibration_sample
Maize,1072.704450212283,26.2559024602004,57.20518085402368,69.1941228019039,29.02274348302942,29.277238430885888,6.112927565626,4.871677971873665,bundled_calibration_sample
Maize,714.0722839224468,25.901114325068793,49.60454157769913,83.8987651037877,38.72232436374131,36.25919354108067,7.043322300245244,4.966614641372988,bundled_calibration_sample
Maize,1210.9903312977192,19.37071923318507,45.96985918070237,93.39959011491271,59.45054184234567,19.432438813327636,5.314926419413544,4.338988839202799,bundled_calibration_sample
Maize,806.069565272441,27.177719407994363,52.88322121101206,46.53740523385708,20.91242365084745,59.38308715519734,6.668394011544466,4.469338511117879,bundled_calibration_sample
Maize,1204.8180431137134,19.799288907032064,51.302137441409165,58.68436269886394,32.17270835313192,50.356735187756186,6.873019163975485,4.838636236752831,bundled_calibration_sample
Maize,1155.8325862879185,24.718154499304465,51.28485285393654,45.96648787751468,54.16188491122832,35.672148184414574,7.225989907425164,4.346548677718046,bundled_calibration_sample
Maize,1041.6203153605372,25.857513034202846,63.964785364206044,61.28200403539641,45.45297074743756,46.81243320355519,6.299303048131573,4.986091613366808,bundled_calibration_sample
Maize,938.8848275007713,23.783061629109877,70.95757120545596,107.52360674648463,31.387283721248757,34.29518133679894,6.434944423065076,4.3909702539377085,bundled_calibration_sample
Maize,781.332635941398,23.5431348340201,65.12048822011656,93.91172907129277,15.442783639950097,48.43244765791171,5.84141562225091,4.710460869315112,bundled_calibration_sample
Maize,1034.237662319216,27.547334152266288,54.08366376251643,42.507080552949404,33.159209511403525,66.0456313245791,6.087799278054167,4.684336833031556,bundled_calibration_sample
Maize,572.3732331586086,20.207193674078212,56.99836131390112,66.1368663857624,33.72487488303612,46.39912858747357,5.871506645574761,4.707180668714464,bundled_calibration_sample
Maize,674.1761320018688,22.794564236688583,60.23995897008405,79.96728937325022,45.44017202811151,47.945713278353196,5.785737099548795,4.806769575517406,bundled_calibration_sample
Maize,1090.779312617148,21.478821357472086,74.06600854453248,105.85525717568817,22.444736370785584,40.97515270069448,7.199743060217347,4.474822142850392,bundled_calibration_sample
Maize,673.7238516672365,18.709802458095165,93.94016579887574,67.78475092894102,26.05372940791922,41.53916188844605,5.19722742489597,4.280898914455515,bundled_calibration_sample
Maize,1017.3134788691746,27.589928782865265,50.846750274769576,92.65459863798333,37.9691173390105,18.056379070267557,5.930727289048675,4.4750139971804,bundled_calibration_sample
Maize,1276.6942394430139,20.0636459562171,63.229953896958264,78.95115763588277,51.24617538322666,34.30653996379915,8.093863611129636,4.342966581202425,bundled_calibration_sample
Maize,776.8598865075188,22.79188770177998,68.49730142747,55.18222509153488,51.867934779821425,50.78009728504361,6.860885061140893,4.743936927807999,bundled_calibration_sample
Maize,615.2780060722995,23.570762171470953,79.88303996188223,89.5803453017621,24.7614002919598,57.93128851349131,8.012408417811173,4.1536952113348145,bundled_calibration_sample
Maize,688.0595553217686,27.248651814248973,39.5316319373876,82.09800738745096,49.64711727055577,27.975025860984346,6.696809914038881,4.520735185311657,bundled_calibration_sample
Maize,1173.4503870573756,30.700219072992095,58.79737063587737,60.2020667165488,27.356281810730525,24.580786427620474,6.222931597242344,4.592582091482366,bundled_calibration_sample
Maize,1476.757094061207,23.22312015981991,56.62522857685611,60.17819923901196,40.84646628659537,33.011619032455144,5.129057934476081,4.825627073740841,bundled_calibration_sample
Maize,888.5951407460399,31.685729240615675,78.13047699031596,78.99664364567903,47.25399009950823,40.32359917011902,5.652470739277101,4.896233216041554,bundled_calibration_sample
Maize,1054.5330843980325,26.979390021455398,62.789738496244695,76.3270520122026,65.53506652801448,25.893583530543104,6.4274515081076755,4.204128219157306,bundled_calibration_sample
Maize,1010.737852146276,21.44824911765826,65.15771338031115,48.62448716589735,33.312135680986906,38.98892819250497,8.643748157169297,4.839876723598204,bundled_calibration_sample
Maize,1413.803585274422,24.83088333762896,33.56486900930028,55.577444511240415,19.60980153784269,27.342550855386946,6.477862907080062,4.322980027558891,bundled_calibration_sample
Maize,924.6350119359586,19.491944323309696,53.68127652283462,54.84152590540601,40.32367046623157,52.093378025339355,6.538990700711678,4.549623280292199,bundled_calibration_sample
Maize,574.6393575749393,21.302452113898127,40.59294992356023,56.5976972290381,23.870081266042337,36.305307489434874,7.598854305611375,5.059122354940921,bundled_calibration_sample
Maize,1212.173723603859,31.8399821688313,26.976820234299495,55.856835587114325,25.859002815331742,25.692232865592953,6.635403868542837,4.398623727633662,bundled_calibration_sample
Maize,406.0883801647176,24.144779577320783,62.39377712903804,39.23120134128023,40.08397409537522,50.369756260995665,6.33003895424509,4.567883083382941,bundled_calibration_sample
Maize,894.8186015110947,24.717071436670967,70.41416132993352,74.32526222595564,29.331109065567485,41.25385555784008,6.093472393890871,5.208477313901659,bundled_calibration_sample
Maize,1085.4510845574132,21.961758597592215,65.44837797715198,64.85720612915188,33.61820531508402,33.56952827815957,5.315765305076629,4.7587768191220645,bundled_calibration_sample
Maize,984.2327427371185,26.189066680136897,51.0979794425794,33.539973983191004,27.83884896418739,44.85980238999965,7.289412052184685,4.937403155967933,bundled_calibration_sample
Maize,809.5577120165091,24.347473959971904,64.07546142357529,80.67723794012642,16.052806788426256,30.64216392713438,7.168200975524524,4.877162654331242,bundled_calibration_sample
Maize,708.8124619571788,26.85447881058822,57.10116927572244,62.74383668969783,22.04929524709017,21.058307386954166,7.041950503567481,4.840723879678071,bundled_calibration_sample
Maize,726.6596189107418,23.052174661489175,36.036987285514044,85.77382036283554,56.52295963293861,26.352082740363965,4.753554721141789,4.008931389354657,bundled_calibration_sample
Maize,819.0900106370119,25.437555641634265,44.12508045686389,38.218919960006176,43.6833136664846,25.00171005779604,5.502636600633256,4.420672761489959,bundled_calibration_sample
Maize,237.1842695329833,20.94590566096518,59.00838623380165,37.94796846657542,41.042101460322364,37.467017306097716,6.856128417199469,4.710610969723105,bundled_calibration_sample
Maize,815.0485496856204,25.365918479708668,55.19347450482087,88.06930834492796,43.39985782415769,50.29358756652826,5.477364240926806,4.7370286808496465,bundled_calibration_sample
Maize,726.2672505748184,26.211811511685692,65.50324219378082,49.78130276936423,33.14570255516405,44.2160720606086,6.07810215918948,5.0474699407090275,bundled_calibration_sample
Maize,391.1582932579079,22.33788810391998,49.46667734684724,53.38769213076378,25.49003294172404,27.130097429986776,7.583249165595036,4.348237244531458,bundled_calibration_sample
Maize,503.66329514933324,25.312966964710515,65.08303231901937,72.23866023499306,31.961070541254482,27.885401138162223,6.926501730203542,5.042561250466352,bundled_calibration_sample
Maize,859.1073363811815,20.546992089176584,66.26216386608306,66.11831657179737,39.31693961544845,38.70735565603005,6.825282629956434,5.09235646940378,bundled_calibration_sample
Maize,686.5721589836639,26.351729712212627,75.64475903838776,66.26769398103946,36.446040740707765,47.17864625632911,5.667880552581291,4.99709952999772,bundled_calibration_sample
Maize,1160.3047734667057,34.27884237808175,63.87781706389361,64.05917925629966,24.376951062916206,29.430754092741147,7.465417724425803,4.396706955786015,bundled_calibration_sample
Maize,818.2987072162935,15.23587733665169,58.52443735906584,89.64601874809559,36.93453970833844,54.800928333762485,6.692634177535789,4.327643834263947,bundled_calibration_sample
Maize,1286.7458003784507,24.705120667840024,67.87353984697427,97.94827269414196,43.21518565940433,36.272348431954285,6.755896640464943,4.59668362776977,bundled_calibration_sample
Maize,1085.7075556116924,22.970239636117835,48.07936939985018,64.26512734519636,21.8987617376319,27.10427883260116,6.276995972223651,4.51850152828491,bundled_calibration_sample
Maize,828.6435413571965,26.72398111466955,73.55514833214,54.010539181742274,23.409931400731008,50.5674183436776,7.018406929240677,4.871195401071329,bundled_calibration_sample
Maize,671.5411029425776,30.322161415971532,70.689143306581,81.18564734017787,27.10533921350993,39.56788231825408,6.221649402469381,4.892260004299488,bundled_calibration_sample
Maize,360.7242566241173,20.822578528890535,49.632044608679465,56.75719731456286,32.25638142604343,36.545415671445056,5.758303815112697,4.59475496035221,bundled_calibration_sample
Maize,1161.204341142747,24.967521550594775,49.02207919029708,78.87400175796711,20.714347379744936,51.64391074848294,6.1365290713177805,4.324636836455913,bundled_calibration_sample
Maize,796.1439942813399,25.44511516378898,67.00213688268916,46.069218945509576,49.70635221325384,48.25217552844485,6.700889737812296,4.54408272851343,bundled_calibration_sample
Maize,875.052451107325,22.072186916601527,56.7639753243357,53.931267805263076,46.02617824837033,47.68219441450111,6.6129986677128905,4.7760435797685465,bundled_calibration_sample
Maize,303.5657903522281,20.078321526674248,68.13448658604106,63.34753766308253,32.31300140979907,57.24413206986512,6.114231113616495,4.924578553078294,bundled_calibration_sample
Maize,916.8262295405365,22.832562415930788,67.22848511636634,65.7085781037841,25.212613979545985,36.382707842082596,5.950997251960666,5.074899197922912,bundled_calibration_sample
Maize,1009.4325174747239,12.313330720058735,57.80698621609129,70.08516259914423,39.738092196584546,50.019069222390094,6.119469786505412,4.542178557810614,bundled_calibration_sample
Maize,656.735462317469,22.54707062628749,42.98364389573604,110.6890372452798,33.13451347043476,34.734948067627705,5.201594470016085,4.5111063631705095,bundled_calibration_sample
Maize,1348.8199153582277,30.813988444336104,41.29611622476622,72.28197425472764,39.538306016505004,42.41895150341936,7.672227472013506,4.939786541941117,bundled_calibration_sample
Maize,814.3436109925975,20.965917840023952,57.77917572542201,48.09270557978191,31.62836721439441,30.259720388058952,5.6507068235802285,4.901216333235021,bundled_calibration_sample
Maize,677.5152144728086,16.83933325194029,64.0102551742871,62.83126080794385,24.08906765027895,52.64224074627771,6.918324303919667,4.389292709257842,bundled_calibration_sample
Maize,886.7321381735496,24.164351671535268,65.79755115617266,56.498094509731196,23.92839634402975,44.00796334315869,6.955123214418973,5.063676972424497,bundled_calibration_sample
Maize,1001.9374868628433,18.36599090078437,76.35683252265329,61.82162873670275,40.86610355306945,32.67998296451098,8.454909069139909,4.812542779141135,bundled_calibration_sample
Maize,1344.927739489879,29.9717302081174,66.97610410038985,36.09962662641766,21.666579368721266,39.02387986624784,6.841045624019393,4.332869544458514,bundled_calibration_sample
Maize,1011.2889865321265,22.06518165703832,59.01166246208421,38.46243113034685,57.1672535562877,18.444735600377534,7.408302341759374,4.2762277531142585,bundled_calibration_sample
Maize,721.6160233508159,24.643933106221468,42.10507109731286,34.88469817754715,8.991715583865847,30.94518054943621,6.309714586161302,4.226544404666078,bundled_calibration_sample
Maize,1237.7268652076905,23.721013320595496,67.43732539418114,78.22099446304429,46.46829538929624,26.538174378409362,7.4320611874648606,4.77766881971011,bundled_calibration_sample
Maize,879.334651194092,25.488685238776174,61.629953118709615,79.46657320632512,35.644004456660326,43.44637823617298,6.447732499014094,4.621904711407532,bundled_calibration_sample
Maize,694.0296425071527,25.317899558757365,72.86879940094599,57.891552307740305,35.63761485494534,28.957935783449074,4.863932120642607,4.68489955119884,bundled_calibration_sample
Maize,1028.823134670553,27.74764802223311,64.67429301138841,27.987337463532207,57.998158748876136,50.36625487107025,6.196734520168773,4.542821141231444,bundled_calibration_sample
Maize,614.3219301673201,25.177514234238906,66.38111624939648,80.29124032029439,46.07256372972712,26.495834224833636,6.869428317384261,4.410740780692617,bundled_calibration_sample
Maize,1163.2861241301978,19.54485302423815,58.994436853699646,66.93073572596197,37.489055402087395,32.611313717417005,8.276895313014672,4.581253174077835,bundled_calibration_sample
Maize,601.5934312323702,25.442593057982332,55.289939030994084,69.9606451357795,21.66312263026846,39.790214615102755,6.063831567093166,4.529553627282192,bundled_calibration_sample
Maize,832.9278007723899,25.724784335859518,46.01407440119102,49.65647197106166,39.36857888772725,25.92610992483052,5.4041524151930425,4.717153981206402,bundled_calibration_sample
Maize,1055.0265402252487,19.909076656413752,58.00877687202996,37.771841601898515,42.62602113446559,37.70212977535479,5.992328297006732,4.431835616962347,bundled_calibration_sample
Maize,1054.0366683203338,24.671776649397017,62.52888107904114,69.26444863670982,50.41494511642385,37.2794450557931,6.655862639739962,4.514777628756022,bundled_calibration_sample
Maize,590.7784207438774,23.203386738004507,33.1423705316834,79.02359135592805,37.30437380490265,28.46604059235731,6.434711903948378,4.555996206488824,bundled_calibration_sample
Maize,494.04015629602975,20.44542219760742,69.18011747538763,57.75106708996351,22.864827300491942,30.503624097777205,7.0545977307138195,4.550291243781926,bundled_calibration_sample
Maize,1394.6675529735421,23.420402460761046,61.642618246131846,106.20995450041374,36.12701089258558,41.59397960648766,7.191261022636494,4.5807875118685315,bundled_calibration_sample
Maize,766.1996359148022,26.073602296026294,57.08656679024534,47.470408652881815,15.199089073852338,11.906582445602144,6.834943480474175,4.398627746683073,bundled_calibration_sample
Maize,458.55110310725985,21.111890856959626,58.15872604296046,89.39639677646782,5.0,23.993348565865748,7.70034817323986,4.432356804185214,bundled_calibration_sample
Maize,691.0615496593465,23.63261574930479,60.697463316571756,53.577756542025,52.2183882610351,20.062282875420387,6.797028584503034,4.824859319050237,bundled_calibration_sample
Maize,977.1332665534379,23.795620705864657,71.22453206578814,67.5884118554037,24.40549658907761,56.09970585221407,6.408668937144129,4.962526446861234,bundled_calibration_sample
Maize,930.520001555404,16.5168489674026,70.58422300229456,89.03298702268472,46.08928397074946,39.642533044896346,5.847995817804745,4.984428684311207,bundled_calibration_sample
Maize,796.0667154164943,27.489427308385352,43.78577832562011,83.96967936220484,35.65136379441772,61.02696843281127,7.120629308950924,4.972766196882263,bundled_calibration_sample
Maize,571.187299851891,28.901612137761603,67.73462708719543,30.272739776058998,12.75911270031673,53.82335476679201,8.461766602538972,4.3732006371279555,bundled_calibration_sample
Maize,570.3707373087358,14.80745668848054,66.90089193157863,62.25184295705273,24.897367827484274,15.832798659158868,5.84979713882009,4.4308363491366665,bundled_calibration_sample
Maize,112.12988732314784,30.09403137944743,56.24447540163944,46.07696797077354,33.707732605114664,29.616770599013954,6.726652718275979,4.494221478931815,bundled_calibration_sample
Maize,666.0200915412825,30.6726644825907,53.30613820538841,118.35317314369681,17.964188662163846,40.13126025721432,5.969688233559103,4.404032575374806,bundled_calibration_sample
Maize,1256.9900165695317,32.11110147534879,44.97316587472713,59.32711503356159,43.71659940623275,40.698326625841794,5.6290407522833465,4.458766719256424,bundled_calibration_sample
Maize,805.1302557709744,22.939388369125336,73.1155443208107,70.82990080784036,20.094916310667216,47.97360825001755,7.178007157862915,4.388442206707149,bundled_calibration_sample
Maize,847.775381533602,27.565554237327962,52.612411912682134,46.93994527711938,18.479385108120887,43.05018175784122,8.126533286643339,4.38192206966314,bundled_calibration_sample
Maize,943.3172116367398,26.540889593746623,57.297815451727054,60.64562386007271,37.46535929020568,54.21509473225096,6.203610632336806,4.720178739978797,bundled_calibration_sample
Maize,993.1843787010807,18.938772405197952,30.035764310640534,78.20585249664225,40.04033687707873,36.45444850472719,7.525476551599204,4.752180286240767,bundled_calibration_sample
Maize,1067.329383349105,22.536570535460037,48.0292608421719,50.12334721384438,36.88691479281225,46.56760537413634,5.3767250942409195,4.847688281435203,bundled_calibration_sample
Maize,814.5125249254722,25.541611292808113,42.20498317178435,45.63214728230433,31.911025152492073,49.75604514178751,6.019322445522352,4.515793504012944,bundled_calibration_sample
Maize,649.5913887984225,20.890276902074294,61.18296663865276,51.93230025671001,23.400581701454307,42.66902761471453,7.716999154963492,4.668997514478727,bundled_calibration_sample
Maize,796.7374115885079,24.486210158263994,29.618423478321954,34.294758943136245,43.96553895856388,31.8612681342247,5.736332347037523,4.32544686536999,bundled_calibration_sample
Maize,700.494843607279,22.002200566754244,57.024224673463216,57.787425857977,29.944864604870972,60.68701000387638,5.45514645236488,4.611887842081863,bundled_calibration_sample
Maize,826.1721376797418,24.24032923144114,66.07397756911887,58.262591103331914,35.92610811388584,62.6835417109335,4.897748944427917,4.687081613321115,bundled_calibration_sample
Maize,1018.6844364906282,23.12937042248005,62.16298764019648,88.0679575391091,33.059332348103986,43.95699628434495,6.257205257438769,4.972793563709902,bundled_calibration_sample
Maize,650.531682814346,18.399737920331212,65.11885157846474,86.08136894906416,49.47434683446882,30.898585800282298,6.686096859093774,4.7188376257498525,bundled_calibration_sample
Maize,855.5815416448079,25.94681020992066,49.43894570733568,123.04521015863291,47.89131068011051,40.59747594219971,5.556680556077082,4.583077396788681,bundled_calibration_sample
Maize,851.6890048403616,24.021417034794123,52.69575779162613,76.53701046745792,39.32902867466932,16.122636309660535,6.241052391660577,4.5993845498392005,bundled_calibration_sample
Maize,932.6149099020615,25.838778488629913,59.577969302812654,98.43834221198847,44.189555750624194,17.779643468503586,4.524794400883842,4.248560041562966,bundled_calibration_sample
Maize,1025.1295715208653,18.771854769348558,67.95642537221914,38.05272962934634,41.56761131636101,49.41835565547026,5.5999172526945395,4.765842281144896,bundled_calibration_sample
Maize,1300.8002744903736,27.01667374443304,74.70296790418112,58.16151152329526,30.862737609513882,58.3981438430569,5.585579899483404,4.96768905768961,bundled_calibration_sample
Maize,455.53637094711553,24.251905054215957,43.23064395124646,81.87417976167174,42.263961714245134,37.284826912207414,7.320669144069822,4.741991111208448,bundled_calibration_sample
Maize,878.8244522524658,23.474241692124806,56.804530042272404,93.30947909027796,47.20133750854493,28.931778393747287,6.106471682720337,4.270467876748945,bundled_calibration_sample
Maize,1419.3721032508522,18.568089035563528,38.816851205237704,55.09758531582442,66.24164555919275,24.21802473563381,6.769596279557548,4.237883516851386,bundled_calibration_sample
Maize,1258.0694769987995,20.50288945791485,72.64853842130044,69.75116959642521,29.18708370960992,30.102140266095773,6.266202683038657,4.930496425045785,bundled_calibration_sample
Maize,625.6963615692337,29.152969582565767,59.69663916784337,66.39833368269134,25.514856225712442,17.598418568384744,5.839475413246978,4.750960842121575,bundled_calibration_sample
Maize,1216.1495787228148,20.903137779658675,66.91513999827892,42.08770348963566,52.37789052004044,30.25688535056797,5.904364170565961,4.554112983880847,bundled_calibration_sample
Maize,1011.7844433232657,26.46906031033658,68.07472681616373,49.352045809937415,27.335509045083995,64.0318682612844,6.2841252099532365,4.345054359469769,bundled_calibration_sample
Maize,994.8515596713215,25.495167465494855,60.71489285720335,55.4983430191791,36.966332463525816,5.0,7.375144719329471,4.751961828090051,bundled_calibration_sample
Maize,828.7300080699365,21.194966549543764,63.44713140640182,92.25434098744145,23.238665390894887,35.90748175440882,6.194169543750832,4.72697094738765,bundled_calibration_sample
Maize,896.716268357156,29.59567663794605,72.68634274896192,80.61168941913343,18.165404666827722,24.777162830955973,7.779179409855969,4.747136215043965,bundled_calibration_sample
Maize,671.8511759645502,29.363542491065715,31.847935224518555,52.58036485460114,31.65689006477826,39.784757056153325,8.25188081270175,4.495832645292122,bundled_calibration_sample
Maize,1135.3150188431753,24.689409411292843,64.24695178805642,30.174222713487524,40.247517742011055,55.80966037085402,7.096458903989693,4.635882940699259,bundled_calibration_sample
Maize,762.2229953934224,21.740385307583878,66.7685923604865,51.46860920667734,43.8570512947682,35.26334250280463,4.847812428791599,4.428323044284916,bundled_calibration_sample
Maize,820.3390340641382,22.940201014143074,31.53233133110424,46.018138601451696,42.20544114083262,25.542390245079286,5.883738265100411,4.527715922016199,bundled_calibration_sample
Maize,629.0151885514985,28.27086608084523,51.45383832668633,85.0418601627139,39.84451026621143,36.50541483018866,6.335050633613511,4.516181442548976,bundled_calibration_sample
Maize,921.6084653330445,24.653116688401067,47.691609651474316,75.16533494566363,26.93246246076819,33.16849538359784,6.948731741554459,4.604010238176294,bundled_calibration_sample
Maize,1409.881813194232,20.836130635547175,57.33894489771267,103.35104811793906,44.39491027902123,44.945596471930756,7.809350779439683,4.439886147124028,bundled_calibration_sample
Maize,829.1299024083497,29.374335265872816,35.5184724213962,64.99379826128374,51.23450962817368,46.897618013623735,5.65203603364896,4.4401825900484875,bundled_calibration_sample
Maize,265.8114603837547,25.55507163008413,57.25947216580431,56.502354607377086,42.409691051366515,28.96948883715975,6.706552180489988,4.378392932893115,bundled_calibration_sample
Maize,1240.165444244211,18.02328067405143,51.854536006058005,50.92438664920295,40.92357132558856,33.50284060392316,7.601457871876729,4.4609577480096965,bundled_calibration_sample
Maize,1395.790851562831,21.329878100874716,51.61197568244461,122.14263128826218,41.95124493362547,56.434950476838836,5.130925379598006,4.2267235231497455,bundled_calibration_sample
Maize,738.8084850329293,28.252150227065837,64.80836756992073,59.560601542762875,37.912539011073996,40.89356591450026,7.129959471091803,4.960117991236277,bundled_calibration_sample
Maize,684.3135171620906,20.693179584747423,49.86748274654956,69.26143016447978,34.58414069151652,60.74177427112963,8.044468019013664,4.8519677068663425,bundled_calibration_sample
Maize,1006.2756310541529,16.556344438284782,52.467540195488795,34.025319938814974,31.532292770525714,38.64324204371312,5.929901138829512,4.886823444541711,bundled_calibration_sample
Maize,755.238855652144,20.167032774479473,51.69329797079952,23.96618931986159,44.07853314487635,52.18230247151781,6.702933087755861,4.309049625295958,bundled_calibration_sample
Maize,822.1061296643207,22.77758242509857,59.096395581620705,92.54662280789105,37.66139483280156,61.0170780482122,6.626118792741986,4.82755882453895,bundled_calibration_sample
Maize,942.368044481997,19.20645081184421,59.55853179870987,57.82646553271521,14.870168475090146,45.906054617796826,6.491718135260551,4.456473775961524,bundled_calibration_sample
Maize,914.1104229879807,27.42863731793223,60.494414297646166,52.11391673902382,30.973766439772614,56.85623407175763,6.147334738664291,4.695347659763106,bundled_calibration_sample
Maize,926.4248049062394,25.067487475459338,57.48137603074969,31.108094744792737,35.581633702717,22.301180466060185,7.552172115965005,4.4074078546243545,bundled_calibration_sample
Maize,1312.3097878598219,21.8999502757089,29.908736806424116,48.001141929014764,27.20212646054489,27.12398428316059,6.631887290995971,4.329610519525054,bundled_calibration_sample
Maize,748.5556813555329,19.698718505398514,81.60355786079991,56.99468317961143,19.986492180678095,38.3933134336379,7.100473055756811,4.450382849858323,bundled_calibration_sample
Maize,1026.3317943189427,26.74830670002929,56.202486858097174,50.707334062686726,20.660038080272813,56.935057291349096,6.470629998080114,4.337279696626015,bundled_calibration_sample
Maize,1257.8606724040321,23.17748401986892,49.80167119091841,83.41851501836157,43.659628561108754,50.099068235088204,5.752965935464344,4.574931974747493,bundled_calibration_sample
Maize,895.1926325690591,24.752130176818465,53.07628470306302,93.05872564921063,12.68737384634797,40.74404249781751,6.290531028309063,4.477022597522909,bundled_calibration_sample
Maize,1023.5553437341875,24.717937029709383,62.561273557920394,81.80030053404712,38.08199125654679,28.56654819808849,7.317503310600123,4.439862149328679,bundled_calibration_sample
Maize,786.5228632668396,17.70153241926483,41.61147262219079,43.815306557049816,40.53423367085188,24.096467683291976,8.120715000934686,4.654209846663869,bundled_calibration_sample
Maize,579.5206321140881,30.072815244979196,45.993609924983915,60.585305683058465,16.891523348629033,45.76370085766313,6.857089730931502,4.635276377493869,bundled_calibration_sample
Maize,894.9321941714496,22.96311142792428,39.87632203718363,26.917820401540993,20.778934923485913,43.793798847904135,7.74828930455678,4.536343986712076,bundled_calibration_sample
Maize,692.6776378239308,23.728838406109315,43.03724836415622,74.84549459387979,32.28455825798101,62.84575785464189,7.443222332764114,4.975379414652489,bundled_calibration_sample
Maize,895.430431998484,26.501716424286975,62.12031191166045,59.98426777356035,22.787261233567563,50.88260651378053,5.765099296607653,4.634320621218507,bundled_calibration_sample
Maize,599.1694353751252,18.354757405709506,63.51994941121954,84.15041352262185,45.22227453411614,35.67155593573182,5.431821828537849,4.500058359994051,bundled_calibration_sample
Maize,1038.1101914944422,19.978301013134335,60.473552253191926,76.31606086403895,13.565115724817815,43.06218541480473,4.364997581591007,4.222580987687138,bundled_calibration_sample
Maize,1436.6925412330843,27.266519647465934,54.797749924344345,62.03705167487198,38.74958683529745,49.31275586750731,7.637366596136465,4.536664704508587,bundled_calibration_sample
Maize,1259.961848097742,25.36262633002083,52.94943239092649,56.435789510717036,32.36501036170604,37.24424118662312,6.176593851540407,4.614018304397102,bundled_calibration_sample
Maize,1242.2426129767484,25.397187239626202,67.5330812707837,96.92348420511391,39.63939260265238,58.80672999007845,5.650130819790275,4.368119512451717,bundled_calibration_sample
Maize,1007.0532160088147,23.729528471042954,75.40488016879851,49.84204664938534,31.99948748675122,23.00101307679117,6.990361913892655,4.601159408386678,bundled_calibration_sample
Maize,1104.6557355558045,25.945848483409012,48.76875549590077,55.81296110595247,44.590926702614,45.85466451471787,6.457196643675267,4.882314761104871,bundled_calibration_sample
Maize,602.4064438689745,25.5169967779557,52.84902184868813,97.48850716379152,29.16171311259012,51.28459046813333,5.815407590709941,4.71121617032025,bundled_calibration_sample
Maize,145.33921689668477,25.89517603673722,52.4303373932071,111.13499871256732,42.15137818879887,42.47633765052673,6.15574660251208,4.4395548673137295,bundled_calibration_sample
Maize,818.1847229301762,25.637528194205,44.2055043898504,40.68487825242906,26.033492788876316,34.241139885645175,6.6929112550630245,4.504312884711407,bundled_calibration_sample
Maize,883.2662460347011,23.135827729420424,55.767620654939485,73.40677613136185,34.93801622951588,66.50438411683665,5.686284601166384,4.502264419337492,bundled_calibration_sample
Maize,1140.79556561315,18.981675533365127,57.158349885308475,58.54044550382058,32.690110599558906,15.312606736953843,5.6657314359877855,4.706064745182335,bundled_calibration_sample
Maize,1135.2073632008064,25.378848326463405,44.81636467094231,60.24436190070189,56.14283573959631,37.44078632282279,6.361376958833012,4.537159038374857,bundled_calibration_sample
Maize,1041.7284533338764,24.402732834956858,46.28792207030686,74.46617306181749,41.22532007698861,46.3056091703843,5.158357443357364,4.901318093964149,bundled_calibration_sample
Maize,1034.0435038036119,21.512148960555905,49.055425292836595,91.02482650345377,26.669141244240276,28.969799905117817,7.299291853559044,4.576041645853653,bundled_calibration_sample
Maize,671.69293154359,17.481172366011286,48.095637517065484,83.3002843521588,36.895877922159606,27.081817208894705,7.2364424498113475,4.780200062217341,bundled_calibration_sample
Maize,983.5113587775282,26.27514137607554,55.12770576244549,83.9557829525033,40.7377551239846,56.675193743297214,7.209568902520412,4.733694301055598,bundled_calibration_sample
Maize,813.3896751673539,25.168205495465923,32.22805526276828,62.42233731099867,41.35392944045182,46.887176331713434,6.605953189367524,4.799450172586537,bundled_calibration_sample
Maize,1246.8171529860276,21.309878691291892,59.69621136708524,36.074140821208225,42.16024004754403,46.80766399709443,6.657774270141929,4.8793775095773855,bundled_calibration_sample
Maize,841.0399894614263,31.254221666466616,44.88672319484259,81.7262501652878,18.44751209493602,32.9276715909322,5.9803261367502865,4.340254600886202,bundled_calibration_sample
Maize,1304.702135144221,19.066764992736893,43.66940806282224,71.32470592186507,34.874424190190446,39.15333592287136,5.867642345682167,4.882580640271034,bundled_calibration_sample
Maize,601.5350239635856,20.47205207457287,64.54719140076838,50.19335558141169,29.039768757280438,40.98665589888112,6.852643118403926,4.634834707116662,bundled_calibration_sample
Maize,909.3034300777025,15.489111272330145,62.088843020884674,87.11811726829058,25.833451983400323,27.324423598792976,6.363728961438683,4.455721580330145,bundled_calibration_sample
Maize,1130.953484449694,19.75867797683474,62.83941079859232,38.687940015149046,42.71857017572264,46.14999386032183,4.780112181370911,4.426732144392968,bundled_calibration_sample
Maize,327.936281301072,20.787362291318114,37.38428038914556,48.54900326759947,39.39567708039773,36.64824127964526,5.721379878437881,4.453482914879067,bundled_calibration_sample
Maize,1001.5203547010997,26.447529182354245,39.66198962934479,64.03032589091328,20.451405275229774,37.99127581076969,7.0764844464778855,4.897202244902756,bundled_calibration_sample
Maize,1026.623096993168,25.83947355234095,64.49878460096375,24.85878770286697,43.72842420150251,33.15106987192807,6.955534565764807,4.885757452422895,bundled_calibration_sample
Maize,1427.1830453561383,24.19024084314705,30.4547507839239,55.07687004667581,40.73145323854517,63.561111730843066,6.267848537398717,4.519482148135662,bundled_calibration_sample
Maize,1415.5541508622118,25.41699304203383,71.85732618978847,65.72883983203539,33.7656092057483,41.44944562564644,6.238815272755788,4.662048923131601,bundled_calibration_sample
Maize,797.1952187558103,28.66663896353387,51.963182883968294,39.92665991582484,39.56433681087847,30.65627641279847,6.385565633401116,4.445597834278128,bundled_calibration_sample
Maize,710.8634479891355,16.865698042844684,45.60249037445488,61.59212308485997,57.317989815801994,60.74165217444089,6.805906370238874,4.214445427006647,bundled_calibration_sample
Maize,831.2393656730401,23.054668949820154,61.340061664138815,32.70061718857975,28.794879757341,53.47219702135371,6.864078968971097,4.441328839474958,bundled_calibration_sample
Maize,632.5317395699141,20.630513315443515,60.65250898085947,46.26296568057748,58.391306464367,12.855525362973552,5.203107841329309,4.411887492562909,bundled_calibration_sample
Maize,1100.9636947218528,20.966184517105788,78.31290182534443,28.845139049004437,50.49376444890024,44.03240279390602,5.587874543298992,4.1923796054705305,bundled_calibration_sample
Maize,1018.6065389281989,26.82730034466912,74.17808114297252,63.85690989723594,41.3888370578556,48.131859141822346,6.060734743314072,4.710588361567578,bundled_calibration_sample
Maize,451.7446476563604,26.490749313371317,80.5504872022933,52.52397195761642,34.99687962004754,38.97555285557091,8.078718394130492,4.424150436071729,bundled_calibration_sample
Maize,679.9133210365519,23.068003076683276,62.90548619040512,63.33039104236954,45.91965439044654,24.236126056380343,7.286547331539873,4.700303762502267,bundled_calibration_sample
Maize,659.3085767247492,22.664442867726088,51.24719793861256,79.36662456937216,31.625059092209522,54.23396489908251,6.311079228034657,4.933811284439848,bundled_calibration_sample
Maize,655.1442305431156,26.26202832465388,52.17629980582458,97.65073906961537,49.9904247436637,40.328315239695506,6.545174497864202,4.920949895615799,bundled_calibration_sample
Maize,631.1915755998829,21.41823196985225,73.1060679377176,80.46839788976861,32.69305698999234,45.704315970010896,7.20125695624308,4.972517294691521,bundled_calibration_sample
Maize,721.5697304502536,17.64539661987166,36.10423597382629,43.61379274031364,35.78449772310942,41.00815694444295,6.654849307762204,4.812166461802943,bundled_calibration_sample
Maize,1069.5747789779525,29.165674837197862,44.224738681682595,78.33019371929787,34.28664009052986,51.16080431786754,7.839881243488585,4.664481720361503,bundled_calibration_sample
Maize,599.3626559243183,25.381480137067694,65.51621347960759,62.410092611045535,24.88864592580427,44.58889553730765,6.15260415625816,4.779324398175682,bundled_calibration_sample
Maize,642.3687325708199,21.918582280361512,54.33978021333966,93.04702832556613,49.61851743903768,34.324228322496516,6.819823404339021,4.484482582407626,bundled_calibration_sample
Maize,807.8288221554918,23.528014086746467,53.77950936642114,92.4035803700242,44.39719786532086,58.604693645990054,5.01023598839347,4.4426186759818025,bundled_calibration_sample
Maize,612.1656194408104,21.388275712606315,45.60159839266248,75.54257719547552,42.65390579319372,53.224508476100915,6.138225372767955,4.957526127255459,bundled_calibration_sample
Maize,911.9166362286358,30.845105313380643,66.54071640181004,72.24967323972122,52.786635995321944,43.226252883235304,6.0986738552783075,4.377777619843503,bundled_calibration_sample
Maize,823.4615044685185,25.662077116669163,55.47397584147683,79.33260711355392,40.23633520390023,49.04154765779224,5.724659519556403,4.591364547610173,bundled_calibration_sample
Maize,878.1416479754245,21.13409511186418,56.64013150194729,71.44584149196108,19.026795535955447,54.27764666903102,6.927280092041406,4.48031469005312,bundled_calibration_sample
Maize,1170.7464318099223,25.295472840167577,59.871399861552426,30.276640670479374,33.33619225187797,41.118421091178206,6.251744957895586,4.9859735376550205,bundled_calibration_sample
Maize,729.2964629683787,22.650634032185774,55.62888087614343,74.73233496431678,49.353107808584525,35.6878789820326,5.015864414813254,4.638650498745248,bundled_calibration_sample
Maize,1067.5393711197528,27.04006559475909,58.89714310949796,80.58025828315418,27.960642577058238,27.992413045360713,6.692846895092398,4.568989033750682,bundled_calibration_sample
Maize,1429.0665772099246,29.533520752615253,44.81606162542513,86.47433220834458,27.421689000836935,40.080703059776305,6.139011800412828,4.643802610078786,bundled_calibration_sample
Maize,899.5396190564733,21.0890123440299,64.62124466382961,62.12655759610182,39.941301465948236,74.34223159162832,6.114902099414967,4.504546213732237,bundled_calibration_sample
Maize,878.6643654383402,27.66693330184937,41.751100355075565,46.241115892412616,52.725522922799954,45.665459685308846,6.034169093199428,4.4046390924633805,bundled_calibration_sample
Maize,831.9719202594785,26.9425113657974,47.134243599154146,76.48232538860437,25.562588308644692,30.310434449026822,6.500090150668247,4.877858313551051,bundled_calibration_sample
Maize,673.2360301938714,22.86440160205926,58.48997173657423,57.886704977593496,44.42151146400125,46.59071242217192,5.863677049206068,4.83932340737983,bundled_calibration_sample
Maize,1040.0461818477188,23.662080799289473,58.19701261450624,32.53032619185271,38.8987580666922,24.553156075280384,5.984612498602857,4.471116071748647,bundled_calibration_sample
Maize,714.6082137679599,21.237159333287636,53.84427359888806,106.1943671711715,7.720210582721332,45.25811261156829,5.5238296426372875,4.466119079895186,bundled_calibration_sample
Maize,911.3605604725859,19.413779709513847,71.59050239940417,94.4056506174659,41.03885701546324,51.8727802971494,7.231905558882635,4.930790933752074,bundled_calibration_sample
Maize,1121.1053747529238,24.98031679879218,67.7507229059927,30.52786109820542,36.496842702060675,27.636239043090818,7.830450843952979,4.438657354636751,bundled_calibration_sample
Maize,771.6893501120289,21.05414688268271,61.41789859065652,50.28199357314406,19.677261919739372,37.50994950361327,7.6136107373253274,4.603281938856477,bundled_calibration_sample
Maize,763.7921341888622,22.282081486493777,49.53696647276798,40.1604315539918,23.356780365802564,30.335075090535113,6.417293043840913,4.5856497263294385,bundled_calibration_sample
Maize,825.4216421638299,32.09086531037826,46.87402204650096,25.0269450228637,44.007831877731235,51.727302864778125,6.193425536160081,4.641735570317426,bundled_calibration_sample
Maize,1125.4932319463178,24.24572881394387,60.09807154360825,82.79507156071278,33.6040913945147,47.51878878299161,6.753586980790064,4.839700522600374,bundled_calibration_sample
Maize,1228.392881149689,23.335295950931325,61.189874761067074,67.37128080207546,26.541248591472986,53.22638815677964,6.019447693774351,4.565673459032015,bundled_calibration_sample
Maize,429.1491414125616,17.62554491069917,54.105745519427835,83.62814032977192,24.05878054670299,33.85196780004628,8.038975378037012,4.459122884566847,bundled_calibration_sample
Maize,1199.6960364636082,23.857013260584264,72.3444935529871,57.96490143396855,45.43849120405523,56.95653671685119,6.318110819972057,4.522592991986181,bundled_calibration_sample
Maize,839.9642087616855,25.778316126177803,62.09686292510885,66.875135607564,25.024413240962385,42.35992617590771,5.430547498231501,4.7051236736305215,bundled_calibration_sample
Maize,497.12941098761416,26.739620626970627,34.94609292289448,44.46503028709104,44.64141832215042,59.488120313433555,6.033837566055943,4.795098347178614,bundled_calibration_sample
Maize,1252.8798760797931,27.759922314917343,61.82436255760615,77.96774638378857,27.983422740602602,43.326799014247925,6.901233934647436,4.7964367009899584,bundled_calibration_sample
Maize,797.0335928623673,18.724926719394556,64.00930439294086,86.68475868718119,45.62934502134384,51.02530772782419,6.039213452137712,4.54966321547768,bundled_calibration_sample
Maize,623.0026703379726,26.869691019256855,52.02897752258192,22.686832238552796,30.551927054235374,57.472265425093866,7.4447141375467325,4.773551613028967,bundled_calibration_sample
Maize,294.89592995656665,27.0356467394234,41.27003034089097,42.46994128447526,15.282198078370744,41.404467634507455,7.076426566119043,4.599191842875997,bundled_calibration_sample
Maize,584.1941100820823,22.538871977274678,55.94166142346243,49.515052321003076,44.37574165388147,30.046976810137927,6.655100790541193,4.511935759464887,bundled_calibration_sample
Maize,473.5472056884844,11.455766273766951,42.16683917417402,57.411363292446836,43.01828377493192,59.16227650481437,7.265694678778741,4.104518375063525,bundled_calibration_sample
Maize,546.2539178076266,25.670136899431782,67.75290874831649,81.56766733081238,40.98996516866862,39.31770193550834,6.525541920567008,4.91297055112121,bundled_calibration_sample
Maize,1450.0114530452404,27.011195600498468,59.49543056810493,65.83044226988629,32.12727476375437,30.79028675201726,6.25049327996512,4.815991237203424,bundled_calibration_sample
Maize,1337.1612097634527,22.71060863915922,75.29785888759349,94.41597030918972,34.72445411728148,25.52946956026589,5.041800488298801,4.7098086806819275,bundled_calibration_sample
Maize,868.3494958828529,24.02567841207439,35.90042309094247,66.19595897563795,40.08514986296066,35.44892708977873,6.697383607699591,5.023219642233377,bundled_calibration_sample
Maize,947.3400877037354,22.520705139990536,37.36551578148898,92.81219320415669,40.503278172955945,45.35827509427624,7.2863208081667015,4.711444285819168,bundled_calibration_sample
Maize,895.9803730912078,26.509601578366716,56.686051408073794,62.495444883905876,46.33727183451006,18.788598581746626,6.38381493212012,4.519097686875496,bundled_calibration_sample
Maize,703.8055317579414,15.92594054074127,33.054616680318915,15.840751013586065,32.272696011923635,19.969633629675013,5.452284470731588,4.362657174396518,bundled_calibration_sample
Maize,1139.9274984402255,30.581194963538028,66.31877862662083,64.67781619953409,45.47543739983503,46.97586830324226,5.142752298627504,4.574022054909107,bundled_calibration_sample
Maize,950.0258593815337,28.322131424555657,66.67835926873462,65.87666753785729,34.23357503676971,38.23048705524772,7.732393771403467,4.841965930217111,bundled_calibration_sample
Maize,1094.4542560676914,18.607326779044307,49.869121506048565,55.62938968288917,38.63493333382914,43.72137036463458,5.64312793753499,5.043564822985589,bundled_calibration_sample
Maize,989.9384456268228,28.72186035171766,77.33565507643792,68.51097766144031,27.38650096345109,36.28431098453269,6.194090592253186,4.998131548086218,bundled_calibration_sample
Maize,927.6745016446858,24.15024765779394,80.17337549329417,30.084236449815045,41.80395542992488,60.038237777479324,5.367670474976951,4.163403190247783,bundled_calibration_sample
Maize,1243.0156177176277,25.975838450349944,60.3614206533583,59.041208733668384,42.34598297350958,50.04354441873811,6.915624359117435,4.5483179468114585,bundled_calibration_sample
Maize,1360.6387432407498,22.345594586117965,75.17506161061893,89.0330305163994,25.86792064667143,34.37323995582791,6.411052485852251,4.6784708423592125,bundled_calibration_sample
Maize,493.0015702841579,25.686235393114284,59.099316388366525,75.42144633355997,25.473751511327446,31.44474735955519,6.299834924389771,4.878928141460501,bundled_calibration_sample
Maize,806.7860911969586,19.99097552085007,75.3145645942635,51.411640830898634,30.875418433184166,25.599047933306522,6.664194628514851,4.9451271854909065,bundled_calibration_sample
Maize,881.8786371691598,22.38937662703437,58.84794153037214,59.84981551858204,35.57087817450314,54.04808262429035,5.85776633760202,4.6265314880058215,bundled_calibration_sample
Maize,1108.350531757661,27.25895472224119,69.67922669964405,79.57300478033012,32.502497402864336,38.22883936339864,5.931235140038868,5.024793155797823,bundled_calibration_sample
Maize,481.3459880392915,18.370266877563576,69.93320378018788,49.74866001971044,48.943602978795056,62.87081968610818,6.543589884100907,4.364187724459833,bundled_calibration_sample
Maize,1196.2627083134532,21.58855602208551,59.079862728896316,70.15796577852379,20.874878508423627,44.531377174783174,8.014748271624725,4.6134968373416045,bundled_calibration_sample
Maize,443.3485465652002,28.302813633360255,57.313924131131266,48.56278895322347,49.36644820953221,29.451378930994892,7.311832160985093,4.828749791556193,bundled_calibration_sample
Maize,1522.1785957320567,24.68255964240321,32.002431755413454,64.04930113480307,39.18756128118224,8.600450916085705,5.62270531417645,4.256416351354694,bundled_calibration_sample
Maize,1163.6087642472357,24.821103309335367,79.43288556551568,113.58139979520878,29.193369874849072,50.914876502550484,5.678444056420577,4.606099200239302,bundled_calibration_sample
Maize,1525.8050049077085,26.36806544059045,65.30401275260226,51.25099999290798,28.05579410735007,60.31507287205153,8.65766808698211,4.332529721483334,bundled_calibration_sample
Maize,695.4260969698475,24.59220380839663,64.22254255833604,78.06077998155115,28.63734637646973,48.22314156814076,6.502514115870563,4.576923133813787,bundled_calibration_sample
Maize,944.471406116782,26.427595517200324,62.2853253911499,28.12516867155722,26.020556761792193,50.35838189588769,5.852391704900795,4.453753011013596,bundled_calibration_sample
Maize,451.4910883200422,25.067459314513677,49.18524689014837,45.75702359457992,16.58311961742495,34.10042043114916,4.739673407835321,4.152313876050077,bundled_calibration_sample
Maize,415.5615500235345,28.505303445686117,72.09016793423417,91.65847846437433,51.62171245105205,25.83427394601984,7.467007551065749,4.570902384913936,bundled_calibration_sample
Maize,613.1535918948773,25.75318004888345,69.90280817518463,63.33884362342531,20.14374232866062,43.10135889965414,6.92316254965556,4.982688999346995,bundled_calibration_sample
Maize,1208.5525495615261,21.618280143714923,65.44615477108951,39.40556016330642,35.26293881024641,11.608401462909637,7.012323897282861,4.62694082820862,bundled_calibration_sample
Maize,961.0046757389524,25.89015795021934,60.56880315129049,48.82779020085446,48.800885365935486,30.637635850506413,7.371648983930875,4.571663816027032,bundled_calibration_sample
Maize,948.0412651673828,24.442732737939764,54.64394541844948,59.389195621767584,43.76755697008451,56.594362127641375,7.3494752821600775,4.92175023545914,bundled_calibration_sample
Maize,742.1906573780581,24.3486781445184,55.3483691015481,89.36441191497724,19.632722169980312,51.18764638523647,6.142477706438331,4.595433427104425,bundled_calibration_sample
Maize,867.8927138055735,20.84566097596241,66.22880654390396,69.58892181002163,19.313899525652474,52.73381121408086,4.377418825720774,4.289040331703548,bundled_calibration_sample
Maize,829.5115248605608,29.437298397305934,40.4545618462527,45.8810880314255,38.32568918486194,28.595861461953493,5.5831036358904935,4.759808163306092,bundled_calibration_sample
Maize,889.7566112656635,19.548533937884734,73.17467119069326,61.90611671701448,22.516136655354934,52.823847575708754,7.527144188224938,4.477276259175921,bundled_calibration_sample
Maize,527.0665260452645,31.64892119698269,50.83682374450037,77.90295442310982,18.326047531952042,36.122364688017235,6.200877267926564,4.489316005802739,bundled_calibration_sample
Maize,873.4171076603352,27.216767683548007,67.04572758625713,97.34132509953847,31.676327135785176,31.007927770680986,5.317472970204107,4.525753036067241,bundled_calibration_sample
Maize,709.357363003627,30.805398040077648,50.30007309507873,62.566698958024745,36.64845192747322,31.776097234615087,6.360110686069764,4.944664290605706,bundled_calibration_sample
Maize,1187.3391068488668,23.345553672725018,60.03983072535453,49.31263145097639,39.31234602026832,42.874947182593516,6.45486496588054,4.997393221461573,bundled_calibration_sample
Maize,660.4096434037383,20.976145190199112,52.58548037829304,59.18007509519458,27.229072979812962,51.107412555602146,8.717672633616813,4.647482925748111,bundled_calibration_sample
Maize,400.97136865956,19.793756249526027,55.55629427597372,74.29335588924624,53.56987215917873,67.99047295574415,7.219335361251146,4.4424419594387095,bundled_calibration_sample
Maize,1042.4810450662585,21.456782203307572,62.28330244657517,96.06398352186237,26.797895844796095,37.5927440710551,6.45791978223392,4.988261637438476,bundled_calibration_sample
Maize,876.4752555719273,23.759365012554436,74.79529581200656,38.42128452006105,29.907729621107165,42.58664844180386,7.6859716983964645,4.5158343650937045,bundled_calibration_sample
Maize,834.4197071042714,27.256281598022326,34.236356388064365,66.46214997515295,55.04613093289399,29.80606505659692,6.354764640217721,4.750651233852725,bundled_calibration_sample
Maize,1063.885336665374,18.12778773140406,65.11212018545869,48.516834359924005,27.770823252637193,24.644227624924298,6.619667094573737,4.927516051179865,bundled_calibration_sample
Maize,757.4662427078339,21.242245224327725,55.568976858345934,55.584251034731935,38.02750408716225,38.14922929175805,6.589926707054134,5.242537495286161,bundled_calibration_sample
Maize,1207.5773518363708,22.872015345718772,65.15710169778929,67.08810505031737,43.49832644924842,44.1106767836671,7.239413986353244,5.0095843612741255,bundled_calibration_sample
Maize,1014.7046444225962,19.473276000579375,50.462010457676584,28.23717862643455,51.57838425800724,51.6448749279882,5.938111853647156,4.345805299440562,bundled_calibration_sample
Maize,869.1482756797842,19.983048780507737,62.036271820677996,50.709490838596714,29.598184379361502,21.885009595663256,6.473042457622294,4.50816652592883,bundled_calibration_sample
Maize,1359.5797049750718,25.512172862474053,73.96776516001914,47.25919748990128,31.125449412329274,49.76712936414043,6.260974951736567,4.569650221876721,bundled_calibration_sample
Maize,1592.8838142159493,23.131731413539214,67.50261206548727,60.46685918948415,30.212508382313004,34.53801322017041,6.405997996656768,4.536808645984635,bundled_calibration_sample
Maize,49.70931390271221,29.30134306059665,89.19679963586051,42.33917332695814,30.481938642006458,42.766079323805805,6.83147119000261,4.099059001376604,bundled_calibration_sample
Maize,1446.8356863234176,18.1547962647031,43.058463844252245,73.35502657962648,49.54826488247081,39.17726147900216,6.983443347491359,4.418982778074808,bundled_calibration_sample
Maize,1099.2660630150153,29.60132110502846,56.32534752780094,35.877796857796454,45.15788653451975,24.927507357921336,5.653459731255746,4.423475730158499,bundled_calibration_sample
Maize,1026.8911577556437,22.8157110618685,61.76038639660026,30.006317959696993,35.72265049951595,28.836604364657838,8.098060286345977,4.550879221822436,bundled_calibration_sample
Maize,439.72368821826956,28.765036265449474,44.21879241652634,75.46165824478716,24.137019590089338,47.10753716559977,6.530445479313824,4.569697279044299,bundled_calibration_sample
Maize,773.4632848179428,20.610077613859463,55.313062648157,67.86685934397644,44.196568234275105,33.0752490820319,5.996601591320254,4.927408113422999,bundled_calibration_sample
Maize,1119.8093987677034,23.364198852814887,46.680089427101876,83.64109454661013,46.91399209496042,57.31711620196802,5.617979845498214,4.711247931245667,bundled_calibration_sample
Maize,847.5350580759556,27.20697332070527,53.956456554331496,91.99768918640956,30.1844217563453,40.981428334301434,6.500405863344649,4.6933368065647745,bundled_calibration_sample
Maize,825.627933299885,16.045036809035587,48.95380028309602,91.50855137034115,18.485628837812413,46.49232819362935,5.6228473844131255,4.733716145932049,bundled_calibration_sample
Maize,1066.7267620083226,28.090295678361258,82.4591197164579,56.29425487788513,28.663405872754197,66.16016283477904,7.152920025110364,4.323138368412137,bundled_calibration_sample
Maize,656.4569751662291,24.695346863387567,28.810388795338387,81.17130376503994,6.215757636928252,33.786136389395566,4.964519150120395,4.285207296968608,bundled_calibration_sample
Maize,849.8256070203547,19.78085498119301,80.8438341055786,84.50342010776225,36.27995823721446,39.64855803465162,7.004956679632901,4.4945342580930205,bundled_calibration_sample
Maize,613.0180558026263,17.08582888424378,81.18170050139796,84.5325086733343,39.978705000130105,38.72107048352416,6.4530858046132655,4.4625514127111385,bundled_calibration_sample
Maize,1271.2060957936137,24.921861864860784,40.56413027305519,64.02897265631628,17.1079786194632,42.47784222746386,6.3201682633111265,4.59249829688815,bundled_calibration_sample
Maize,452.91636368961787,28.253665725056493,58.83004655087708,59.81658188702358,21.886076833954327,32.01477352575087,5.707255670253863,4.467223953703129,bundled_calibration_sample
Maize,622.7127119344881,25.821977561498027,64.87272954030502,34.003346077601336,40.20124934547784,45.03080969290012,7.14008416352591,4.644597961920737,bundled_calibration_sample
Maize,535.5566423339845,31.16929910795848,59.80734896555723,89.43320124331872,44.200282522808294,64.50421967244745,5.946577930503471,4.427808965271985,bundled_calibration_sample
Maize,1105.7259683903385,24.09868339955045,66.72958775861312,86.65266080337904,39.041363438553134,20.694379376475876,6.244212253407784,4.665089337092671,bundled_calibration_sample
Maize,476.6897925414494,20.365782991789658,63.36848445637889,68.62579558925725,45.60391169931587,33.09132008142321,7.055523505058686,5.083873862796297,bundled_calibration_sample
Maize,1017.6212577499335,26.96573196537778,71.64639450422877,68.46360732955054,29.85712865496925,60.28798508042388,5.606508191501347,4.850614545270089,bundled_calibration_sample
Maize,983.8966545889499,26.541896356465323,44.850948788641,79.12381463419203,36.35217332084412,34.4609148283472,7.294918211864534,4.698745242291182,bundled_calibration_sample
Maize,1183.0851405188046,22.854387674876275,38.13709397634651,64.48229504582925,29.964226514223498,34.699391185035225,7.356886206449544,4.7814770515253455,bundled_calibration_sample
Maize,1140.2039357663239,30.238184460399157,52.96968424828431,80.89834345310956,25.339971766974948,47.602311858870635,7.248042042531777,4.49716867893646,bundled_calibration_sample
Maize,1133.651925414175,24.519049887084293,56.28649302645845,58.769133107404784,32.093643971383344,48.496986763929925,7.226723685716956,4.712949407391923,bundled_calibration_sample
Maize,932.2023350880378,17.328012312632197,50.932025256432816,20.558237476241295,41.253054820437455,60.378907104703345,5.8619075526772875,4.610324513374068,bundled_calibration_sample
Maize,567.227112228547,24.96589458806699,43.31001851047192,78.86463774887935,29.205429166890152,28.922606750844913,6.576563090234871,4.478407252479852,bundled_calibration_sample
Maize,802.4673387575111,25.257225800296588,43.596064437550815,62.68181898022855,12.297760593852974,44.269821536354016,6.15855921407861,4.72777051283744,bundled_calibration_sample
Maize,833.3259198631397,24.037635789328654,66.65237797743362,33.24930129973568,30.097981439148768,32.206264145545404,6.41476360297973,4.7934532014343265,bundled_calibration_sample
Maize,776.655314615587,24.299936971424003,45.82892849991072,76.33927813261333,38.94838095133668,42.254427927135794,5.825944774841088,5.161094040858882,bundled_calibration_sample
Maize,765.6517633251855,22.652788121909637,56.904271793643346,92.33836198775569,24.083036641418985,33.01070294875559,6.6565190992639165,4.655693273258782,bundled_calibration_sample
Maize,895.7102892253686,20.700191080004466,52.255039371538615,71.45984593593072,38.12166116594432,45.194013887778894,6.0858294204057914,4.701326821115927,bundled_calibration_sample
Maize,1164.592000598952,19.031686037129205,58.73795850972327,44.699520871457295,52.85991557032917,57.217552032180336,5.046042913158882,4.5438587874396825,bundled_calibration_sample
Maize,1013.6934141967099,30.537794345905077,47.614467887581334,99.86330912816243,35.05840061940006,28.012246813499168,5.889361592858743,4.432603921887122,bundled_calibration_sample
Maize,665.7446736269528,19.39057984897441,56.8449851173222,59.72605617984702,40.695197335507785,32.825307794549076,7.176199292528036,4.696983810508079,bundled_calibration_sample
Maize,638.1142512630654,22.760737400421338,27.065656844951594,87.66626266443899,30.666246617567772,25.404283899313036,7.349890912070297,4.478291484495059,bundled_calibration_sample
Maize,1503.0017600131275,24.73408738709059,61.245555297644415,72.34567827813484,45.809464148394085,33.73433748013049,5.848291164001099,4.673395906858038,bundled_calibration_sample
Maize,685.9974516808134,23.41442100076506,61.13229111952594,70.62426178342963,47.86933657030873,33.297668896547336,5.098186452199446,4.410189481689403,bundled_calibration_sample
Maize,1145.914505875273,22.370706343158574,73.01919178828282,59.79832257355388,45.59768965736236,58.160358433067074,6.060827873947404,4.850028704656925,bundled_calibration_sample
Maize,1068.9479304936772,19.782402110085528,73.92944937147473,95.07099725312835,33.073679329346525,45.36764454988761,8.256664683316005,4.428657927501827,bundled_calibration_sample
Maize,400.92640807465347,27.959146583706406,51.99208219275549,51.10307716360089,41.18677040628493,49.11376270515272,6.942360402623594,4.601954996476259,bundled_calibration_sample
Maize,841.258458569026,19.80484254813861,46.88565334483018,34.417894764247,44.44445502560126,12.246642461962107,6.8799960273261975,4.304558902116519,bundled_calibration_sample
Maize,1246.845601925203,27.555687898455492,27.116017914334684,60.89791646021616,32.83200290724995,31.602023951079037,6.51781371928989,4.835856208350226,bundled_calibration_sample
Maize,778.5509231929898,27.56724396295615,48.31553157337621,52.798178794569445,47.75868753345197,42.78118867365025,7.83726175419382,4.686243625286668,bundled_calibration_sample
Maize,1025.817959354124,25.13146424941772,53.06101205247363,83.44121249081701,17.243252431103752,42.60477024117905,6.532130459208814,4.63509194577461,bundled_calibration_sample
Maize,930.294374340021,23.787424660999445,47.71466654778176,85.20193259324763,27.98948160709226,36.70790392920091,5.420328262994811,4.6718423791399,bundled_calibration_sample
Maize,1206.9002952515227,28.40914090628047,67.61741970546346,84.70891593130929,39.81980580040628,37.132313981636095,6.368566876518099,4.558876463291608,bundled_calibration_sample
Maize,849.7426921406196,20.59831897283624,59.442460082397446,71.8733970304879,40.21524435640571,37.41617824733879,5.6427608990397955,4.613879116509849,bundled_calibration_sample
Maize,1019.3910426873307,24.15016908405601,73.01188531393507,48.88485597480681,25.879544719238275,37.94180702858972,6.552401054559002,4.467502587655173,bundled_calibration_sample
Maize,863.8183033517092,22.572704156311072,61.696070532634664,49.055795953369966,55.20025947153793,51.50805402046918,5.209263693944285,4.715961767026788,bundled_calibration_sample
Maize,687.6998815685834,25.735583888009547,69.747000182332,69.56376085534991,27.327508887575526,22.052984390629113,5.766826123914385,4.54661089396496,bundled_calibration_sample
Maize,849.1502730485593,23.169190486723046,66.4648625950198,45.90818790163014,42.839680782990946,54.984390702366625,7.088223049973866,4.906639572209746,bundled_calibration_sample
Maize,946.936021317817,23.30800715188205,57.33445836073555,67.04182769426447,14.966425938246445,39.39399735297966,6.3019600375921065,4.9548796490939635,bundled_calibration_sample
Maize,502.55102944124604,24.252035177031317,44.627805219964955,13.407074765327316,22.914536485680344,43.01189461802537,5.477504387019429,4.676119448648679,bundled_calibration_sample
Maize,528.3499116697024,24.936022498381295,53.30582475684011,51.64238461925336,53.68232117219644,39.053560462615806,7.518780669394992,4.867929344121452,bundled_calibration_sample
Maize,655.6664919896788,25.29980208512383,34.10883180334285,62.90532088489989,18.80044904018418,56.58021944630494,7.021747090412278,4.452795212675393,bundled_calibration_sample
Maize,1020.2108329806449,18.191172919439374,54.33332395654255,44.982411248398606,49.51309156802596,42.252611984128635,6.881699911786682,4.36538600617548,bundled_calibration_sample
Maize,874.5048199974218,23.339148754662876,59.44712054770138,64.17875671277658,42.94164356333376,34.80269536975842,7.3759749598523054,4.84491205230317,bundled_calibration_sample
Maize,639.5368749854407,20.663399872515214,39.914850430638026,56.22354339528591,51.437381615434546,22.428283693374443,5.798274231925812,4.346904631907068,bundled_calibration_sample
Maize,876.0201490504448,21.41793749525905,58.643291383126694,32.810611017706215,22.084459818509192,42.93647780958666,6.676036790767614,4.912008927167279,bundled_calibration_sample
Maize,524.1354391938842,22.4366837409196,66.65537295415649,79.12479137319576,31.157621131096462,52.71384525044317,6.571683208092817,4.597554083958907,bundled_calibration_sample
Maize,1021.4585890779157,22.952850199554724,53.5247865370355,83.01789859955922,27.846237892888027,46.261822221362934,6.860137997550381,4.715544377398778,bundled_calibration_sample
Maize,627.2815008322964,23.760191306466737,37.984085827623616,80.45077180684301,28.87489577892707,45.141317676081606,5.8320408318977295,4.690715471871675,bundled_calibration_sample
Maize,896.2986546818984,22.442058684836848,69.43270799123356,63.31065535443129,29.36709901085736,40.269001676307305,8.155612263671303,4.7980152123792,bundled_calibration_sample
Maize,715.4030479511775,18.946317465839982,45.37583980516714,77.36370699261383,55.00030613762988,37.86136880232443,6.2768948917015654,4.581511426839529,bundled_calibration_sample
Maize,845.6960619599889,25.870549345905772,56.11609534789961,71.9273364918188,24.305551984234526,47.49018107126808,6.527084959844986,5.0679539001397,bundled_calibration_sample
Maize,655.6930651337904,26.11992825548384,46.6320147137355,50.62662852862377,39.704842827439926,39.990086416663466,6.909637615688469,4.977982653689529,bundled_calibration_sample
Maize,618.9584164797311,26.770325321334358,66.59484402578617,53.95043552303031,27.09019676839337,46.13989897026465,6.2972279459976495,4.836063223058183,bundled_calibration_sample
Maize,1005.6956254908841,25.550546251719997,62.48648508069155,31.820937903926342,53.69682164296117,48.64413869291718,6.018265411097358,4.702059932288234,bundled_calibration_sample
Maize,713.8848588490271,20.862365887770842,51.50635011955808,87.861717615039,58.22160107292537,60.570091910937165,6.750653297811351,4.540810286461325,bundled_calibration_sample
Maize,755.2948391916243,27.288147990103674,79.73733785917902,72.85603365955635,25.426908197674045,40.16806121874902,6.886503866639993,4.8839354048779935,bundled_calibration_sample
Maize,1025.589467880503,22.368488737563997,48.512665425922904,43.61836057840222,55.45804650214176,65.35783431609083,7.824914875759442,4.517828457312522,bundled_calibration_sample
Maize,965.0921085721116,27.57761908909442,60.834623933417774,50.270898406805685,36.05998949530979,41.861299366223726,5.6649307070739585,5.176125154446548,bundled_calibration_sample
Maize,1513.459926451729,30.259068028458955,67.78777273461498,105.73638814485051,32.699481067975285,33.30503059768298,7.1195245259371465,4.506077507518615,bundled_calibration_sample
Maize,817.3115585842933,21.835398955133506,49.71005688285605,73.55911445987186,46.340670367929384,53.49248097641241,4.719210342071218,4.422644473046124,bundled_calibration_sample
Maize,530.8428968314927,20.009039583444828,37.91403424851079,73.21928312639832,29.064247282924455,41.29348834018502,6.694196254606845,5.166677607491864,bundled_calibration_sample
Maize,987.6713952426963,24.243340759613982,62.37045636088494,76.86804085418771,39.00353019165179,36.06315418583847,7.2072616398306035,4.6757161072519695,bundled_calibration_sample
Maize,1005.8813054479423,29.166896201302023,42.25868139026287,52.63338493050453,23.178274206533526,16.513454087811205,8.497644271871424,4.470652104654748,bundled_calibration_sample
Maize,592.880684559381,26.720895245084815,66.67434340295402,41.77734272183488,37.709932305673895,38.65109376852307,5.914716747461,5.103712728343037,bundled_calibration_sample
Maize,787.3935122444693,24.796497768792303,59.92681222433055,68.41427636234121,37.30824570586556,42.11186305889381,7.004432848891614,4.839620563682723,bundled_calibration_sample
Maize,698.1284578240163,20.028985003360017,51.510920784518554,89.32967243905625,41.00462125141905,24.67049957958733,5.842128648163281,4.590912822618858,bundled_calibration_sample
Maize,931.236797398243,29.221296098101483,51.78734527630355,58.48519721366423,53.8358054238104,50.30757154765233,6.380425985200296,4.891570234080921,bundled_calibration_sample
Maize,738.9615151217458,23.768778827947376,79.07278428434385,67.0830035676674,26.376374639197415,23.746174386482213,5.443432568271348,4.563772810669591,bundled_calibration_sample
Maize,754.6354994923968,23.834224847380785,46.18181595106933,75.54154236556967,33.72198365944596,42.02743585850231,7.401376821202049,4.659507402977719,bundled_calibration_sample
Maize,1141.1212372469988,20.944897636386372,54.39318327015356,52.26991170730271,5.276659714217249,54.405863161604586,7.003275383109504,4.150306873830648,bundled_calibration_sample
Maize,1061.4383525644673,20.622888155309365,34.83609038969522,78.69465803326139,34.93257477106053,44.85855692280012,7.700254880827938,4.4549240028678145,bundled_calibration_sample
Maize,690.9299602073111,23.626582218245645,46.437104852726044,57.92847198141729,43.70684140278815,27.960336238680004,6.111755355605838,4.94305798987859,bundled_calibration_sample
Maize,724.824419752934,26.111580389418602,71.34168770653558,58.26600146395812,38.65013253570576,49.179652887304336,6.1631678637383205,4.923312889232381,bundled_calibration_sample
Maize,1175.5250922378204,27.540871716298938,40.96298303057007,105.55252124633682,17.910482279567525,23.911663433481515,7.657908214658652,4.188902263700704,bundled_calibration_sample
Maize,1477.3813889621345,21.61727197391695,50.12981391946715,108.36463435011729,30.85044858332404,33.215109596943776,8.229830759921683,4.529346613777324,bundled_calibration_sample
Maize,878.7339018354298,26.921705264299995,57.52011687001711,58.83087993654862,48.666036717217224,31.799768645008037,5.818191618223903,5.033421364920265,bundled_calibration_sample
Maize,1104.7048657833022,25.435058872679537,71.1931535912038,68.45442322242127,14.770348117009036,49.088776990373134,7.7267541062830585,4.787215359054014,bundled_calibration_sample
Maize,789.8229686010058,21.676668027623585,48.086157270367366,101.97021300647341,61.019564350219,54.114521253566636,7.054846709264021,4.1563004363004845,bundled_calibration_sample
Maize,956.6517330849954,22.768718785703786,55.642177189794374,78.02206966321886,44.89028769258133,29.840943422327655,4.485286054588157,4.173234769949864,bundled_calibration_sample
Maize,452.849598159496,26.455185305261605,64.40506386658251,82.59264039385972,18.809510771753462,43.39622613788812,7.444871712065088,4.510794867939861,bundled_calibration_sample
Maize,1160.2806266060848,28.471618212444554,53.13852231364004,110.30181257507323,31.761474258174616,34.459460235422746,6.590772682073367,4.938179097220204,bundled_calibration_sample
Maize,1028.0070133329216,18.05301636986612,74.48203828316954,80.18091068759145,15.291458033570088,26.683407597709603,7.214743521539777,4.653148886141587,bundled_calibration_sample
Maize,973.6217727352432,17.777955701256637,58.38082343301126,93.28197574508856,34.77084626456175,30.130372767214713,6.8867941512187105,4.96606743161563,bundled_calibration_sample
Maize,702.8521583024433,20.2750775381186,38.006207757908086,60.01743577654089,20.49890845057464,20.457087886667704,7.355750617969854,4.432834857545169,bundled_calibration_sample
Maize,815.3102808618461,20.955605904372103,57.35124978737259,30.365896131429103,45.30662868253255,45.3015373373291,7.50015739757431,4.350713652804986,bundled_calibration_sample
Maize,838.2476912617198,24.986772532856993,49.169372940649524,65.87792458917343,32.34644896942694,34.82557652525529,5.377189346122077,5.107221802954669,bundled_calibration_sample
Maize,762.1050369761929,19.241146225268118,63.53133043798621,17.96389335751023,31.967348982094546,27.148379140177404,5.8043910963742515,4.588099041638499,bundled_calibration_sample
Maize,1092.7500759639968,26.5786301482003,29.063229723766714,60.24275674165465,35.932756682218084,27.939236927476223,6.126579895318794,4.832804098341854,bundled_calibration_sample
Maize,1079.1007847717356,21.7153867470407,42.066305086011454,43.966597938765375,51.15697083457121,50.00856676324469,7.35889749605339,4.588633503207357,bundled_calibration_sample
Maize,572.0126928849488,30.542885286654567,49.501130467346016,39.00154445131747,33.75712225303678,37.45169304791864,5.4904200068715,4.837758634677649,bundled_calibration_sample
Maize,1485.2003611772689,25.401866516625986,79.2914715130913,75.76735329987406,17.853669821650378,45.724900590821136,7.600020876161198,4.61656243044074,bundled_calibration_sample
Maize,685.0118312762718,18.232649625201724,84.13976199454099,87.6053778141149,46.84480674478355,44.19236596396098,6.5074507281770035,4.880423625018185,bundled_calibration_sample
Maize,810.928448436129,30.79875301594979,62.656756733689576,47.46982620115831,32.110509616611466,30.355644611442813,7.895162357718927,4.859675605466888,bundled_calibration_sample
Maize,993.0887219677797,28.24320319375118,38.07763036480002,89.89711321909549,33.64342341988798,15.700276963864855,5.915870066597471,4.378487976289626,bundled_calibration_sample
Maize,908.3329796596325,22.437743801276817,54.51877565708334,55.60591271982136,47.12044379460802,44.90662375265634,5.31876252985389,4.567548754010457,bundled_calibration_sample
Maize,1090.5567746509955,23.05623043804439,46.83644764785787,23.46654878655699,35.84944598015735,7.624066079818654,7.114576110314278,4.268693061202675,bundled_calibration_sample
Maize,1118.5578093910472,27.26849392856025,73.02303596087562,32.51995785357265,28.013752613429165,27.4756909320635,5.79327058252507,4.709979334948091,bundled_calibration_sample
Maize,786.2082842045619,24.530764379105168,62.41671167766752,40.41548356482492,27.76843459582019,45.644239665866564,5.096156000823392,4.762170400276179,bundled_calibration_sample
Maize,588.2271926581566,23.209292341379975,62.398825483335926,101.73973383082773,29.39714015948487,48.11812907228302,6.313440098529028,4.667649741998457,bundled_calibration_sample
Maize,705.8227668838615,36.919416903211896,80.24049688851213,67.12014632966073,19.128619266598616,34.35896055696665,6.273254485686249,4.2906174206938905,bundled_calibration_sample
Maize,346.83041866384315,24.251442110259884,66.37968996795867,69.54601632622816,50.996345607826086,40.42940180114839,6.433837616221643,4.530920590433399,bundled_calibration_sample
Maize,891.0940390835362,29.240637069841526,59.631940530406766,46.679649031919965,21.232485249202615,34.753259259028916,6.956145757547873,4.619719691556418,bundled_calibration_sample
Maize,1052.4437472300465,19.864107926788392,40.12241463999507,99.17872665988928,32.572890526092955,30.265967201168827,5.238083348539137,4.799298223038607,bundled_calibration_sample
Maize,124.0996936217615,23.685816535363397,68.90230012280301,36.27108727159455,30.50851362007316,50.88098119609288,8.098002527662665,4.559540728854912,bundled_calibration_sample
Maize,1200.0486272543326,29.695191005903393,66.42804163734982,54.39308690487697,33.59934525533171,62.257012777140844,6.445440600380072,4.7030391307669035,bundled_calibration_sample
Maize,794.5517864759712,20.70809426641463,59.067318957071265,38.497348972977335,31.674456118653296,20.003930296043954,6.902539681378164,4.681938252650503,bundled_calibration_sample
Maize,122.70699371569322,20.288979814692254,42.31697049884859,92.28900548813,40.103371681977684,26.299313474503798,6.737538593368852,4.6672205077913125,bundled_calibration_sample
Maize,855.1295190382032,26.33393464861641,70.92306376421095,62.40582552186181,22.03808622882906,61.0486456793634,6.230438808541794,4.390908266751457,bundled_calibration_sample
Maize,809.4600096120755,22.714471345678586,54.4961313859919,96.73366284712152,29.131827325727848,36.62944733550787,5.429840101278658,4.825275160946393,bundled_calibration_sample
Maize,548.9933343168002,34.52015072174238,45.23897219735001,87.27406283843669,18.701691277831788,35.417118523637356,6.699857577491189,4.349481459826387,bundled_calibration_sample
Maize,358.04044534437656,20.66583630411215,63.766868655334015,34.512818124999754,30.827607635539408,39.411900879863715,6.344707229104577,4.749180617716035,bundled_calibration_sample
Maize,878.5077446506683,23.146999909789255,46.60594859102072,104.1067150209047,24.614092590978288,29.686937425104365,8.188512820626547,4.505569448851628,bundled_calibration_sample
Maize,827.9915142468034,21.112790412064484,41.37694186333429,70.64987266803527,41.39618908536183,31.160670494443316,5.656339221100985,4.562487266852589,bundled_calibration_sample
Maize,599.1400901244821,31.865011103781658,72.77636654854257,42.24391737038263,26.287651067899724,48.50934377558685,4.668086724863926,4.539068914660626,bundled_calibration_sample
Maize,1007.2492915900115,26.69229838720685,66.68559303976275,53.656968848725015,12.803637729275831,31.823325468339096,6.945809174914082,4.5208408028949965,bundled_calibration_sample
Maize,850.3397009376959,25.63596060396248,91.79298561525351,50.942079225413465,35.15562944117302,24.407497445223242,5.9867096641952,4.243888475662526,bundled_calibration_sample
Maize,257.5681878424007,17.26572048852387,68.21603825726656,91.23163823059244,60.133694541024255,38.78336025641206,6.794806213237277,4.268182798187664,bundled_calibration_sample
Maize,845.3215271434742,32.20899959505805,61.965173644216215,49.02761042685908,41.960054349194635,37.727570707356726,4.9663595296658025,4.689499905542614,bundled_calibration_sample
Maize,927.601203723683,26.451739483655135,43.9037445451278,89.00962595720154,27.0903544924685,15.888525659574974,7.9074862151080465,4.536532235626797,bundled_calibration_sample
Maize,598.7059254222044,25.74651262136843,52.39641157970368,95.9484433384424,38.09274435459092,40.682121536049905,7.421936701400998,4.8034500223368655,bundled_calibration_sample
Maize,1460.442038895847,21.620796255323178,61.117568107079805,60.039085070571126,45.02867512063874,46.55226530212761,5.820406295358587,4.895316947118943,bundled_calibration_sample
Maize,1141.3415972987614,18.777356491245833,57.738886384803635,64.21927007338344,58.79424133917895,28.79977317202691,8.387670253293418,4.43251632805112,bundled_calibration_sample
Maize,627.9359107099071,26.691410725849778,68.76333726622428,54.54049062538455,44.08220441717259,41.563853550163785,7.213300260922206,4.622338446184754,bundled_calibration_sample
Maize,1339.6149250133622,21.017434196108905,63.84234594103818,41.54578840547806,44.17108873189153,13.962088919554116,8.139243797540807,4.356257850376192,bundled_calibration_sample
Maize,914.4009206997831,22.515771979449113,40.0726958330473,54.07793286268915,47.386095856663275,25.951089105031734,6.345820736539189,4.57824319122572,bundled_calibration_sample
Maize,701.0414406030625,21.536450502935207,55.20996522301679,85.49473682708384,43.63053743722567,69.13190840702912,6.108515321460623,4.413415077429703,bundled_calibration_sample
Maize,748.7279218663429,24.631138699297033,63.02339732738401,38.55621452900883,29.23231521363769,26.263722162529568,6.558827690317961,4.803665969620358,bundled_calibration_sample
Maize,1629.073324451373,24.776939062203024,39.22003470542069,63.95521274498998,44.062715855119706,36.401432595830954,6.258691896255094,4.646108288649469,bundled_calibration_sample
Maize,1119.570727187974,21.182936128038044,45.15100722031031,58.68092722164221,34.25530777249994,37.30038690340413,5.433644595834162,5.262498660536086,bundled_calibration_sample
Maize,1012.3726365422707,30.78832571050778,64.69292580296214,40.71382598538845,28.060661998053284,38.79572805532285,7.464957944556782,4.653821788426558,bundled_calibration_sample
Maize,666.4863776884972,15.986723363487977,81.20667290048506,90.60915188268024,23.932004279891117,47.74533123823892,7.694262020468499,4.252204484764604,bundled_calibration_sample
Maize,929.4344037858245,23.567439761075686,55.87087256410935,58.3561944906572,25.54160363351128,13.001107614598254,7.003575389892706,4.251883790314026,bundled_calibration_sample
Maize,879.4317946984352,31.026133227958645,74.28324845351153,103.80728706074589,33.30065999518276,23.089674152692524,4.3862499037035825,3.9980153111023085,bundled_calibration_sample
Maize,1215.9156426118811,25.816724779050194,64.45266054681815,27.513815079716224,22.11609859814832,47.755900165306144,5.649478828398346,4.747386329327939,bundled_calibration_sample
Maize,723.593121131953,22.147674886790156,71.55965715469857,60.49004978769592,51.975182271171306,28.578615056969888,5.5524316253032,4.517194893249404,bundled_calibration_sample
Maize,988.5884440947586,29.750856343906154,44.734960675139476,67.08319258982011,27.131408728936243,30.831924699499247,5.365782560060749,4.922538684265123,bundled_calibration_sample
Maize,477.5654744802418,25.77954840048942,60.365218396766345,98.59270732414606,51.003373955866124,31.87414330876861,7.679601900838609,4.347754572543506,bundled_calibration_sample
Maize,862.1836736948974,26.7721511975871,54.31554550299177,21.408376905887614,23.85984686790203,49.47131858154937,5.683806556905877,4.353141772289023,bundled_calibration_sample
Maize,734.6888439709688,23.215294380691336,73.69714180603258,103.01041500045922,16.73209162693549,25.853711940892104,7.565582996471082,4.140045368766359,bundled_calibration_sample
Maize,744.6829356584807,28.318658266131578,57.12641411138649,74.50585946970384,38.56706508375019,32.91453241749963,6.967958371395069,5.026831191799145,bundled_calibration_sample
Maize,918.6806316460815,21.32072823929613,47.932605277894574,82.49781414869885,46.79971019089412,68.8259131673014,5.9021790324867425,4.608802773627656,bundled_calibration_sample
Maize,1008.0344313213861,24.98759806965585,65.08611567733574,89.5591943502882,44.70574355466797,36.28689415034179,6.0490144300917885,5.0000022054122235,bundled_calibration_sample
Maize,1067.7685627768615,22.31874843266465,62.71970912599623,55.698112549137775,39.0744936073029,38.79459793462314,7.649914118841537,4.660188473706706,bundled_calibration_sample
Maize,943.1616101699459,25.927448625974687,73.87717161279268,80.78363066424455,42.62539634939302,44.05964623901358,4.922833904871653,4.675773460306936,bundled_calibration_sample
Maize,711.3624721523877,23.253021736026287,61.46384230657494,56.48595261898866,24.449040911375548,22.63857759722967,6.435935364465205,4.435196280523398,bundled_calibration_sample
Maize,771.0802438888708,27.369313123918214,52.809262987703846,72.6370891861867,36.124521987257886,52.47529713892976,6.743968565905963,4.874748625264881,bundled_calibration_sample
Maize,1027.3662480832845,17.94858094573634,63.69917556821493,46.453622376813925,24.592282729008055,56.556752203302366,6.909075373103675,4.8535610705993735,bundled_calibration_sample
Maize,1022.3924088064866,29.100514004510316,50.91916544900068,93.18306510274874,17.324724017215782,46.60964808381216,6.264533214435604,4.659597491647803,bundled_calibration_sample
Maize,663.9903489071553,21.70341019940879,70.57358794483726,75.48838835864125,31.868656257280573,28.220108372395085,6.430155908648851,4.555914560123397,bundled_calibration_sample
Maize,792.9263722740855,22.451642405070142,51.91090751822971,49.088751718960566,42.91130034361537,31.71427759379599,9.0,4.1024848104679155,bundled_calibration_sample
Maize,900.6380961710215,21.987416391773387,39.348836534081066,50.57892412149708,32.92811247637475,19.97037867966807,6.829554275874195,4.583468823950393,bundled_calibration_sample
Maize,1143.5912410678518,27.750550051953677,53.05638306274049,81.71674226560597,24.575892305552287,44.38288850389478,5.312516659434656,4.608999686092831,bundled_calibration_sample
Maize,726.6441245568958,27.44076252512287,56.15107943280276,67.79101560361416,42.13485879567164,48.87986443555612,5.937588500934622,4.936760139746807,bundled_calibration_sample
Maize,1358.5701794985002,17.94858855399741,40.13723073344891,54.45731087475551,21.506780186627026,50.03166094533445,5.137556933717243,4.314960008210583,bundled_calibration_sample
Maize,930.4968650383704,25.42886132540932,51.70349598284897,82.86476169559975,18.230343816031777,37.049124381693325,5.91985388626818,4.4827031782735745,bundled_calibration_sample
Maize,789.74954540717,21.875143303268523,55.28273934807452,81.69044437850141,40.137125840404174,52.54092720291472,5.7422911055517964,4.845418825076445,bundled_calibration_sample
Maize,552.519073104098,27.73977656515848,54.623765581823314,53.83889822392327,32.47233965013133,21.775661026340465,7.875703605942828,4.444343865875328,bundled_calibration_sample
Maize,1118.3947902497737,20.33563367729552,64.5781320498507,56.88698684838691,43.868409887998425,35.32774149586311,6.800131190905907,5.109282853240648,bundled_calibration_sample
Maize,519.8973625446065,19.939030029400538,70.2089763740909,67.02714070663663,30.384779429042027,65.44873405333482,5.613169549205969,4.387272104543018,bundled_calibration_sample
Maize,878.8337147599119,26.000666529600192,49.253295647352125,56.892869042774144,39.53282616057462,47.187272906840974,6.961542719808387,5.075807420166272,bundled_calibration_sample
Maize,470.3246645549231,30.381643546956102,38.163312784298256,32.95850530352088,37.722920712016276,38.5365752533232,5.710632293740827,4.750504617023794,bundled_calibration_sample
Maize,969.2512876030813,25.790680807361422,53.51160225963903,78.0275317639469,30.159025696588934,34.91541717267004,5.608017579818812,4.865749027520706,bundled_calibration_sample
Maize,102.85612793172311,26.08788858797798,48.01811468597987,95.36946978929842,32.52830380674988,48.398099459675095,4.810642497596959,4.4467478014987325,bundled_calibration_sample
Maize,1079.8644518227431,26.47638018789853,66.2709677836074,73.74156014916707,51.962898140580506,42.443365177929365,6.127037770515366,4.94462043028558,bundled_calibration_sample
Maize,1170.0443748589682,21.859218860870676,67.97086898574342,114.47728549127756,29.969296223998622,15.658233210765047,8.118864172670271,4.5078756135855205,bundled_calibration_sample
Maize,624.3368151398313,25.09725120399881,54.558342198485114,78.17634346653209,29.99813825807457,44.514280650662315,6.9694646884743445,5.167234876267577,bundled_calibration_sample
Maize,950.683669110757,18.47864190527227,67.66158519733175,52.82524387245965,8.496119396316999,55.07814474275975,6.3233794922479305,4.631598710782573,bundled_calibration_sample
Maize,1030.2249451022913,32.0450327744213,60.00780145535789,71.25547104966242,39.34544524558459,33.276521027070956,6.05555432055448,4.641174177270791,bundled_calibration_sample
Maize,262.93319149041406,22.906007114257395,31.687937946648695,79.55246345817027,37.65597661851511,35.131688842087,6.619126347282392,4.5479693975517375,bundled_calibration_sample
Maize,1122.1967303995557,30.188539619328058,62.482659815193344,42.01910932088353,47.41456214320505,47.82832930680895,6.557014222239267,4.386933269377459,bundled_calibration_sample
Maize,1218.6672286814937,23.268076442408542,57.27415322733317,32.00557510132401,51.54317551003763,37.47364996834574,6.335312800602255,4.668163621726126,bundled_calibration_sample
Maize,899.2909392371807,22.86184898040259,47.33265089312896,26.475944487321364,37.43668651398883,27.209944675685236,7.039727503383588,4.4964514049788304,bundled_calibration_sample
Maize,1246.919436186967,21.85152524558366,44.4539066395527,60.189501926851875,59.63602509649232,44.70179423971101,6.1854636314922455,4.71409766617018,bundled_calibration_sample
Maize,795.3012992169039,22.086620643943654,70.39102048136755,89.83401323694999,36.84396653034983,34.28508713598388,7.659055952850039,4.461610030216309,bundled_calibration_sample
Maize,742.3254596429223,25.58620431459325,64.06815750846386,66.8971665133158,33.82187551658488,63.1342319481312,5.1163119202418175,4.906886420611279,bundled_calibration_sample
Maize,890.7168717047737,22.344058195294643,52.832834815161505,35.00412160812898,12.917842765468386,46.35089172673634,5.305654127059995,4.610836348355434,bundled_calibration_sample
Maize,956.7699047203183,25.20855560669936,55.24426349201202,64.78838619379216,30.393361373554722,66.39604271141496,5.962689735129201,4.357104675810274,bundled_calibration_sample
Maize,1206.4102238756745,24.722790513461007,49.12502728007769,67.61465190413577,29.113866348715867,54.201717371492556,6.824987380764693,4.766290429200722,bundled_calibration_sample
Maize,1107.03200611785,34.79326019947112,51.47989961694021,57.60091833648943,51.33997851706184,43.010204236261785,6.168414053170736,4.363712037683439,bundled_calibration_sample
Maize,779.0517583560147,26.38636558260495,57.793510196129,75.97446358315617,5.980545218163648,31.039300666132462,6.651055422620713,4.6158100879739274,bundled_calibration_sample
Maize,819.1822021231969,22.541876306301518,61.537686157726604,77.36832880613758,34.66413452088978,28.684708352812546,7.182593682374281,4.891325631442362,bundled_calibration_sample
Maize,582.2740827641585,20.854716760891673,57.09222467436309,82.28367524708591,33.74196865396756,24.32444754639522,5.097073451697669,4.737684580460349,bundled_calibration_sample
Maize,1048.5026514684057,23.41855189349025,57.617456159752734,82.63988459873498,38.9541661055002,38.09252354563384,6.1929932834014405,5.061103392815373,bundled_calibration_sample
Maize,482.1741230927178,29.722996905283964,67.24305899393366,61.84108643240723,34.826684948040715,34.50196770958796,6.472416888856606,5.003578536231231,bundled_calibration_sample
Maize,1067.9372687011203,22.17476743129789,49.98042044474641,79.85883005654802,38.5148804821436,47.488180286748445,5.351830901347135,4.9362438572057785,bundled_calibration_sample
Maize,603.8535097037101,19.51479157486278,59.21610476408971,47.02400149174501,42.276832640253176,39.95283704114522,6.561323611772739,4.880340974873517,bundled_calibration_sample
Maize,1089.3002540834568,24.949716261710137,44.576908646018836,100.69847772079086,24.968170078279087,54.07078436883632,6.704237051173547,4.757317879655855,bundled_calibration_sample
Maize,798.5424863755189,21.969352415418996,59.449960773015825,43.303569463587294,41.065357217327694,41.07468277969505,6.503039419010734,4.676565957102799,bundled_calibration_sample
Maize,1225.4397613564556,23.650876754136466,55.89055927976121,72.87256290043248,19.06284111230738,48.00365569313457,6.583176894034725,4.467350476418556,bundled_calibration_sample
Maize,1165.4757027926448,27.166662996947572,64.15529674386502,80.25804410415309,46.07360345351571,41.73472882052988,6.948281241940787,4.64120073660858,bundled_calibration_sample
Maize,1172.6185294919555,22.653124550191734,59.4155245509262,61.359981676612556,23.233816954765643,47.14407763833884,7.460408808877369,5.097278006335519,bundled_calibration_sample
Maize,798.9934966835948,33.11577403499279,68.63556817131254,72.50183114267196,25.842426426820438,41.54319811069174,7.177710594060122,4.560512464245111,bundled_calibration_sample
Maize,1299.8427215989382,21.585130354345036,55.83685315696168,60.64267239433676,41.14978068236826,26.739692088514854,6.568096440276344,4.670509532212404,bundled_calibration_sample
Maize,554.8509530650281,25.45765590776417,61.84171043604634,97.74228492530432,42.86011772361875,16.056411143698504,6.2313875665174265,4.361768864398869,bundled_calibration_sample
Maize,944.4059745483946,23.743842258082186,45.8152334020564,69.65777579684284,44.63135140656116,42.69527293755582,6.78483893132913,4.726218538335931,bundled_calibration_sample
Maize,1386.3143066333168,32.88644477975905,41.385513423280536,39.235930818882515,26.11575329244196,34.64690406315004,6.7450026622825545,4.268374847303228,bundled_calibration_sample
Maize,1013.5313113373152,26.42488936329905,36.20112129815682,68.68119474850597,49.8827324903815,41.9303417528641,4.843934849962863,4.597634303621537,bundled_calibration_sample
Maize,1340.6994340110978,23.25363860137174,57.944945646314174,64.35842132965406,35.01891987024769,22.10635048879157,6.124361891128478,4.465508836806557,bundled_calibration_sample
Maize,489.21445558017774,24.29679276959853,80.72025565179658,62.71810582136747,47.17541677867132,43.88625627433021,5.1597589619451805,4.520690119535541,bundled_calibration_sample
Maize,386.10964440672393,28.637182200223926,75.57259163353037,70.6723999958683,28.31550104540814,31.543754642175394,7.08914380881351,4.95459577022262,bundled_calibration_sample
Maize,701.3851681445698,24.23613147805931,56.01057054454843,93.22027013134789,33.59100729525005,16.753697948008163,7.230251532268515,4.6581995771622005,bundled_calibration_sample
Maize,737.8339390031275,28.999528666435985,53.2851103237811,88.20926356964267,34.32871831824193,31.60557800980497,7.493576425426643,4.976085094328587,bundled_calibration_sample
Maize,754.7240468216171,30.650819144441293,38.03653938667671,81.13900284516328,35.5968666393951,41.788967708085664,7.222016516042939,4.953795858523491,bundled_calibration_sample
Maize,897.3479352273391,24.120764619171037,52.696008534649685,74.96983415777167,44.4209143480024,54.36152949527431,4.701958087304904,4.543609449169365,bundled_calibration_sample
Maize,477.3296513935136,20.400613848976413,64.91575733785291,59.71480100933223,52.29958030732537,32.69258439946029,6.920698683812848,4.440602675044848,bundled_calibration_sample
Maize,895.8482438458507,25.90056338007508,55.83314213852334,45.51515148330509,28.380092214941502,48.17700579653493,7.218164282631553,4.8739546797076185,bundled_calibration_sample
Maize,493.8906457428708,22.325103420632132,50.260532097139034,46.686008441097755,53.87931482885337,50.19412809919581,5.829718052178429,4.59368049122174,bundled_calibration_sample
Maize,896.7024916936107,16.76773291228221,47.20530309068373,76.36702074963459,37.75074528386086,43.427395957305954,7.753789583054329,4.494656670708758,bundled_calibration_sample
Maize,1037.5893753197681,27.805705456096938,65.60134507083431,66.63083043719261,5.014309574098526,33.05404877337845,6.27409494301019,4.72535736920286,bundled_calibration_sample
Maize,1083.3790589797022,19.185632060604185,58.20774889211825,60.39663795716783,29.839421122545957,44.5163176996205,5.310739315937161,5.067527585628662,bundled_calibration_sample
Maize,964.1868046864224,20.148603958238304,77.12657097601749,63.96132186980003,43.264110730566635,29.95982448978058,7.725258594935966,4.438884254039971,bundled_calibration_sample
Maize,581.8542667672616,25.51291586512088,50.40077870631978,68.84973457831346,35.70067430228629,47.32316256477794,7.069781796022802,5.177243864891635,bundled_calibration_sample
Maize,615.0735706477776,23.98755821049146,58.163997482781845,100.16772345041991,37.302317183630144,20.971957274567824,5.249610858856883,4.620619627269989,bundled_calibration_sample
Maize,869.3270266884733,22.954819272496316,56.44689499431337,57.39646951361108,33.83533867673182,39.23813389389554,6.0139080630505495,5.104069488356898,bundled_calibration_sample
Maize,627.8833971954499,22.195447178343077,63.22816587459485,70.97546933370646,48.50611317901512,58.20790883986747,6.200676925957883,4.478758620038453,bundled_calibration_sample
Maize,626.8682965966566,19.691536789723123,52.57306780434343,76.77788332308347,27.11667824666334,32.77099956181521,6.802426972127483,4.660147061561692,bundled_calibration_sample
Maize,841.298798225392,25.930362799341566,56.865498350099394,40.95087361117664,25.166343895922854,26.977951863184323,6.698138079490251,4.39758173363868,bundled_calibration_sample
Maize,829.8906387088367,30.703062285856888,63.065057235634725,22.68735755382194,39.48541915481515,55.82504399929454,6.422788094080729,4.640262808542439,bundled_calibration_sample
Maize,1048.3130164592603,19.012202660949576,74.12362563781912,60.53527892191127,37.871396863367856,28.37443487571481,5.486933582281646,5.098817373785618,bundled_calibration_sample
Maize,604.9890852461486,23.932674351977948,71.73473155308031,78.51005634070701,39.24624063846539,50.46934017375143,6.284372545339102,4.773822021967174,bundled_calibration_sample
Maize,770.3217259014253,17.98211075242105,46.06563031550389,66.13560248467853,9.783688563786562,22.882836220858497,6.718712735908938,4.701148161539182,bundled_calibration_sample
Maize,894.5387687996442,19.49211990689948,33.177653626060895,69.6460069133119,37.81995136870043,40.0054823054644,6.8534305424540545,4.5761409536191815,bundled_calibration_sample
Maize,1062.4458928168497,24.216409647125776,70.41461317827715,57.94050397143702,6.701628295380928,50.04499371090885,6.50005429682273,4.606412124943581,bundled_calibration_sample
Maize,996.1870137943952,30.214523460573414,53.944012587435736,77.08313157278488,29.642914010921174,31.156390333912988,6.025209651390631,4.468756842571953,bundled_calibration_sample
Maize,957.2017235524191,25.454669260084465,30.893575205219324,110.88247583195175,32.39541026072283,53.25281648625298,7.021056826317185,4.702818542583829,bundled_calibration_sample
Maize,1109.6877351525309,26.100363559843146,33.860597114151005,59.6640600203308,48.674764953069044,53.362573630527756,6.973627789577511,4.569166524882048,bundled_calibration_sample
Maize,1159.893660310677,20.127314608018228,57.131782381515315,58.064652633572805,33.43302957940194,36.8113333844416,6.677550525809594,4.865162576834052,bundled_calibration_sample
Maize,676.9369838551744,23.241436406856582,59.7801903800356,74.58525070913414,35.83085646159928,41.86426013616159,5.642855082236338,5.216943107493292,bundled_calibration_sample
Maize,477.13183689830964,15.904549032431147,70.8520464111092,62.279123760315585,27.60517105591685,37.93060494804499,5.573658321923297,5.121406851925417,bundled_calibration_sample
Maize,1244.4280842534229,26.22859461461212,74.34365093077464,5.0,48.865031716962505,44.509092112920655,7.529615943166605,4.578330554533944,bundled_calibration_sample
Maize,463.64534386652286,21.834411291821432,62.4179732799535,64.19767034220018,25.80708718694806,50.405558239824764,5.214021954308494,4.923017430078472,bundled_calibration_sample
Maize,984.2303403828564,20.432688286776788,54.319043634007286,45.632708309268764,25.471615231564293,37.14802083200829,7.602840493998549,4.820405562594627,bundled_calibration_sample
Maize,557.6738950652273,26.791006882496703,33.83092639154981,66.27639600002122,28.706926031704242,27.45389107311412,8.232565664703356,4.677260641213281,bundled_calibration_sample
Maize,356.3944875016932,15.801131603431813,74.11555546672331,73.2147306050424,51.526603303441405,62.15432784527834,7.049503683301523,4.435151384557248,bundled_calibration_sample
Maize,534.5878217591871,25.45518565752427,46.90795968233577,39.20820128303887,55.86868176834884,47.12378363138827,4.902323320016876,4.281442690659546,bundled_calibration_sample
Maize,833.8576460385395,19.734680325932427,42.93730197789115,43.136743164359785,54.65343578922179,36.76471582644114,7.150845451597096,4.80863225000448,bundled_calibration_sample
Maize,456.01415533823285,28.33498842543273,84.0865817805319,40.770662233295546,31.29864335586358,31.267774512591274,4.753637155132902,4.444567219242701,bundled_calibration_sample
Maize,756.8699273072109,29.89065517175068,50.574491954233444,31.48229815249907,25.083759369239672,40.771642704024444,5.904228488579186,4.891845955052602,bundled_calibration_sample
Cotton,412.4953856269453,35.52552323374021,36.328747807835036,63.448474780221616,38.76075696183524,24.872791137321947,6.652541405420824,2.103373407579012,bundled_calibration_sample
Cotton,1092.5597827539873,24.87127180351685,46.33734867911116,24.81100731713054,30.125268370018677,45.460422955782505,7.892192450408768,2.4276486175898206,bundled_calibration_sample
Cotton,723.0010504289585,27.939357951099016,57.433002118253484,73.59077992116927,27.797263655957046,22.64902640116639,7.181776341676023,2.3021895071588943,bundled_calibration_sample
Cotton,1126.3609096627292,34.75496474958139,65.67772459654807,60.7101841800121,34.457247884534894,51.36402049990635,7.129729329779937,2.4902624221567766,bundled_calibration_sample
Cotton,1033.282386757038,29.484346403793193,65.17689430971983,47.80530904971165,37.6093310293504,41.08178237690676,6.606926098474408,2.307486635170388,bundled_calibration_sample
Cotton,637.2119588281613,29.223287012615188,65.42451006582972,48.29758740792237,27.891423275763227,42.218503372281745,6.008749961603026,2.3891275459925674,bundled_calibration_sample
Cotton,1078.888079286766,28.773550056859733,70.54141621527927,72.1496429552252,22.766197152212698,38.65509439391926,7.178114958125273,2.3929692482406066,bundled_calibration_sample
Cotton,820.6771691446127,24.967131015948183,48.4966469483101,56.010659349772375,32.65653881095576,45.6910269390296,7.9554358886934535,2.422248852570653,bundled_calibration_sample
Cotton,1100.6335878168763,25.16509296548222,50.91408304564979,55.100686151142256,14.97456217909326,59.00613724437051,6.79564862492028,2.3464321207805545,bundled_calibration_sample
Cotton,712.6185880976977,28.69756322144533,84.29037863399648,63.54008972170394,33.202298813190325,17.129979885171856,7.6772543986352995,2.0997218957334347,bundled_calibration_sample
Cotton,817.6131883418533,28.343249185463634,69.06449679363047,68.65619332778293,7.940660757129162,29.02065107622115,8.229445723733697,2.158243337454934,bundled_calibration_sample
Cotton,957.4649788829265,26.55177383306999,45.44173450386471,47.30262387705997,42.151273433386855,50.75999049054253,8.09891151677773,2.3538385798438375,bundled_calibration_sample
Cotton,277.24124601703807,28.540057304684243,53.363025064151714,55.68538086427561,38.33977766876804,51.44576738452854,7.430395078858873,2.3934484679300247,bundled_calibration_sample
Cotton,948.0919348797038,29.624849800557502,66.17579000668714,61.187188841836274,37.283932464004494,15.697803170258634,8.496696625810847,2.2977327025321204,bundled_calibration_sample
Cotton,1012.5764355533477,28.77454843511213,46.70924109010151,67.81670536801987,24.290676224178252,23.968963541023204,8.082301431968133,2.4139617416901755,bundled_calibration_sample
Cotton,990.7855050111295,29.970473787681517,58.32621880978222,13.596711552690003,20.48372893214347,39.058877082368966,6.764521360406453,2.154052124891782,bundled_calibration_sample
Cotton,832.9053570108421,27.133924284209513,39.50278868204439,53.97222304193733,26.588680428423785,33.514166600937926,6.676064999786909,2.375985059472374,bundled_calibration_sample
Cotton,885.4406327601946,26.547574582931954,56.757409707196224,106.63847934704904,23.913108976092833,56.37562204673402,6.719444924602075,2.321451321930915,bundled_calibration_sample
Cotton,1302.1975693278769,22.9364899598589,59.394143284938245,34.351545134800276,23.923927483814914,5.0,7.2785874662454635,2.060518551197437,bundled_calibration_sample
Cotton,1147.3417862341394,27.863990020890345,58.78075161193836,48.08659037059358,19.4858282965457,54.5619217123719,7.047199801805804,2.210382807555618,bundled_calibration_sample
Cotton,935.4820638232524,29.914670629810406,54.540562036852265,91.44766141056459,36.22481770825423,61.19226840958818,6.767752983746591,2.250523581369626,bundled_calibration_sample
Cotton,1106.2837366122044,37.218145895403325,56.169243650626186,92.79589132690279,41.048516446793286,25.116393443922117,8.255530743520833,2.013353029330509,bundled_calibration_sample
Cotton,550.1750014420559,28.807613601957254,63.21104175330785,43.965086395609546,21.088594954000307,47.68749226455151,7.433644114831067,2.2052005755352897,bundled_calibration_sample
Cotton,708.9748059938034,19.11414741230284,53.74402047629505,69.54828897624319,42.367384630980084,43.523779125815494,7.909339799060017,2.219948268628661,bundled_calibration_sample
Cotton,860.9178380079944,19.428532749937382,50.29329168452185,59.472892310856864,33.35727693511804,18.503051634858096,7.404184635986395,2.3729160526997526,bundled_calibration_sample
Cotton,1073.3313483854176,34.58538738853244,57.63283094354837,51.9461950675242,14.87226512756531,27.06822489036023,7.734257400605621,2.3136859534926537,bundled_calibration_sample
Cotton,1106.0171110576512,32.4397983884798,60.376767174523835,40.417661428620434,17.205374021662436,55.70953886082095,5.025856674509379,2.104121707263056,bundled_calibration_sample
Cotton,1150.2815784207964,28.689941243451983,44.25284427582071,61.37307619480605,47.431038964160095,60.42816407332821,7.235907557658818,2.143780385939066,bundled_calibration_sample
Cotton,688.8815240583222,24.660466000800266,46.06883023091051,74.9723732357486,9.926138710648942,39.11984701829505,7.541798563526451,2.179086221245408,bundled_calibration_sample
Cotton,1160.8836538537944,24.101916494018173,78.2038266086567,58.6378721662964,40.11392679880733,29.078602061231372,5.989593457105415,2.3082545564319283,bundled_calibration_sample
Cotton,1171.5145882150657,25.174340973453255,47.93163358089086,51.76871707760678,30.803122356096104,31.84290364682777,5.876752375894711,2.3692300635457304,bundled_calibration_sample
Cotton,865.7883357863515,25.686612459546613,49.29376764438905,75.1741014728013,27.20790555499583,61.77164628135712,6.816072634398952,2.2455399810564214,bundled_calibration_sample
Cotton,1331.3932620441838,22.55020296820239,46.35813908170735,47.5568755948363,46.83247654224124,30.26218429759329,6.555286606201371,2.1094832885535437,bundled_calibration_sample
Cotton,819.646980670206,22.165492198452768,61.89005063523857,19.8804832712024,40.54723495644207,63.94836792595351,7.123158578372086,2.0853004671090036,bundled_calibration_sample
Cotton,752.9990546818832,24.083532898534127,46.34464251123909,67.53492799650938,17.897393056337542,55.70330076232662,6.6840400158078905,2.4161632245498654,bundled_calibration_sample
Cotton,1228.6681774599447,26.041178795809756,49.70486181918412,24.965256253403624,35.6588651990506,63.98295579568044,7.332282583693801,2.191291033353121,bundled_calibration_sample
Cotton,858.3976212898251,33.15420348366015,53.282234352189555,49.49632595797526,28.742334394421018,36.36043305486387,8.087322013325721,2.519775423665531,bundled_calibration_sample
Cotton,724.6201332689992,32.971326588737185,27.97004417266401,60.25504171973095,50.15178115880562,31.720860054797413,7.497836331854176,2.1484512111628247,bundled_calibration_sample
Cotton,1201.5186769541579,27.65939892151232,52.762977183290275,61.949647347597725,32.94904565506414,8.397539251112448,8.07897187821401,2.2778877754832525,bundled_calibration_sample
Cotton,1180.140771679456,23.617397971210416,56.49258779386338,68.27746319289572,18.887913808614414,64.80766502582601,7.327179431351665,2.114659365554064,bundled_calibration_sample
Cotton,972.923960024701,25.041428321004283,47.307073929952594,69.24798263852688,8.601313372283574,41.22450435407365,6.680851389593606,2.3782301631224176,bundled_calibration_sample
Cotton,683.9225887432316,27.42380326603804,54.41689570812098,82.89937759544699,28.271040720646482,60.041690876110884,6.2236645919411995,2.207269871380082,bundled_calibration_sample
Cotton,595.3649269422677,24.05750438382572,53.64212615004654,65.94621309296919,25.364726015183248,33.141260693223565,8.065468722554664,2.2517680341906843,bundled_calibration_sample
Cotton,773.1340174214522,30.869016305312655,37.10725718113417,85.43146061279519,34.02728336280656,43.22324986699438,7.271126570024599,2.3891259969889473,bundled_calibration_sample
Cotton,1059.018740217945,27.525417179366283,50.442346184817154,67.653605136874,24.398021264232085,36.61278474237139,6.935739904508846,2.246271097346042,bundled_calibration_sample
Cotton,890.2917553894002,28.395637074044778,59.77775164560883,76.45050139438816,18.601881603675764,35.65138457411099,6.955950278315561,2.238315610620987,bundled_calibration_sample
Cotton,877.8960074930362,30.006208398158147,69.01318701750796,30.553054815868926,35.56062365928807,30.118076415418194,7.618763783734029,2.2048710514590986,bundled_calibration_sample
Cotton,1093.9736224092694,24.551662731133998,52.91753990368526,44.899559840849534,32.87938925803089,27.99554781047844,7.691682715173841,2.246983902813798,bundled_calibration_sample
Cotton,482.1623596666547,28.03767431531316,62.33301302203427,39.10444423311873,40.71896157223505,27.027963692514184,5.8268972063558095,2.17736625737133,bundled_calibration_sample
Cotton,605.7476333026553,28.723170473986833,48.2484224328965,77.9971577898753,30.061705836680055,56.934224185892,6.530281194348271,2.2510838312083554,bundled_calibration_sample
Cotton,608.093173264274,25.02283317361636,78.5894282736289,61.105587650716025,44.836790719182446,20.315043880939655,7.228497648458658,2.133749900131321,bundled_calibration_sample
Cotton,991.0772013635128,25.529566266677648,63.255854570095615,61.74988872419632,33.49780727488353,41.63266614724133,5.4193794083598,2.2958387406640437,bundled_calibration_sample
Cotton,884.1460076631316,32.242565356968704,66.63773677805224,78.43523777379544,46.40882085440332,33.0676193582726,6.88078219070632,2.314030600785117,bundled_calibration_sample
Cotton,565.8063689998594,35.06487785206715,31.61766059614233,84.414578118744,48.03624199341221,62.162664527388856,5.869745222675257,1.9762151907836858,bundled_calibration_sample
Cotton,821.2788113481627,26.648070510194465,75.77919889834993,44.695866392765474,32.32249808264504,52.33185530216328,7.923391846540531,2.4473031950202224,bundled_calibration_sample
Cotton,683.1090790265009,28.507202610858315,63.73841816385859,58.2081883733603,32.62847447903533,47.58176377812835,6.234500744731262,2.478038256512793,bundled_calibration_sample
Cotton,990.9313650292579,17.14533004665064,60.92189239512068,16.242867995690922,23.203226032187484,53.350468872607934,6.693463869120896,2.2450424115416117,bundled_calibration_sample
Cotton,730.2289825302873,30.380109772716864,70.1668698695436,63.64973333445639,32.47187073959715,36.759112012368824,7.289776634119797,2.265162960303354,bundled_calibration_sample
Cotton,412.4498283778572,29.76738610302041,54.01614811268693,73.12615574393743,27.019269236581014,73.2768490107704,6.375560960026878,2.3113431743566935,bundled_calibration_sample
Cotton,878.7343556749163,27.0864554106369,54.826492639678136,59.81388584260243,31.999315128300196,48.39947467848178,6.583989200338552,2.3148785713829882,bundled_calibration_sample
Cotton,1206.603694807271,34.583071697290464,61.72980578767804,57.36209102464146,37.088998398334084,48.148570482205315,5.858426254699775,2.3008066104627054,bundled_calibration_sample
Cotton,964.4051347826615,23.218820617563587,41.818486080406366,67.64640024304695,40.66948407078532,45.057659062859095,7.720842614052536,2.456067350463222,bundled_calibration_sample
Cotton,732.7158335513923,23.966255750940654,44.9748017980799,11.484247872059939,26.149994793799248,57.61444497909113,6.657866700829083,2.2286481404706,bundled_calibration_sample
Cotton,763.2618277005137,26.52796725019067,38.366248449727784,36.624087016030494,20.502772198625347,54.33494085476772,6.911530763510652,2.2509375194604506,bundled_calibration_sample
Cotton,911.1772824622046,25.12895606806066,47.09427693035043,52.16366472766725,42.4729886373268,33.08083826134734,6.381061302425503,2.245089541432704,bundled_calibration_sample
Cotton,985.0880349783645,26.823543651832374,61.23859141441753,62.06613924313202,26.506746000538683,38.78991959534112,7.883173589928833,2.523175650951829,bundled_calibration_sample
Cotton,961.4375884365459,20.788881587763225,49.875544782297915,60.12073751128579,31.743602895353145,47.22292209015879,6.268840222920161,2.4320746262935438,bundled_calibration_sample
Cotton,1133.05344888195,23.099337750292413,57.394937610968206,45.57241322145242,27.30911450105618,47.35977303395207,7.6619343045301775,2.5290004163740183,bundled_calibration_sample
Cotton,1330.335005793941,21.88923376736039,54.051278342272994,41.473632258907124,32.06510327509317,36.24796388378569,7.192943282418266,2.3287690313922913,bundled_calibration_sample
Cotton,617.0799518516322,24.7142560811786,64.67264506952337,66.41629902698278,37.440288339477384,32.90828806720327,4.768015035786114,2.1776751574542357,bundled_calibration_sample
Cotton,1058.9102677269452,37.487555624485225,70.99324638835839,78.40323529526111,42.00828517637419,44.60434533110356,9.0,2.0750794353198425,bundled_calibration_sample
Cotton,909.0205854286828,27.01828962418902,54.7020551012566,79.60014756980472,17.02768717713295,49.95818382924974,5.541397479321547,2.1792475690506463,bundled_calibration_sample
Cotton,1154.6272246084902,29.699741103543854,62.830133951437396,27.48966098938451,31.277580684508976,69.38953323226113,7.594305312743897,2.287135680204545,bundled_calibration_sample
Cotton,954.1464046611328,26.47103290671619,53.458377793637766,51.12140202127219,19.838796397828034,59.69161961953286,9.0,2.1667066970004543,bundled_calibration_sample
Cotton,814.0024124857011,24.520582766469232,69.1924612612496,75.7489183307547,35.221533805874,41.68100121729195,8.498825113928985,2.2383399478239028,bundled_calibration_sample
Cotton,897.9280076322676,30.821941682686965,53.07015647739665,51.5798901556914,32.52792135926123,37.6634085344117,6.028871265897008,2.3943910132653152,bundled_calibration_sample
Cotton,830.8503282218123,37.9677650324403,58.7759952353542,69.52956108222713,24.154185355768004,39.70650718166462,6.901218579754194,2.3034074231766213,bundled_calibration_sample
Cotton,860.6929628513507,38.12111518551654,52.26486693604863,60.32093892941246,10.084379757147865,52.749016498936456,6.523060578478954,2.266307080061174,bundled_calibration_sample
Cotton,1364.3634873915025,26.87563509901259,62.57758036820491,22.42415972686571,22.756111831443334,50.077806059741604,6.703693339428316,2.247342035524862,bundled_calibration_sample
Cotton,630.9086859175059,21.44286142150617,52.47081515137479,37.96756029776869,22.853473629196785,21.21789772057722,7.5302956868187625,2.300820114726279,bundled_calibration_sample
Cotton,864.4375111826346,36.22554891182945,47.56097376453393,75.09248478157697,27.008942515964126,88.71653421974892,7.197298649503386,2.0184447137158266,bundled_calibration_sample
Cotton,710.4264416945736,21.242188312819447,45.004558497709226,95.75182191849913,12.574546230445723,35.58706319608206,6.81731903216863,2.074151010728933,bundled_calibration_sample
Cotton,1136.0269462105316,26.638989776575418,57.65419694810698,42.40308438956038,27.6102807073618,44.29499159372195,7.2455984224033605,2.3223021642196158,bundled_calibration_sample
Cotton,572.9745854622873,30.328397833401617,57.96356658299898,65.20339587135284,37.62078466396056,50.059733234008384,4.792925621625454,2.386963524818738,bundled_calibration_sample
Cotton,400.73074341533857,31.23924734750841,61.548054025099574,104.39174290864173,34.32022378201983,52.77629162002373,7.761676442897006,2.317114536611437,bundled_calibration_sample
Cotton,981.9106999225518,16.722608466819167,56.314233374920185,49.67538622695041,34.61409417451118,35.40431473926291,6.0996371466653905,2.3134446091453453,bundled_calibration_sample
Cotton,929.8272126175742,30.269917007575543,50.37763076168678,66.89371641537849,31.976928577382047,45.53815349534042,7.6951567897071875,2.4352811126888634,bundled_calibration_sample
Cotton,816.7174941760651,26.030313403363902,55.207293494389326,53.475849352565625,12.195933259535277,9.211296933623423,8.549303074361548,1.934652120699276,bundled_calibration_sample
Cotton,912.5843231618104,30.154090005480377,64.69956781356231,45.85930836485881,13.47321451765352,33.293340029889144,6.809700514701222,2.09000454345763,bundled_calibration_sample
Cotton,1120.7905241349702,31.135877505463533,49.3079196546455,66.1505730772857,43.21608559169968,43.525588364589105,8.085483119688384,2.4335685880456754,bundled_calibration_sample
Cotton,907.625976037835,30.556226167703002,29.953267377528793,80.0979528733099,38.0547371230635,31.831508509368703,8.756371483395915,2.215911902754057,bundled_calibration_sample
Cotton,634.360434033083,27.647453993495866,58.65071543715476,50.78215081956548,20.75717482127684,27.478146629426675,6.33668601695626,2.1480229789313214,bundled_calibration_sample
Cotton,531.0872230000928,23.752919760005568,74.54145087427986,44.94150555354378,17.267172391656135,50.01869844227451,7.261190856698746,2.260376929643023,bundled_calibration_sample
Cotton,617.009042817028,26.102220471990908,70.35625246703097,80.27515849284822,32.58837981682014,86.42073498565,5.537406976942068,2.0821958098476565,bundled_calibration_sample
Cotton,758.6124268898902,30.946710517191516,58.52068116587187,82.43867491174791,36.11777529487323,50.077599575289476,7.331634755368156,2.2955035734089844,bundled_calibration_sample
Cotton,935.581761165835,29.034500620963723,58.21317356551599,30.946166286294403,16.56889992885319,34.04426889358034,7.0799097241182,2.1854473132075483,bundled_calibration_sample
Cotton,1124.4611192965297,32.48619592073098,67.09578847496148,21.48243129127905,18.169754178323238,49.07734825033773,6.486575134227224,2.071452170820311,bundled_calibration_sample
Cotton,1141.6071667524666,29.61854090583131,60.536230026866065,61.95496438770855,34.415106823405694,36.244648822160684,7.1135165197057235,2.2771406084921053,bundled_calibration_sample
Cotton,460.20923135971225,28.09830541790107,42.1816547422403,55.4266123053121,34.588674483842716,27.547058304992547,7.771965325339333,2.2905744381195126,bundled_calibration_sample
Cotton,1464.4113330858468,24.05689749256091,75.821924091147,47.90098102802442,46.76828210234792,46.17644964560985,5.590042141043673,2.2804950566621045,bundled_calibration_sample
Cotton,584.7186155716595,30.612044694091818,60.76116250998757,70.62427903468395,25.27019629295846,16.300509908709305,6.86179159655824,2.3783550147420605,bundled_calibration_sample
Cotton,444.50087925009115,27.14931361980974,44.567702500952855,33.10129703044202,25.858585161000402,19.913978806565257,7.070644347769962,2.155897436674569,bundled_calibration_sample
Cotton,1155.4086528109426,28.088475676195078,60.41514242601609,64.18169407738446,38.374865941841875,32.231372774398345,5.9270513933466376,2.326448278777697,bundled_calibration_sample
Cotton,485.1342946239324,18.7715009773176,50.87284020644969,58.94235846910263,22.188724129052012,35.0278348383659,8.171249915342413,2.4419392868819956,bundled_calibration_sample
Cotton,941.0481480550754,23.3085933374105,52.523597320930975,28.714498444197353,26.10991113536052,57.446763468729195,5.758822264049287,2.2265263724884847,bundled_calibration_sample
Cotton,916.0365468427992,22.460072290288977,42.05876553497147,66.28164893929248,49.19170737038982,31.242771551603738,5.02806751845197,2.1886021559508864,bundled_calibration_sample
Cotton,877.645951308782,31.87045888169671,45.62698980105924,51.33165216846153,43.259087480141005,55.09152882431822,6.354442833413941,2.415044280274494,bundled_calibration_sample
Cotton,896.2560710990931,27.90844753256007,63.0077982102151,58.93957974212813,40.012236733031344,40.328942500552074,6.6390987023888295,2.329759130921636,bundled_calibration_sample
Cotton,242.4855635618802,32.813885218446934,57.63665930836722,69.50982892475812,18.90214696551544,30.274949455783673,6.200815681456933,2.3338961184007565,bundled_calibration_sample
Cotton,1006.8404607594216,29.77236558762116,40.98882829137689,84.39582942984738,57.31661987282412,58.65473459922942,6.467254787846569,2.0229144231770055,bundled_calibration_sample
Cotton,734.1313892632112,24.86922993388777,60.57089898913821,84.57252710165288,29.170969556359303,36.43419120926224,7.3498518385645015,2.2283379594086186,bundled_calibration_sample
Cotton,1143.9690955213234,27.27584141671993,51.18442798699276,22.950441906722737,35.02114219589989,45.98471227583431,5.5497324139523485,2.340454397799516,bundled_calibration_sample
Cotton,829.9642030254174,34.549146585416636,50.01267286211823,70.7733413817569,26.386259285355905,48.36064798473487,6.0555730908209995,2.525518130907124,bundled_calibration_sample
Cotton,953.3432777117952,25.954681185160062,66.87209581321378,57.820492871326906,49.39732849851332,41.84579065342702,6.567841536467697,2.411934567602755,bundled_calibration_sample
Cotton,1046.8137733634753,28.069327717818204,58.25005807045726,106.73762586657142,21.481052389471444,56.940597349085444,5.283032626329914,2.007722117944079,bundled_calibration_sample
Cotton,1040.4809031008917,28.781871467332568,37.3519464749657,62.11959047519515,26.17961539427389,34.879724565150724,6.4396176397078655,2.2216677369495246,bundled_calibration_sample
Cotton,910.2448775594021,23.94253132677726,49.9649023675717,89.03660574222033,24.766979802184878,61.98313503668679,7.2876808262186685,2.383084634988261,bundled_calibration_sample
Cotton,653.4439629691641,29.44161784660867,23.422700640944242,74.96881899463075,15.45807159799453,41.95333522636393,7.342741228578578,2.073271591605185,bundled_calibration_sample
Cotton,1296.9399185388888,27.579267514218397,49.46756637133358,35.217978244190334,40.345746530725876,58.73228971307167,7.5773530975261965,2.295683828631452,bundled_calibration_sample
Cotton,1043.1365635228383,28.681715763731304,61.44008294044008,34.841905494373414,29.94914483331543,39.641749432213274,5.865794412190927,2.507056784491289,bundled_calibration_sample
Cotton,906.6426513208221,34.484179344877624,65.1718238254981,62.48118310556802,20.579371119901396,39.00148112136864,6.338379925448275,2.205381712054311,bundled_calibration_sample
Cotton,711.6427608287053,27.629936074947786,55.256833451746374,104.8867900046616,42.70648047758675,36.598118936325534,5.215214007224111,2.081767696481225,bundled_calibration_sample
Cotton,1217.41113761655,17.904861199160887,57.78588299063255,74.23681933406824,19.240384454120488,38.35995824242454,6.60265402619619,2.1317772779506288,bundled_calibration_sample
Cotton,800.1734227556351,13.07553530561039,56.20777164195655,42.67514448081259,28.254978201588997,42.38422489858175,6.77279412427491,2.355976625387282,bundled_calibration_sample
Cotton,755.8933923571217,31.535905725941184,58.72414301895731,64.07114855545014,27.4966986983142,33.47698061755044,6.2076658913681735,2.2536873862307636,bundled_calibration_sample
Cotton,1502.241290270183,27.772330984594458,64.95291307490945,74.35230799871752,26.78721685953207,47.972812379829506,7.381963631586204,2.288166357153709,bundled_calibration_sample
Cotton,1053.457653202019,29.74899736112862,54.326407913632046,76.99273924406198,28.994597579809056,38.09167065082272,7.088523441010077,2.503117246496783,bundled_calibration_sample
Cotton,328.5664741376942,21.015662187296726,42.996941078973904,66.52790779452215,29.229073308894257,57.92665529189453,6.631575989214629,2.4433449031495647,bundled_calibration_sample
Cotton,925.4994616988978,30.82183673838243,57.30390326642428,53.889233146797814,48.169866551621666,27.908852167962028,6.262733797172317,2.336688133399548,bundled_calibration_sample
Cotton,746.9619121053861,30.133040765552494,43.080397105411386,46.26321222337568,26.442464783171456,62.46046772198764,5.648807183566679,2.22223816917331,bundled_calibration_sample
Cotton,1201.6972617833226,23.424791251414536,77.11468635268938,35.34206113062916,36.76065258279662,44.43781820986952,7.424273853112495,2.1315885250996973,bundled_calibration_sample
Cotton,936.3538608715636,33.664552173484864,50.718291322192414,73.59563465715527,21.081764645117804,47.619605166207194,7.723784190675749,2.349665689052865,bundled_calibration_sample
Cotton,818.1300189081344,33.96531946921764,38.18964516572409,70.14541289440892,32.87271091132705,33.874971606272766,6.283857180721363,2.458097855614541,bundled_calibration_sample
Cotton,572.7342731060219,27.43787930663436,53.62264444427928,89.54171929257345,41.69802280561555,76.62060230895048,7.185878178967039,2.223049469130144,bundled_calibration_sample
Cotton,47.26485091051859,27.176317040126992,67.40355471350502,55.01322877102028,46.89907521574203,46.524532833161814,6.937335761432247,2.18651066465882,bundled_calibration_sample
Cotton,680.8873405538691,30.872230545998658,57.55933453683071,49.119050049423656,21.314520655883214,42.70248918797671,6.598618166864069,2.317775664348645,bundled_calibration_sample
Cotton,357.80196295151626,22.68278623014525,53.190221489633146,66.12815631579555,26.10770415840493,26.74234919951811,7.579815257352094,2.2782950403098443,bundled_calibration_sample
Cotton,1034.7917548699124,32.52489033391705,53.55463211675004,73.67216228914599,34.24587435738609,51.629460111699764,7.154954855905149,2.396657937529145,bundled_calibration_sample
Cotton,1139.181983078463,32.57233061578536,56.96733920341949,91.7333226319333,29.815058661098973,42.43099091616794,7.095731700266797,2.2138092768193975,bundled_calibration_sample
Cotton,448.99850679833435,30.25536828383982,80.30447735616961,47.404048882973,26.30605847999898,18.465253357921362,5.702404172989727,2.012630839920533,bundled_calibration_sample
Cotton,991.5185412214806,29.896122955097844,65.08579974844386,68.5831686617577,11.133527070697113,38.262904670534994,8.068505269818502,2.3047336508460434,bundled_calibration_sample
Cotton,1093.8222970966372,25.94377018124775,44.999855079121595,86.00778045647223,32.40365174188088,57.94942387011553,7.2932523024074065,2.4061904133049103,bundled_calibration_sample
Cotton,1096.2427185733213,22.86409492031904,30.153882831337864,46.48083649743692,32.80235792910649,37.269671582218635,7.042836723015873,2.3738551197380358,bundled_calibration_sample
Cotton,913.6199745410954,31.73528183930866,40.34583195180749,58.02976136450918,36.07360885972944,52.577033253812615,6.283352176276772,2.303182729240618,bundled_calibration_sample
Cotton,1051.4811071325364,34.87853168657825,37.94521038589586,79.38215462300617,34.21504951817531,41.63300539329439,7.162303264299395,2.2329132100868994,bundled_calibration_sample
Cotton,1029.1008002248088,33.62011074362017,40.272454203561885,56.54064951594855,19.770338963152316,46.90415858191537,7.61332033487283,2.245534379869931,bundled_calibration_sample
Cotton,924.136265822382,21.672503448313254,32.60269228164543,33.92577512885077,25.60524020141728,51.983998999821196,8.698245160908057,2.138566452169981,bundled_calibration_sample
Cotton,1015.6560742422595,27.938224856453385,59.65127590205996,42.35244745157995,26.393920736421848,58.60759509854453,7.620780920494314,2.165210538342943,bundled_calibration_sample
Cotton,972.0631223167009,27.432791983412645,61.254421916762745,61.73074583406037,54.127946151657554,70.74770228385015,6.481660916264585,2.177286921316004,bundled_calibration_sample
Cotton,631.1779884762905,36.99600851147754,44.47144962243391,22.02411216424988,54.22384863817527,45.76969210429927,5.129372954408452,1.9955018564019238,bundled_calibration_sample
Cotton,724.8713419053383,22.712430138085132,54.49802727929588,63.20237559294585,34.31257924573903,36.515491018960844,6.879312885249931,2.296271157180191,bundled_calibration_sample
Cotton,1274.106375857556,30.00162394647571,42.2394541680663,39.30565716013976,42.013656750592844,40.4519730631324,5.951103291376295,2.209324718821926,bundled_calibration_sample
Cotton,578.6835302325455,32.29532673652782,61.97366602744223,71.30579314064542,22.970902650685332,45.99543313514106,6.379102179321816,2.3638632103395327,bundled_calibration_sample
Cotton,522.4986516203915,22.77558091874053,60.52234203942744,51.67386693719524,35.52679019463618,38.64632527202381,6.740564661762954,2.483083681627559,bundled_calibration_sample
Cotton,926.5909842527932,32.43581978826515,58.95901747517039,37.96839044655032,6.2186443640366775,37.74575909080889,6.890885393503028,2.245779302920973,bundled_calibration_sample
Cotton,901.811270418092,28.397994134269055,59.51405909101932,102.92737364791714,5.113136494244863,68.97505977554971,6.816146141341675,2.047067791652182,bundled_calibration_sample
Cotton,1282.9653621294394,21.952163328064465,74.25429216062466,53.505476082452915,27.25209364444933,44.96130115278209,8.061217007951614,2.43774557091012,bundled_calibration_sample
Cotton,1209.2683387201828,31.081434618254523,52.133749692544015,62.322287514714404,38.045169052706754,66.01496087747739,6.164106028182445,2.364170901641151,bundled_calibration_sample
Cotton,1125.9323767262906,25.677089808373804,73.1578251294238,66.70410566218408,27.135920582542035,34.60896129722085,6.819911517592549,2.369295295319494,bundled_calibration_sample
Cotton,845.5363379984336,34.91714011667945,55.00919390673074,47.17802121124101,24.604308156099552,42.01200643390247,8.317493850627672,2.409025188947678,bundled_calibration_sample
Cotton,1193.8587430511868,27.2944327875412,51.687490768417945,66.15620380207565,23.69818415726843,53.69226136530349,6.375457119063253,2.46051727674922,bundled_calibration_sample
Cotton,896.8720026866561,29.210129563150684,63.07122987704803,67.8783861111908,28.215600689459734,42.52901234238574,7.835644769198566,2.4861108908326996,bundled_calibration_sample
Cotton,808.7507906214321,23.775018376892064,55.71439597790286,70.36441509995929,21.20541217465326,34.629323007854346,5.337796856576806,2.1564927843229498,bundled_calibration_sample
Cotton,384.0601541421164,26.020283992171603,59.33588935043339,62.608181010278045,35.52586386767163,32.45168469381351,7.459399890793283,2.1815050718782323,bundled_calibration_sample
Cotton,906.9300158666525,29.460352223771377,45.62205305777255,56.4012665281108,24.498890410927963,39.84984959436296,7.402031010296112,2.5134603391302943,bundled_calibration_sample
Cotton,440.1810135056553,18.5475132626928,50.7731316008329,33.264501869703125,22.621255711613063,38.39595834338143,4.919181963277497,2.120125252796559,bundled_calibration_sample
Cotton,1019.7099488090638,22.704724571913307,51.21075439559463,48.79784947558521,31.856599649172324,53.097755697817625,6.355206254735593,2.3085878252620495,bundled_calibration_sample
Cotton,603.0900184712923,19.96833377700274,40.57834370797583,25.18141691147273,32.66154803316094,56.372959916627636,7.42475413038945,2.3306658393073896,bundled_calibration_sample
Cotton,736.6064625713118,28.42854621488744,39.125603483553476,64.4640351182658,32.2824801815104,43.5494131326874,6.092851257293552,2.5382703166486307,bundled_calibration_sample
Cotton,522.5896731421726,23.82746158912174,51.234215167770614,35.514455959543184,31.28719471408309,40.66613180821294,6.039960718115989,2.238531452043532,bundled_calibration_sample
Cotton,1188.5913996730837,22.35438547460482,55.196754441136235,75.13191577555506,20.653197063311943,61.00933775165275,7.197710572792654,2.1298466770828073,bundled_calibration_sample
Cotton,998.750295124834,26.03914314254224,54.29071861469383,84.16743474373843,31.357638025986283,41.1891991799285,6.8184575156771885,2.3436809800727048,bundled_calibration_sample
Cotton,926.5624759077552,25.907635336156662,58.93228174403762,69.19172396207138,32.89169511885148,30.897892758382433,5.5136381371046825,2.35482828709076,bundled_calibration_sample
Cotton,948.7187855476913,34.63027761521866,63.31833105668012,67.06230198844175,38.70540349166481,44.404906332501625,5.544533608841617,2.1924751229462096,bundled_calibration_sample
Cotton,912.4469922803711,28.07632437217975,53.84909572175628,61.74351109756816,27.781822866220104,34.335625668153696,6.724006286910795,2.4922166901163894,bundled_calibration_sample
Cotton,1252.1378836012577,26.4034813875938,52.82431529799099,104.20525382050297,43.69683207573608,59.58662136017039,7.735770047918399,2.1253225406314065,bundled_calibration_sample
Cotton,526.2517870581618,33.69502231167654,54.86652949276883,48.98460529588869,5.0,36.726871241328354,5.640877978106358,2.274019186480907,bundled_calibration_sample
Cotton,1216.7035455898294,24.294428824482786,54.786849881371566,70.91567582876877,24.790821008077003,42.688558713787,6.757573271315035,2.4249969394067783,bundled_calibration_sample
Cotton,638.0058635336406,27.08295067663564,37.7341693908983,80.94334597348752,44.523504697720774,40.13212234736241,6.680183350346734,2.0967844185700524,bundled_calibration_sample
Cotton,1209.8009248968967,27.065378648744524,57.01226515989402,61.76675489092916,29.416770770426147,44.370985923151814,6.704564186833697,2.3653075425074155,bundled_calibration_sample
Cotton,856.7485828005165,32.12226224138573,49.747116411196714,36.52263073960533,28.824049698548414,29.663215719181522,7.634536289600642,2.2094513694038986,bundled_calibration_sample
Cotton,1042.056799249607,30.099548151220255,61.51660842968199,76.75151284306646,25.15196092029636,33.32757519275114,7.012953394735357,2.4139569191042085,bundled_calibration_sample
Cotton,906.511132192845,23.75955486390236,70.58990559631643,55.51839815635667,27.758722895271507,48.86714333482663,7.280378970225404,2.527917762532603,bundled_calibration_sample
Cotton,1113.832247154142,22.195886355859265,49.93410190204779,56.53829715204693,20.309595112249685,30.573914585302777,6.93891599986194,2.4515414664497914,bundled_calibration_sample
Cotton,1001.3186508357578,26.694239900291812,62.40103226084783,69.3873012011392,31.42739822221006,23.758651326817745,7.187703196566326,2.1934758477454817,bundled_calibration_sample
Cotton,1167.6985488725118,22.834799458717985,50.699773164770455,60.84056469754309,28.970186271453965,73.35577370945984,8.194533265803141,2.1916346672306983,bundled_calibration_sample
Cotton,1146.237921530458,26.324828832765224,66.14266795244174,36.490450817230084,41.30726915375848,39.838480912760396,6.431966780949856,2.19586247888627,bundled_calibration_sample
Cotton,832.8522173596242,28.928305019139874,58.10415886389746,34.80942079413914,28.355042619545948,53.46297017100611,6.477644662088346,2.341376328528807,bundled_calibration_sample
Cotton,641.2713159254483,21.65322510728605,49.98703370020508,60.91654336996802,40.00652094127922,42.15812454208006,7.19772186840243,2.4482014976550874,bundled_calibration_sample
Cotton,600.5272098548544,24.941115270406048,53.747457231985535,91.01791132605511,46.97519087291721,59.45346229527935,6.3134811156781145,2.252285572462456,bundled_calibration_sample
Cotton,654.7586762553246,40.28477383481744,47.648692437622664,60.059506126704235,13.836607102492948,47.82579297347159,7.451755373071797,2.217943588706588,bundled_calibration_sample
Cotton,791.7386697499018,28.881289885035354,70.17638364532598,84.58606252425066,23.396004340607774,80.0539337610418,6.14983805263961,2.2767534584019757,bundled_calibration_sample
Cotton,960.654868085487,28.27437317775292,47.471538144690385,57.039575720040894,37.816189219763146,21.49381367368492,7.562798703561474,2.2825729742433856,bundled_calibration_sample
Cotton,626.3147222542597,34.7050897082503,46.362361538674364,41.72897545539241,19.376728808949146,39.139458878108506,6.793295278454935,2.187342984445506,bundled_calibration_sample
Cotton,1087.2726375082664,27.55373348854416,66.24969464320066,63.36228351108896,27.020250454733862,43.49308631409012,6.721982745741267,2.485814299097392,bundled_calibration_sample
Cotton,781.8828920259386,36.2055481158106,62.06258644856274,102.67847427724791,34.168936557213655,68.69729607594539,7.044553726064901,2.098675828484212,bundled_calibration_sample
Cotton,947.2631343757294,24.95376769004015,48.62922250848614,49.26846696332717,34.177255539031854,49.21563632850501,8.231944762822298,2.216816599854507,bundled_calibration_sample
Cotton,945.855139145227,23.56701706716401,47.68106268285902,26.764041992353825,17.395688535259275,39.5872096745885,6.607900912306438,2.1294346867893306,bundled_calibration_sample
Cotton,537.1811874982062,24.500344544441525,57.28888779228269,45.973493550973274,34.76655579341861,49.52795398986054,7.511750364488531,2.4724838387823325,bundled_calibration_sample
Cotton,1393.953173596312,26.133093067266408,29.84284024942704,47.00316091151333,13.826769520186769,44.25492948644482,8.006733544359736,2.1058496733284615,bundled_calibration_sample
Cotton,622.6709601074299,31.19418397294637,44.56919116813562,23.71767921787155,23.782547230420704,46.64063806174442,6.895941965150868,2.1768635903290345,bundled_calibration_sample
Cotton,825.5080307498926,34.58347433043662,23.326806251072192,61.67556402310801,30.837329024863212,38.0941170815692,7.331570583516022,2.176094579826505,bundled_calibration_sample
Cotton,354.85603758189575,22.162778043515374,55.35013120043877,30.54165205506659,32.5923045300514,43.97500277521074,7.798788440305587,2.4396711110716858,bundled_calibration_sample
Cotton,1066.4435777097613,33.2552235176561,66.19366578500218,60.76277617699259,25.177746037815147,38.116336759435676,6.8374718964984025,2.347947019654701,bundled_calibration_sample
Cotton,887.2789114773435,25.68106630303858,63.23068864314351,68.8833202308832,32.12128227972248,20.572120946707116,7.18412525284161,2.2279138609835907,bundled_calibration_sample
Cotton,775.734136888245,24.891369106251823,53.21924536593118,73.18690825230449,36.70527507479317,28.717065527673135,6.060249485340422,2.3689988326094142,bundled_calibration_sample
Cotton,714.1407768899087,29.50758905273483,50.88852221941648,42.125029477196556,22.92522296112505,59.1241240242655,4.729405181872375,2.1203863434539842,bundled_calibration_sample
Cotton,979.8577435276096,26.283423335825077,57.20428357022002,48.033937482795956,34.999269272471224,35.61294730068026,8.20320207478868,2.323635232264569,bundled_calibration_sample
Cotton,481.70811598003,32.088562662900095,61.90072529920188,63.05138309432997,21.423233063457193,30.568446556752036,5.755812958375148,2.2882998209018566,bundled_calibration_sample
Cotton,862.7806863055305,28.349424957437847,51.95959148493185,51.03518916020976,41.53374704294598,63.14404201595627,6.740640393536953,2.1054748442414426,bundled_calibration_sample
Cotton,1018.0915460650821,28.76795328161399,67.33951632215971,65.54043141741779,39.14400826369189,49.6348711132771,6.831493923427264,2.4763123488508922,bundled_calibration_sample
Cotton,774.0777212475482,30.552930292227025,56.00576788926268,64.64380365430647,29.866080791819677,38.3947171694536,6.119266969305976,2.304046600475217,bundled_calibration_sample
Cotton,961.2730816625667,37.37666149770246,43.396885646485956,47.797723221166024,29.65170471833468,30.07300010678643,8.241183987839806,2.3932719897412005,bundled_calibration_sample
Cotton,715.9024797611677,22.884016007860225,60.98356510611284,44.60615228870887,48.02176398361841,42.259441649361634,7.9529374070363135,2.1956221952919712,bundled_calibration_sample
Cotton,978.4615907945374,27.489610158202098,50.68236419795466,75.14264686403648,5.0,47.491283437200885,8.008057890697946,2.13083839713233,bundled_calibration_sample
Cotton,610.7445013269229,34.441380332574205,37.901460104072626,36.53523570535452,24.46275964776437,50.45912498432684,6.805113834518981,2.3419154581273,bundled_calibration_sample
Cotton,746.9889719758079,26.479955402655655,62.84951787331499,58.674555428897584,28.291506087955867,52.51531576932938,7.433712977213851,2.576263004612981,bundled_calibration_sample
Cotton,565.5245915166477,26.566707835495805,53.18339459828447,84.32272079991681,43.95161913281923,35.93789668688025,6.604552216094472,2.21357330775815,bundled_calibration_sample
Cotton,834.0971297574056,36.125891463326255,43.718417153418194,18.816995949946516,19.86618186532186,27.293752129408386,7.61485780647304,2.2264818474511285,bundled_calibration_sample
Cotton,1027.8405210839305,32.47233376387578,44.09918456721959,35.91579379082779,30.947602143712007,21.201856021705584,7.539873195955294,2.3078658925547657,bundled_calibration_sample
Cotton,886.3256316047961,19.229698556240844,65.48152102747908,80.55712819796965,43.28221641063746,26.996490122372595,7.499686750696983,2.1963262506421604,bundled_calibration_sample
Cotton,669.1264085752597,31.48881368408348,65.50117327301317,91.75244212882691,39.4690851479771,32.84399383663598,6.462212143177219,2.3094984572266886,bundled_calibration_sample
Cotton,1259.5405674061742,19.316331284365592,58.77456203099685,78.51257511623592,15.248271789525528,49.229770402857184,6.619077647202145,2.3080371872419394,bundled_calibration_sample
Cotton,1306.6207926389275,22.779463971240713,60.60459036362718,58.42197785438389,28.511526253679854,42.84401443378034,7.2006968451570375,2.4227322879341306,bundled_calibration_sample
Cotton,1063.789720479466,33.29828195792911,44.77382610079857,81.37875532099085,21.33733025714654,49.620560848822585,7.155420146821937,2.3193456320037797,bundled_calibration_sample
Cotton,1014.7259399532282,31.222025153080295,54.7552441718542,49.40529406748101,19.051058710550762,18.183044614777444,6.257238395409657,2.2603030149824073,bundled_calibration_sample
Cotton,1109.037443296802,24.76795925550823,47.79616380446166,95.2720186406529,31.94695215854121,44.75564587047243,5.909805963968634,2.26876745814234,bundled_calibration_sample
Cotton,870.3728689834392,22.473582367011552,63.26828615106095,55.22323536392824,20.630490788985774,38.78479184335589,8.879335948586375,2.11076516073871,bundled_calibration_sample
Cotton,1006.6213377461464,20.612793495170365,40.60773836430524,49.60833308041056,28.508140769348927,41.612361833374116,7.77137695539441,2.409262259532314,bundled_calibration_sample
Cotton,750.1245487935165,24.305644127623626,50.85224995080856,28.202688946648045,32.56656942657815,63.092819531247216,5.469374478642751,2.302470272639413,bundled_calibration_sample
Cotton,1258.7409306622076,32.887003067145606,67.85175627682379,65.8624815922665,22.20308399663334,28.039746951017747,5.837789930633623,2.1625020089271874,bundled_calibration_sample
Cotton,1365.948679394211,32.2952928445736,40.27561081433413,66.48312158855671,15.90706589709632,32.025431093276126,6.478026724248073,2.3300637092044054,bundled_calibration_sample
Cotton,771.8660737466771,37.50231932116825,66.78381213360902,76.45975668242708,43.766586887934835,66.37538884736092,5.517318144840977,2.1347460737211623,bundled_calibration_sample
Cotton,852.4268167524691,20.108668640489434,41.87849484364893,104.24689440110328,49.89795300053363,71.9141471609928,4.349394754947873,1.8357371789272203,bundled_calibration_sample
Cotton,882.4822510810146,29.76088825108649,59.891741349353644,75.9412169427431,14.000704363304122,79.27557573568473,8.091541937698418,2.0746024213196863,bundled_calibration_sample
Cotton,952.2606049582588,34.0798635164743,60.08073926284285,73.05647926580251,44.075870235604846,55.45280100951568,8.041177375560913,2.116815416914061,bundled_calibration_sample
Cotton,710.9813464832557,29.53186872545793,50.37492829479729,41.94624230256805,24.853982444938307,38.198448263507764,6.4564264028921015,2.4017290930610105,bundled_calibration_sample
Cotton,928.4822662231526,28.66870628337099,63.12276983411397,62.3681080746156,22.694497004593465,49.12544744930299,7.9744836884865835,2.2689824159380048,bundled_calibration_sample
Cotton,785.4256576161391,23.23095793771646,61.61976037734478,78.67375765432215,19.13946005662664,34.11445897296878,7.622385388115644,2.2802370720616367,bundled_calibration_sample
Cotton,710.9091683981497,35.61239619281077,66.3178736857889,24.53556925269114,49.23761370362348,29.797579130507614,6.629551124494544,2.251247804439939,bundled_calibration_sample
Cotton,283.84402860245336,23.843718232463395,71.15477081171045,104.63323969023963,33.20976142083967,39.87183213318714,7.552966629316981,2.318559758050428,bundled_calibration_sample
Cotton,665.141257179188,29.568582493962353,65.63538890929097,65.44469770110132,38.209250566457435,39.336037432312814,7.317587727459062,2.4981859096586905,bundled_calibration_sample
Cotton,1023.5879747279807,37.528521068948216,45.68499903225208,79.24355765000519,25.26133572021387,58.40836600682655,7.502510616132341,2.3820043874982457,bundled_calibration_sample
Cotton,1700.8724610061226,27.20799329973517,51.287752338887195,76.05662920823478,31.953219602188064,59.78803005963375,7.367650779612893,2.259468128834785,bundled_calibration_sample
Cotton,1080.6961037110227,27.497850092247752,42.44222315351705,78.44219965200108,28.624516493195422,50.738851125689145,7.133886017902987,2.4874571475708773,bundled_calibration_sample
Cotton,1119.6639105866357,24.31615419358549,52.55246330630262,43.02931800049318,36.17243901501083,61.51878550805678,5.657607906498913,2.1183355507705603,bundled_calibration_sample
Cotton,995.8694610755165,25.18220945719368,73.12977868865002,45.72852822857616,33.29452723381836,59.923505223397555,7.3548591284276545,2.3500059479818987,bundled_calibration_sample
Cotton,945.1579970386175,30.22522686979171,46.05257456465145,50.621068341532315,43.05201361756155,31.702485014054513,4.830817625037766,2.1718636060072805,bundled_calibration_sample
Cotton,261.2213032241292,27.163702185897982,72.21241454696283,34.70890271323624,14.896199597528664,60.11874025406192,7.696678434158319,2.1913403456244467,bundled_calibration_sample
Cotton,631.3010596663273,30.350558175718117,59.00966919776121,53.69535774270892,35.70517977041436,60.948850873793845,4.426352538865899,2.2554138897555966,bundled_calibration_sample
Cotton,419.4451808714675,28.396519163715993,49.16019587030071,27.885535843334694,38.052300092491045,57.656772197293144,6.481639053563808,2.3160081500193948,bundled_calibration_sample
Cotton,615.4162718739943,29.617259068029178,49.80093095919778,44.71958572470334,36.806133653069956,46.89151914795654,6.562566973395324,2.431110375056366,bundled_calibration_sample
Cotton,905.459680226631,27.75871899216372,58.016263521863536,56.0907339721185,20.031761239531583,25.429756280708038,5.699159238835229,2.2560452818877756,bundled_calibration_sample
Cotton,72.32873581262538,26.597658034774266,45.14998843300125,54.66631253182461,16.18032361769446,59.07164448363714,7.527417866569191,2.034003097388385,bundled_calibration_sample
Cotton,916.75569090108,23.8804679695428,67.72118939585326,91.75159311154093,39.301950986827045,53.58440456884552,6.916303218743998,2.1834842461250554,bundled_calibration_sample
Cotton,1189.4672480387596,35.53212065497193,81.73099806268773,34.59228353727583,38.63478619058331,46.21056112249213,6.312818373242882,2.3582754993503388,bundled_calibration_sample
Cotton,1224.0070919158825,25.370357890427645,50.185751454029514,85.0004338761516,36.159104995420705,50.165085349867724,7.196644662861186,2.3170517619924116,bundled_calibration_sample
Cotton,810.1752534980162,25.890948718486413,64.08395672640813,66.92504029173399,42.43874570301436,49.72002893153019,5.704657470246012,2.403112626932236,bundled_calibration_sample
Cotton,817.2609671347008,32.71774589908797,48.47652374399872,56.68184706476961,29.498419021296645,61.552229194426346,6.417585113036971,2.2140503137574568,bundled_calibration_sample
Cotton,1320.8471474757052,27.427373974309624,57.34069851182926,40.94108852385601,23.717021061606598,29.66102349801373,5.720091172262549,2.3751839215531887,bundled_calibration_sample
Cotton,517.347958611397,24.024315965116894,46.53478121598654,87.20111983709656,44.480968747644255,32.702685449217455,6.864506382749839,2.201704415353044,bundled_calibration_sample
Cotton,1219.5367783530946,23.55835714576657,44.296513109501866,80.5876126224274,19.811476610525084,40.48775069802646,6.687889566338824,2.384874110870874,bundled_calibration_sample
Cotton,1200.2152993631114,24.406789439585737,46.057376639876026,77.58525089274791,48.3971111956179,33.3203936092632,7.212492738589488,2.1134884839506833,bundled_calibration_sample
Cotton,1003.3515357860614,28.784627987332755,40.19143066713795,64.35374478069862,27.39603005163503,69.76186984964177,8.160383116037925,2.4405694988288213,bundled_calibration_sample
Cotton,1194.6309257328483,30.446250696829154,66.75466678186292,41.47050368843425,28.09973171316802,56.84136957063029,6.720062225532704,2.459373520755675,bundled_calibration_sample
Cotton,1150.7352214688967,20.871088394882428,54.407678804288274,89.95897840143071,24.631245300476174,62.08137269960038,7.894261153460638,2.227343317541742,bundled_calibration_sample
Cotton,849.3040042008226,20.078726965337612,39.882701211576375,87.57780864465519,30.056715954808162,34.468621738784016,6.6196236380025315,2.253436761544353,bundled_calibration_sample
Cotton,420.30763645827085,24.88379461682543,35.09646012835373,26.9331416350876,30.333899072944927,30.68746256622468,5.939481605331382,2.2797538348630124,bundled_calibration_sample
Cotton,705.434177626921,32.307744342120834,69.81132761167268,80.30943556839172,47.91269867651046,55.70910691120299,7.229404230912584,2.314668014451348,bundled_calibration_sample
Cotton,1243.7785212699234,27.6732522891657,61.43349489190282,56.849769228414,25.847232842172076,49.89057994168517,5.884443077185127,2.4933041112220606,bundled_calibration_sample
Cotton,719.5840952485321,26.150428117365,55.53237539597731,47.228302607130786,15.610393756684505,59.519117574763875,9.0,2.2396554184849924,bundled_calibration_sample
Cotton,464.5055009896715,29.850327947843695,78.86998937612107,48.172214293260744,25.979393737612522,42.041047726240336,4.993721230409352,2.19029636887258,bundled_calibration_sample
Cotton,822.7860654631625,34.78913128974559,60.66346391745204,62.218875662003,14.670201717816045,53.206862461638494,6.600909626407797,2.446828060676536,bundled_calibration_sample
Cotton,781.1614497412961,18.96080902094889,72.2276155232239,100.91752082604849,32.61970929888149,66.82815623563842,7.952818994220872,2.092729774868026,bundled_calibration_sample
Cotton,534.5322789991429,23.719335215346888,71.20931775250598,68.45083805368125,28.3141088778302,41.6138409714698,7.9984621467152275,2.236165951906979,bundled_calibration_sample
Cotton,602.4145782324385,24.700358061230776,45.21101064060276,47.26367827782518,28.41039252844976,44.07866192983125,9.0,2.243292223397788,bundled_calibration_sample
Cotton,449.5771799762199,28.51932026467802,58.294025950624246,69.28198996484166,42.68035538818741,60.749493783166585,6.3130994529254,2.247999666231534,bundled_calibration_sample
Cotton,1123.123287517515,18.94153153764059,44.1687286151721,74.35881876473226,27.03933910221397,45.44094726823532,7.701941085255759,2.362239384958038,bundled_calibration_sample
Cotton,751.3182062942046,22.321154779965482,54.660903453220435,66.96651824137845,24.400123473211586,40.47896554451456,7.154281685660401,2.3598831520578814,bundled_calibration_sample
Cotton,1070.6746675888905,26.147936121209884,63.053431658061854,79.35471166802493,16.662424890195773,67.37617915069902,8.06680160590086,2.2760240416971915,bundled_calibration_sample
Cotton,341.4893721523046,29.309307780711997,47.565937676393986,26.45262159185812,38.3813267367457,80.00768986386171,6.7953981027944,1.9910542344434992,bundled_calibration_sample
Cotton,1041.3704155190528,31.949581990139215,42.05101183405163,52.767961967336184,46.203770615679815,37.167867886788535,6.624069630707109,2.1319740833514293,bundled_calibration_sample
Cotton,671.5964069662117,31.931478077396854,36.470725821414774,78.51031862231068,38.91419905441208,40.001553767950796,5.406646651075158,2.3140530222631885,bundled_calibration_sample
Cotton,865.8829028524646,31.458538883262605,63.55980945962057,70.02970255209998,36.58260868554424,30.412336321868874,6.833833683841779,2.422793474239074,bundled_calibration_sample
Cotton,758.1583956702607,30.17706214115097,60.966775975674665,72.68448882748156,13.71218919563804,40.50610664377632,7.527656506341899,2.2201386414053053,bundled_calibration_sample
Cotton,890.2465610233589,28.764233150621315,43.00417889134834,39.74919064053313,22.44115152714202,49.30869596413065,7.165267384789162,2.2055980204220624,bundled_calibration_sample
Cotton,608.6981657827814,28.186233223098736,46.261518843220856,48.36077552664853,19.521287411635406,34.76734530652442,8.19569924630029,2.422829613031088,bundled_calibration_sample
Cotton,1149.7750342924821,29.129903838961113,46.46686503388617,34.24541974333374,32.210927937008144,51.79932191405989,6.603887465018076,2.468879178683855,bundled_calibration_sample
Cotton,1439.435970654874,21.742423419176294,59.1213848763089,54.86543811995996,34.51443859212401,62.66883229849906,5.997338839276072,2.1064128841153265,bundled_calibration_sample
Cotton,406.734397379978,29.378360651169714,45.66616962217582,87.49258806510701,32.71922991681982,81.09212369891137,7.070748295324611,2.027105915001882,bundled_calibration_sample
Cotton,1245.4606157084745,21.535217106482783,63.51095206245779,64.92840217768989,27.325324765614464,58.11745161830642,5.434426038718554,2.1604801166760033,bundled_calibration_sample
Cotton,858.4831690168945,29.804475166767325,68.84564771639437,55.83633432290768,36.591308906503365,52.218417842598896,6.349368022157494,2.4813687082449727,bundled_calibration_sample
Cotton,591.7277295028505,27.316880853749392,26.519351829931377,37.44642598620565,30.66471367126443,70.89553581596762,5.342650856543261,2.0233250318336258,bundled_calibration_sample
Cotton,194.5770908984391,21.944117907959686,59.57553139762632,76.97753078606297,26.59894160562733,38.578972528782984,4.795390456592364,2.0004527474300335,bundled_calibration_sample
Cotton,636.3409646106068,32.01536620441121,54.56343418149087,51.066620253145075,34.82690368998142,62.00220036296113,6.341523006989993,2.411603052943529,bundled_calibration_sample
Cotton,766.6028879254435,30.613143743213136,66.30090099528535,31.30608846421296,31.265451674445693,49.831792702051416,7.511587121095095,2.228258632566592,bundled_calibration_sample
Cotton,1167.2519186425718,34.7309334925634,63.69020328300271,75.60907744114698,35.13393333566289,51.24044881015369,6.9350642520540475,2.2550383212988097,bundled_calibration_sample
Cotton,855.882635885346,27.794147046400887,61.00809013574158,39.027300096097875,35.69963670127207,46.31147888530022,6.691276536309099,2.329611549219366,bundled_calibration_sample
Cotton,737.2270492930171,27.77603031150448,37.74388655878877,77.75393889998544,23.537852523759266,34.722356375300784,7.343228664232238,2.24096102566251,bundled_calibration_sample
Cotton,1247.93080223967,24.419908483164328,46.56387646242372,86.38401809297088,37.961671513152915,40.45621034666841,5.566303683261177,2.2855584861799705,bundled_calibration_sample
Cotton,391.2865054880504,27.468689521212276,49.58428799569363,79.70219758741476,22.809743875651854,43.158337576616304,6.010461042258564,2.3117291143555643,bundled_calibration_sample
Cotton,586.6150079625886,30.007242061367965,64.97953097984872,74.87503838965222,43.49812738101413,53.50942941360787,7.653445503341805,2.1730444583369204,bundled_calibration_sample
Cotton,949.4890247346767,20.964475806115733,68.29972511626676,107.05617653959303,24.99177399847012,56.432721501301025,6.293685580648901,2.097504415170197,bundled_calibration_sample
Cotton,744.2052438702746,22.863761380723062,48.88820422597037,39.15778435263106,47.609261696978606,20.678093350873255,5.759530682722132,2.205091346903198,bundled_calibration_sample
Cotton,968.8983462541416,21.75735783767915,42.45227431469307,62.09218642516544,42.09779823077091,45.73891209707959,6.2260666573502625,2.41474165921351,bundled_calibration_sample
Cotton,1009.9903769732032,27.012912994420958,47.69961480115402,40.92092641350181,33.54635745852192,62.560588417604144,5.168626177844902,2.1594187071770725,bundled_calibration_sample
Cotton,581.8571175512056,30.56183399942379,44.74820173781107,69.98166922967533,25.459053580511036,49.26323598637905,5.708830175088588,2.510400190380544,bundled_calibration_sample
Cotton,644.4924109453541,24.85677193505311,51.57492570275063,95.02366323258217,32.05863707540563,25.448525661631123,6.8587289457996805,2.29499181307442,bundled_calibration_sample
Cotton,972.487722410427,32.41712096350456,64.17802413330733,48.5547534981719,32.31597598816651,47.50895609560304,5.264919801932422,2.193682622882444,bundled_calibration_sample
Cotton,940.0210583974862,28.212543352797766,76.93471324608754,64.61806438386859,25.30999763895153,45.10163185953493,5.791404766463427,2.357266371110777,bundled_calibration_sample
Cotton,1037.3568780403887,25.564486542572663,43.556655079889325,72.33146309762085,26.35259068720694,60.58434601853171,6.333675957244646,2.397792740628748,bundled_calibration_sample
Cotton,1242.2742509443794,34.47718685119221,65.51140581855852,80.44784944141112,37.884452466243964,31.236685161628387,5.595662298439148,2.1281826466880847,bundled_calibration_sample
Cotton,1005.2589825112706,25.646678775815886,41.86796264599135,97.09002508805672,22.620672777464417,28.017300128315746,6.478372979617874,2.2120012294993616,bundled_calibration_sample
Cotton,813.1220064217689,26.19987791956508,60.69260920048634,30.060438101651197,21.9866530893878,57.45168760219272,6.809178344077834,2.135929519110105,bundled_calibration_sample
Cotton,676.904471805807,24.589793136168147,73.05018590885614,60.253807019317826,5.0,46.12605998728898,7.557888893951157,2.181915975357643,bundled_calibration_sample
Cotton,672.5227157942609,24.74156281358044,76.8458642015395,32.089425507233074,37.69661535869759,30.152165512619337,5.863598682055111,2.0631078271262804,bundled_calibration_sample
Cotton,1311.7732826528763,31.447538625658073,58.64086818071465,54.329798363843025,9.66031975710376,47.08465981624499,7.4420684127791334,2.138296343650422,bundled_calibration_sample
Cotton,807.7293034084255,21.111056485254593,46.73467722889933,34.6762903685359,28.7743738798836,47.58989048005315,6.744227766422641,2.28462880626348,bundled_calibration_sample
Cotton,466.2929892970119,28.900330085590333,54.36839852830905,50.32540849822418,25.89057726366474,59.91816842276447,6.297866432630124,2.30517271303882,bundled_calibration_sample
Cotton,858.5085008724693,29.479611264749877,68.26466844877886,87.69774580684185,31.850951857252298,48.58790890418073,8.917351134662658,2.1301440793575237,bundled_calibration_sample
Cotton,954.904079310911,30.49013481492298,66.45719733923526,53.46133882330048,19.850880755803516,24.308290395723674,7.851332347172635,2.1228896082034763,bundled_calibration_sample
Cotton,931.5295848746256,22.16335175601401,44.5797152298696,64.99315714571854,25.859830494787893,49.35320717991334,7.282690562010706,2.287031765526447,bundled_calibration_sample
Cotton,1158.365465045733,32.936132103333044,39.57124688418576,36.95203607301788,11.400412542528137,47.0888043464538,7.388448301467866,2.1354491996950906,bundled_calibration_sample
Cotton,233.7448344579924,22.811213544874157,43.48325023668283,65.76546494843359,22.086840591223346,50.45407995325247,8.071167938302999,2.278843410600857,bundled_calibration_sample
Cotton,693.4055439371936,23.82462514708099,68.3250099142182,61.49676466254626,25.57226778697662,46.05625091129492,5.720985522079264,2.278004750361155,bundled_calibration_sample
Cotton,634.3403628536621,26.30052294512986,72.59563310916337,35.441965140327596,35.52363703694285,55.09407396093624,6.371207189671376,2.1092815054314626,bundled_calibration_sample
Cotton,465.916412238702,17.073888859911804,59.92298033636316,85.36205287583213,43.30274618785105,26.223138327367014,7.514856845570626,2.0698916025243905,bundled_calibration_sample
Cotton,625.5743362307805,35.01684497164011,51.710015445363204,54.000131966074484,29.30600141183523,24.013006700781535,7.08234282487372,2.4338253686184044,bundled_calibration_sample
Cotton,936.9689467200276,34.47980816565592,50.60367369488834,52.321983337423916,19.428414762638184,51.47343526311042,6.62492340701882,2.479406555453591,bundled_calibration_sample
Cotton,862.8887900481363,30.642457463986936,60.5544363087523,68.33608119664294,25.750270275043324,57.19865019644437,6.1263755573134,2.2793159402441803,bundled_calibration_sample
Cotton,1013.0955907585076,26.579026855405967,78.9548955711958,85.43187232780116,19.222520872067346,88.18281810642478,7.27230160348884,2.1362807411676905,bundled_calibration_sample
Cotton,979.6593052774684,24.248004026497945,59.52577974920487,71.83472047254408,26.615698039188434,45.164096898266415,7.251712173454516,2.4282024588120064,bundled_calibration_sample
Cotton,1242.4769755943116,30.69037462060916,65.55958245789627,62.642591043669995,28.442375573945473,46.02249845563578,6.679822951057109,2.3503381242696006,bundled_calibration_sample
Cotton,987.0385150026973,22.339890204637967,37.24065132129827,72.48852145108799,41.826942346725374,24.635000442186723,6.505802764291671,2.2687922190072367,bundled_calibration_sample
Cotton,731.781784896655,25.529407666872114,52.93712235312502,60.018837845536815,34.954605260049604,21.554451450202485,6.165830607630068,2.2823867758683156,bundled_calibration_sample
Cotton,462.6438387606197,18.073898370151593,55.51312070670953,45.825806986288555,36.449812512402936,37.30308863827004,6.334524924223869,2.1311354037551355,bundled_calibration_sample
Cotton,475.6005444232272,30.36858798403613,64.83754382002988,49.46735788686732,32.67623841606901,45.403499889531844,6.889022117659532,2.264086454236094,bundled_calibration_sample
Cotton,1153.9182835564256,29.7667398278744,48.36782391290683,63.73481262631208,14.531512628545144,36.65615175627121,6.490418444772497,2.3916321608105378,bundled_calibration_sample
Cotton,775.5318750171243,27.88793571026453,77.1463102065947,66.4412371341858,18.236091113847028,56.728866375581944,7.2390469467698235,2.3271432111414536,bundled_calibration_sample
Cotton,1008.1972835617884,30.24810859114864,58.24740330530377,57.541761878139944,12.537416581458771,42.21608216956284,5.747491035329428,2.363061172591869,bundled_calibration_sample
Cotton,707.4164507214603,28.817784662612166,70.97286038992686,89.57905318540912,27.58141401657985,35.7514680956286,7.180565781778177,2.1390584483743114,bundled_calibration_sample
Cotton,889.9322406812688,24.77551721504684,57.235162756272615,63.28092103835008,32.635619790925034,47.16396674261726,6.252261018254316,2.5476032414415917,bundled_calibration_sample
Cotton,639.6699400509682,32.22112931015402,53.62239823003108,63.75293906776088,24.34911325818286,44.0816326401889,7.670742835614775,2.4262329753566894,bundled_calibration_sample
Cotton,792.8639208045654,30.29530790902992,66.42563423286471,56.83751647220478,20.91162756463271,51.848409088662514,6.047656157428078,2.2711838777480704,bundled_calibration_sample
Cotton,982.4576850419472,28.420972363740393,61.7903009378522,41.46443444334426,12.875115772109247,49.48474399161208,6.9211366015978575,2.3500763139467216,bundled_calibration_sample
Cotton,1106.9722566047171,32.21624372758589,49.679847320044665,80.58818214041294,15.974402191966567,61.612343182120654,6.873715515488954,2.0744894879052107,bundled_calibration_sample
Cotton,570.9314100180474,25.21449692760479,62.67991860691125,55.156969944140336,30.383477404808374,59.50854012813109,5.647458348384758,2.332680152439612,bundled_calibration_sample
Cotton,815.8399296006861,26.509037790033563,63.48004176637987,42.86012542614454,30.864840870857964,40.545600522833205,5.587769742785431,2.3809551859737708,bundled_calibration_sample
Cotton,781.3702789448898,26.001751380900732,54.97042370293792,45.68964541529305,19.456778056952523,11.986564510715162,7.084055783298937,2.041384186973232,bundled_calibration_sample
Cotton,677.4801900886126,26.350953827634946,38.25129443442084,38.88400087113537,29.90838093813803,46.112802292053814,7.71855130944048,2.2845360687720775,bundled_calibration_sample
Cotton,948.1140373581145,27.973885533633805,55.64418830609928,42.58620420072708,22.745422283280384,49.302226486710886,6.634687530610451,2.433416036395502,bundled_calibration_sample
Cotton,641.0035958927951,32.49043096624337,33.86640942997859,76.06363411870288,43.673093939309496,43.67055256077766,5.903371250627877,2.300049400596112,bundled_calibration_sample
Cotton,962.6461237183894,33.676368995152686,47.590888980616405,41.91893690594506,38.25524111221581,41.08066460312121,5.34482574049937,2.234945528312227,bundled_calibration_sample
Cotton,1113.8896205073684,30.535258976222906,59.17037145689743,65.93195506911968,22.507452655369605,46.427550878479614,6.833064383047089,2.2914480652051257,bundled_calibration_sample
Cotton,957.583252735733,31.512103878207608,61.81068560783797,87.96898839010746,27.061852659789533,29.25868611519774,8.278314584080839,2.364023372553245,bundled_calibration_sample
Cotton,652.0638739886442,32.86766502650209,54.69844906977103,62.7846333892471,34.890688669971105,40.413356402530404,8.350707935577125,2.337558099795065,bundled_calibration_sample
Cotton,1239.7925335495593,27.505948950623942,66.29106900257847,24.623906527512695,28.263911111199437,36.45122102437942,7.070623094773878,2.1368054112213395,bundled_calibration_sample
Cotton,808.871769068289,30.475561538593468,57.026100116573666,56.097109368817634,34.4318048091459,25.877961898202393,6.789489127834347,2.1919753549437218,bundled_calibration_sample
Cotton,1416.639743036295,23.574143052230063,72.1458408151313,62.705532259140405,44.51589110214121,45.10904612458194,6.326592597764772,2.2935255039263365,bundled_calibration_sample
Cotton,503.6721563428818,33.84665629532172,43.256970737877374,63.43245705374142,49.99668628213905,70.44160642830097,6.406625915464319,2.321576943140605,bundled_calibration_sample
Cotton,810.5687882394906,22.476229219671595,36.470179445624794,80.56144365846157,24.987803356409348,56.218982422919524,5.201028756078963,2.356876771903118,bundled_calibration_sample
Cotton,373.71798753672135,36.54161950157807,45.55987974172648,69.87380855808989,30.51742107318517,29.24222584234542,6.731907666128701,2.404564440466611,bundled_calibration_sample
Cotton,652.7278405475847,32.225407530818025,66.90380110150592,38.75453840014021,34.17856048859635,42.972639177636715,6.36837910478023,2.238027026729502,bundled_calibration_sample
Cotton,865.4659887501978,29.31623347551105,47.68338250511971,66.3137143722495,25.801524157510432,46.06754251759072,7.902845646564759,2.5201851417489394,bundled_calibration_sample
Cotton,992.3352436257728,24.331453412422523,66.80966261711178,83.28325950773977,37.54322717007417,52.29088756209382,7.533849895964131,2.4128903663712657,bundled_calibration_sample
Cotton,928.5477883087577,25.26035766564349,42.8824645362274,34.88884186963564,11.581126631862904,59.41253889340453,7.2221551774067025,2.0603720159232988,bundled_calibration_sample
Cotton,810.4686477179381,23.579943522338603,69.23917791475546,76.38133307943174,18.41290220925149,49.06672099430827,6.419706862707852,2.2522944910094167,bundled_calibration_sample
Cotton,874.4216565284684,27.209555953178896,47.3164933373932,27.16394845695578,22.03332012756744,51.22921725369912,7.310722450908914,2.110789928067828,bundled_calibration_sample
Cotton,1158.0054618425822,24.210482933526052,58.69103890423138,83.10775390346271,20.893165692299835,32.89019448572358,7.577444486674821,2.2146050953344725,bundled_calibration_sample
Cotton,764.3664248371471,36.10516000964641,69.69094945148576,41.47557842508092,22.535732381052455,27.688217431994687,5.303048177085598,2.0920747174737744,bundled_calibration_sample
Cotton,497.5178016781813,20.824079545293582,69.19724282029817,54.57070250322796,42.88818006818539,36.88993321018515,6.25713935914551,2.2304509254137574,bundled_calibration_sample
Cotton,984.2146689366986,27.220952634311296,53.49846283064301,64.83031133293828,31.347650278066464,45.87115265660747,6.134815431758488,2.452860842950815,bundled_calibration_sample
Cotton,968.0402165127681,29.487003811645828,64.4953803613416,62.26388791451865,12.096617411482367,30.000158337935492,6.798062245552154,2.1329117895071694,bundled_calibration_sample
Cotton,1034.1814063643621,22.149196822169248,54.78798668589904,46.809133539931345,18.437254252947106,41.166349811903544,7.0602061657447335,2.3126832238215025,bundled_calibration_sample
Cotton,436.75989371971593,21.93520258467488,60.12523747152887,5.0,33.762861038631755,45.28432728980594,7.443328526199709,2.236947475737812,bundled_calibration_sample
Cotton,561.3179633093578,22.424139691807767,61.477044913101345,66.29001437425148,34.00105401159757,71.42170755548656,7.619141731109476,2.3100622398650716,bundled_calibration_sample
Cotton,867.951648745908,20.809986622311023,44.27535178973976,31.430607311000955,19.66400269811888,74.26035920817264,8.108812703196609,2.190460010250149,bundled_calibration_sample
Cotton,845.1739884650332,30.41652104799595,59.43404920950852,20.01917654665899,15.269325117912043,78.99571104335104,6.529383710840248,1.9126811731437316,bundled_calibration_sample
Cotton,840.3866512272349,33.70893178211358,62.60407436268854,61.9492343525067,28.22872805525756,60.85842152431877,7.364320447202134,2.292925810752233,bundled_calibration_sample
Cotton,1349.4326391408679,27.194946672905054,60.39911041347564,66.12834169797796,28.994078468438044,48.32043815095645,7.196526904133859,2.26913374195795,bundled_calibration_sample
Cotton,834.4905995695706,29.040325447280846,45.564443421790024,89.72418170466811,36.230561306913835,13.440283635600686,6.51587856809415,2.229706923429798,bundled_calibration_sample
Cotton,907.9191767163061,28.327232803858326,49.74136836731837,83.83288471296913,30.25602185714023,24.684120657532713,6.837299360219735,2.290291231792773,bundled_calibration_sample
Cotton,1264.1157341691837,26.0412934389502,62.57685718106207,51.775354546443026,28.630811427945165,55.04338195377541,6.134151418725582,2.360145079660218,bundled_calibration_sample
Cotton,951.4155506144613,35.8786906856472,54.46745529247078,37.34652720259784,41.77183077684815,35.16456566720074,7.589313782080849,2.372499473483108,bundled_calibration_sample
Cotton,496.95858568500506,26.235406230520077,37.09746549912671,60.336076089812494,56.11133481978056,29.13949123350575,6.500896832835918,2.1533679602587568,bundled_calibration_sample
Cotton,1074.8274386402563,31.974993018662126,50.762792765317144,97.48001306167657,37.38419483967044,52.05814652764622,6.154859158357186,2.1631039343077343,bundled_calibration_sample
Cotton,698.1050234377115,34.06207151953367,65.80318294771136,54.99880779993933,15.734901875838554,65.49044848656727,7.716315615576163,2.233897827906377,bundled_calibration_sample
Cotton,995.9896562128886,23.543160916910267,67.06146353518308,80.04545200576135,27.820716361925054,49.42512886479054,5.853245974869183,2.214075934503179,bundled_calibration_sample
Cotton,811.0240165406072,26.539647741330658,61.280418489265934,64.64901160318014,12.728724967820476,48.32857438074516,5.902905677898783,2.2752485613609865,bundled_calibration_sample
Cotton,1072.7829098723623,27.41327066515722,49.88314236320382,58.629079040838974,27.737475474365517,48.50703477759792,6.186150285530629,2.420315471063534,bundled_calibration_sample
Cotton,1190.3119428502318,29.828584352309466,49.98322552587406,75.51166096437225,38.896700887482744,37.0863301233954,6.263390315679683,2.2365482010347675,bundled_calibration_sample
Cotton,769.1993787717179,24.902755260437853,61.93439778197424,34.75401678528617,29.274073156615117,26.663108816953823,7.973631573630119,2.255715796954368,bundled_calibration_sample
Cotton,764.8109150260957,28.022507979249532,56.938073191356374,93.80906196068128,31.528862607111257,39.370066804056684,6.201249059647271,2.2575413705001157,bundled_calibration_sample
Cotton,1109.130811406325,28.16073092710457,45.71020526167519,44.37297964635089,31.673079892760125,32.88795690050742,7.838272553909912,2.276020687894239,bundled_calibration_sample
Cotton,934.8031842624357,35.679116201989814,55.84050162484306,85.77497140492846,43.87251820801549,27.39945751474339,6.689612474091285,2.28528989206009,bundled_calibration_sample
Cotton,1198.275652092079,29.825229163153296,35.416369987296534,78.32146134104728,29.02118428963426,40.42278391826879,7.286000062228589,2.2998347722786754,bundled_calibration_sample
Cotton,666.596961998609,33.29857835547716,55.44792957784817,50.21010875813154,16.45916902563022,49.94807682674181,7.204304505909766,2.199724070680233,bundled_calibration_sample
Cotton,994.5562023117063,24.84859134342994,80.22100166223342,40.62350571596774,40.85457026075824,29.968966103210676,7.191316055226608,2.1570176894700017,bundled_calibration_sample
Cotton,482.3493803965862,32.425693267075296,47.31848303046712,69.5274233903427,33.63111378245213,43.32232493950045,6.299813212517396,2.3460536498074154,bundled_calibration_sample
Cotton,731.9493254892545,33.22096432546377,52.918626360897385,53.60726026077013,20.537377741447294,43.471824853420124,7.998645259522739,2.2180822332488543,bundled_calibration_sample
Cotton,898.8417528450145,15.54107485583162,66.52064767993147,40.818000723099125,29.016084106537825,34.1851908342928,6.998745246809316,2.1306834134780295,bundled_calibration_sample
Cotton,51.83047465659092,29.947163345367287,50.54543893656343,34.139987367935305,14.181664629049491,53.6962766568565,5.081670782723161,1.8619288075968448,bundled_calibration_sample
Cotton,942.651430591151,23.386958724632308,65.44673814005765,59.05321619503209,35.728592212406156,47.17611874374333,6.865592730882469,2.485564354058246,bundled_calibration_sample
Cotton,752.065845484308,29.299356692276003,53.36203403673724,57.512396917398334,30.668968967346387,28.593558921505807,6.244775050478463,2.2795151647006495,bundled_calibration_sample
Cotton,649.364139438557,32.92422429164822,42.15144475944583,83.29686187697425,33.631144037887296,65.18138996287757,7.914894026005783,2.2118008998348304,bundled_calibration_sample
Cotton,787.836525182129,27.502678617279603,67.2016949421849,69.16772816501529,15.021137183132993,36.51121639861818,6.726077483865456,2.2801441076805027,bundled_calibration_sample
Cotton,1032.3741572622118,25.06618276806974,55.37987451454235,87.5632914229078,34.20654706600861,33.89939703831272,4.6383653279366985,2.1215328102159265,bundled_calibration_sample
Cotton,947.6935575813316,25.651799520234988,47.42260187704066,70.07547461059029,33.40237362516579,40.2107239070503,7.272990215845075,2.5267057165577675,bundled_calibration_sample
Cotton,1088.0375151347075,33.83298538488006,38.46329359233108,36.44978706490899,19.64818361275534,66.57868836069126,7.413422788215688,2.221920087987808,bundled_calibration_sample
Cotton,792.3766453485058,28.755838648381417,51.0639778513597,72.49269977841396,30.63620091826815,34.30013133690252,5.425319697325641,2.2565600490524793,bundled_calibration_sample
Cotton,574.0209187441089,22.27123530820261,52.45836796567742,76.45807484902588,20.968934302097786,38.61647138290053,6.915524043484666,2.168279529522048,bundled_calibration_sample
Cotton,961.4217471052469,20.998526222621535,57.55222355807306,54.37513656002779,37.49401710838001,28.854054246346823,6.716171026161245,2.272932857930124,bundled_calibration_sample
Cotton,851.4936484074341,29.307381771218868,48.10403048705095,85.73777752334189,32.72411249078691,47.76467717679277,8.054264540899185,2.402229088437856,bundled_calibration_sample
Cotton,664.8124532162784,25.494453267178447,54.89097671269516,50.25174198005077,41.41929589600069,20.715804358007457,6.425701705951749,2.0736684762964988,bundled_calibration_sample
Cotton,1182.6265071162973,21.03779346899612,58.94479111387389,29.701384260015406,28.59656184633322,32.01535185096308,5.425377700402297,2.1747001167033586,bundled_calibration_sample
Cotton,1032.8395647822545,35.12493623436588,43.97601640456118,69.7501861661521,29.448225230494042,77.10091187899232,6.579644040950368,2.409763844681476,bundled_calibration_sample
Cotton,829.4490231790155,32.71892516711172,58.21517339551786,42.24887877113213,28.011379729188103,62.911004291747986,6.335861145779293,2.2059089707311323,bundled_calibration_sample
Cotton,995.5433347592698,26.400550860079623,42.58879625157738,62.855263678979554,30.611929950642942,19.162738432259474,8.30013939513143,2.3471256831901655,bundled_calibration_sample
Cotton,870.4059838122834,34.0198769569275,61.7864504684399,31.75929479095368,29.792447128009425,61.51196407018861,7.714353630248342,2.375133615867413,bundled_calibration_sample
Cotton,541.6477679047181,23.705389909664284,50.55559588763493,48.08575957229061,41.26147228918899,69.85732396193113,5.948657165989867,2.2753428314067543,bundled_calibration_sample
Cotton,1629.6640022382496,33.28709273459215,49.711666294975274,74.72809112011328,38.12829718812056,42.61312809796492,8.01661571325692,2.0902782527489734,bundled_calibration_sample
Cotton,1137.2393599996294,27.127051822151564,56.942030721012536,76.5467695928017,17.006549331194783,31.170415758052684,8.162811732660993,2.187201787690683,bundled_calibration_sample
Cotton,846.5253212963975,31.536736491797747,70.89477292429488,44.71059314404064,19.657042079603947,50.50023968745086,5.915609711410937,2.3205260353504444,bundled_calibration_sample
Cotton,1016.3473985810624,37.740550162209345,71.8048380807625,57.40587610988842,20.424884094998838,45.00278155500446,8.250623603177548,2.4050673140564087,bundled_calibration_sample
Cotton,1172.6677253650018,25.993259391266072,67.24018460020523,53.91587370419016,29.71853435541761,16.15456417986784,6.783966515631852,2.1916963970514565,bundled_calibration_sample
Cotton,565.410671269427,33.971029677583346,67.94863092006136,61.29799958691527,31.3328580080074,43.32399901300172,7.565157887635329,2.5067794941604915,bundled_calibration_sample
Cotton,636.0227962005482,31.139574692793264,71.8279211289967,32.90805566626119,29.325085425071258,36.28356790116536,8.23739848789433,2.3763639153675586,bundled_calibration_sample
Cotton,550.5893923482756,23.605462198631635,56.209952461231,60.56436166175919,27.387187122480547,58.34231290451098,7.28517120407688,2.476352376187566,bundled_calibration_sample
Cotton,706.7846115644288,37.70666980748174,56.19941581434764,85.06053479878648,23.964261900570268,41.16384391424025,8.067576110091599,2.2630733896254456,bundled_calibration_sample
Cotton,763.0671817707716,32.916829604813,58.4334824751943,75.22422869778164,38.5107064992163,28.79890935677917,5.544371181348851,2.1453032122990794,bundled_calibration_sample
Cotton,655.6340225831116,36.37077994489168,38.6480969778613,61.27543107453585,27.523078482667223,52.87786197201172,5.976809328846823,2.2108180148877556,bundled_calibration_sample
Cotton,1284.415970542358,30.328568952757962,46.07397638080032,76.81741468660854,39.21575608241636,13.372385957890344,7.266168563500035,2.290028885088461,bundled_calibration_sample
Cotton,607.4688999650976,25.467607567095694,56.80843273445261,52.32053315432278,20.471735090608732,66.07708031539184,6.9828670995459845,2.238239287945567,bundled_calibration_sample
Cotton,781.9083032515291,28.607907858417384,55.90329770521244,25.84625826252244,28.75999198243682,50.83779207142339,5.662758903887713,2.1562092360538077,bundled_calibration_sample
Cotton,1302.9786175039303,16.098369544144354,56.30988803124519,68.51435723545443,18.78973242935998,61.03494340953603,7.64301091938659,2.2906857793613034,bundled_calibration_sample
Cotton,1066.8321989455503,21.530296689765926,45.45851780303064,64.45782733797445,46.45844184381717,47.3406191881125,5.796718494642141,2.3995287396258718,bundled_calibration_sample
Cotton,546.6797036922101,30.40796100936728,53.45920565576085,35.717033934931564,27.3424046145141,38.8831756599871,7.389589829838938,2.360384239839349,bundled_calibration_sample
Cotton,741.4222806074253,29.194488778020446,42.80142347305472,53.90784192017596,16.47307619817142,42.431674856168954,5.756198610995639,2.201260995239606,bundled_calibration_sample
Cotton,454.00515212497135,26.765117626577638,43.73112068631238,64.29917845962791,31.055550176965124,49.96782657787739,5.652705970807123,2.341247587585047,bundled_calibration_sample
Cotton,583.8862967420563,31.235113908489392,43.9979147996317,57.47792467753392,25.865165913061638,40.80193237407957,7.060167628984929,2.5530868620032314,bundled_calibration_sample
Cotton,1218.9948605380685,34.84716781352465,55.844401373668454,75.83631786893432,18.995818162780743,20.986215118760082,6.032689387938189,2.1053095834459126,bundled_calibration_sample
Cotton,615.8019061380011,40.308700353118205,57.594461786703626,59.31679953166585,49.21038530191316,34.34017531117776,6.805512989471672,2.1448676779252835,bundled_calibration_sample
Cotton,916.3427084816982,29.336909140341888,46.05174590469229,41.027013837938895,52.168205989301484,29.574033685419238,7.102786500245219,2.2186617428306263,bundled_calibration_sample
Cotton,922.0751656021247,26.836920431339,50.11325928082376,84.94819550175511,30.918816797252465,38.65815613431796,6.536427679335399,2.3913207027456482,bundled_calibration_sample
Cotton,1021.0646232381679,23.113339112665297,52.35377522031895,21.89391955130921,17.53231338555525,36.73383523047389,8.142598832467865,2.068674198851557,bundled_calibration_sample
Cotton,915.2327721982384,31.785087678667264,51.77604620226283,49.0272254916176,37.43551848525722,17.4204407508199,6.039913555245397,2.363728487311414,bundled_calibration_sample
Cotton,811.2078839780818,35.23472165898333,54.4419417858941,67.87354431964582,22.066190186325066,40.49991526396577,7.388831051794252,2.461537009841625,bundled_calibration_sample
Cotton,1145.465873971251,24.729195109041186,71.09760365043307,86.4448930969418,41.6689624424564,66.57868778492767,8.15016605246974,2.1128653676688205,bundled_calibration_sample
Cotton,1052.8805374483713,21.831022513483482,71.50040540998748,77.86818295392123,33.75792425234473,72.47312565794257,7.070363970484667,2.197569235415273,bundled_calibration_sample
Cotton,592.7882948945545,32.73150266862551,51.54753080909634,70.07624521962856,36.22678744170253,31.731245412102595,7.020383030885771,2.2119709052883914,bundled_calibration_sample
Cotton,1027.259517675167,32.90317768474223,47.31831731859792,60.451888746151376,29.060108861159637,59.79523125782824,8.202405759541358,2.510190817242419,bundled_calibration_sample
Cotton,1020.9457161778369,29.160335939069615,49.082398013030364,31.714385542391426,30.31418295756172,52.779626882696256,6.349607477876377,2.2938627059503407,bundled_calibration_sample
Cotton,373.46193693505387,34.683375490157886,71.13410416402571,44.62294406409585,37.87020812227598,57.492586688312706,6.145973514620782,2.2603352637395617,bundled_calibration_sample
Cotton,939.5558213716421,24.49559269442617,31.447484938302686,73.64126465829945,43.01574557368136,41.87311819457744,7.9136839015280795,2.3483815971956044,bundled_calibration_sample
Cotton,946.4397669460606,26.584429306234938,56.75169572549869,63.08919673854296,33.6273495952303,62.3369050983367,6.5412587894812555,2.2519644494883724,bundled_calibration_sample
Cotton,549.6877374948004,31.25129066551928,38.45041086281282,68.18420145534942,30.772272190533943,48.53567797679907,8.033162000569392,2.2523968064124427,bundled_calibration_sample
Cotton,640.9607301240258,29.651621580025775,80.47686274688478,58.79634116643323,44.8983446477827,51.11249078650463,7.113858137122609,2.2449314107143588,bundled_calibration_sample
Cotton,841.4521555896947,29.262681475176276,42.21697776969638,74.14386794216925,31.96978002364566,37.635970515083564,6.541085520784379,2.384005860125046,bundled_calibration_sample
Cotton,500.3267034894214,29.18779056173242,36.695050506540554,51.31933710296309,32.67384531585938,43.39376482268363,6.080086754201744,2.4691195792246377,bundled_calibration_sample
Cotton,1515.5233638480331,21.773074694894238,63.575623235871745,51.38737930935224,24.72457434797693,44.26851895624613,8.486795894391856,2.234194064995469,bundled_calibration_sample
Cotton,1013.8078552155362,20.302589850131238,74.07411171741597,58.86571689993605,26.36709798999485,44.78447822198755,7.887622000996256,2.3416933281353525,bundled_calibration_sample
Cotton,930.9925188255971,22.299102800495465,49.72079168081728,72.0222138265106,22.103876309303878,47.39295187181639,7.003679328952918,2.5052353608306857,bundled_calibration_sample
Cotton,940.1822128474578,20.928263737629592,43.50690447313163,70.4979148609876,25.15151785523465,50.69913853439358,7.328570991944207,2.3708584752787765,bundled_calibration_sample
Cotton,739.7911719653822,25.03316224722728,59.55151387243544,58.46884045030225,24.311516733048766,49.06330496292949,6.650296057293703,2.4128961488340837,bundled_calibration_sample
Cotton,1741.7139638662147,27.02920687220965,73.26505257787225,35.837509011026256,29.743403424477457,57.33767408501546,5.5485438510634,2.0140848592099383,bundled_calibration_sample
Cotton,803.0616007225457,35.0468117301478,46.32841496830381,32.64637858100933,25.658180657596198,49.37287700079076,5.673470353183117,2.151553644672369,bundled_calibration_sample
Cotton,704.5247088215211,32.2034142234083,47.287107560126174,77.2505515234214,32.809770728837236,35.206824841397456,7.154856735312146,2.287931429548425,bundled_calibration_sample
Cotton,680.389955935998,25.571683779412602,59.17473681461515,92.6782422796174,20.054086548905367,34.988542381821354,7.606838137241205,2.1704362026293307,bundled_calibration_sample
Cotton,862.4401351754957,25.877481746199482,39.189327802887064,56.54574186897802,15.886515117039664,20.558583352820815,6.959568189845827,2.09786079666038,bundled_calibration_sample
Cotton,521.5919443984881,29.782085000545607,57.34260096664497,15.01702514452223,53.278872573201085,68.65187304893982,7.2976014948245655,1.8772100172318,bundled_calibration_sample
Cotton,744.667135078299,31.298555621505287,69.44051885320845,88.20140000175374,34.975055182277636,46.553820174143695,6.405032153704012,2.3869185273908458,bundled_calibration_sample
Cotton,900.8317253764525,25.74762120247859,60.39611624437899,19.41448537152825,28.731188418186388,39.30932984056425,7.782967011546308,2.1750872045358514,bundled_calibration_sample
Cotton,960.5175654583318,28.007602301322805,62.22652279756784,46.69493284885579,45.71131327938402,18.272175511583384,7.644737614818261,2.035552955400268,bundled_calibration_sample
Cotton,633.0602244640979,30.54784951880219,63.88064841499252,20.228222218414082,34.09560497045068,48.32427363573231,7.692192197657512,2.1811079342242543,bundled_calibration_sample
Cotton,817.7522587561768,25.20309369906756,74.21658396582248,43.515687644101966,17.924926717647104,43.765912944941356,5.23429529574798,2.2580670060034533,bundled_calibration_sample
Cotton,1226.30782433689,31.577135326808303,56.65945184559845,53.87916954636033,31.40866317919313,22.624294578843347,7.934776860799737,2.4251575831680894,bundled_calibration_sample
Cotton,522.2159273783186,29.281589168823505,69.51934546040965,44.51242411836691,25.0933385767557,55.26518875043758,6.288632501530589,2.402604916966594,bundled_calibration_sample
Cotton,883.7701972960327,28.57354470923365,55.57253342995998,90.11851206709856,11.70644418651537,18.56159453937544,5.086811012623736,2.095960241952597,bundled_calibration_sample
Cotton,1255.927400536975,28.525301288141165,54.304202016144615,33.82365068474558,48.44715593310197,55.98962800296556,6.865873474228771,2.163398202621486,bundled_calibration_sample
Cotton,655.2134872049417,25.602647309145055,38.64650255481567,69.45761145955863,15.28319323075463,22.402407819086353,7.962583714907187,2.341326404809764,bundled_calibration_sample
Cotton,1090.646632862207,27.75742116595475,38.894226486876775,77.5397215590697,27.73913831299862,45.67334428688071,5.607624297970521,2.3109060628084417,bundled_calibration_sample
Cotton,651.6086996459729,25.698980925717255,52.65107031519878,65.62382140588024,53.02981764397522,58.508001425379454,6.672219224646005,2.229910516055286,bundled_calibration_sample
Cotton,512.1971034640605,24.98267233772278,46.3604351840931,90.70332821502535,20.79131098826047,61.89327528979763,7.485448118092636,2.2682166356601177,bundled_calibration_sample
Cotton,970.8152440480185,26.668073218861554,55.43157772956016,46.55030923604895,22.49848699687768,46.494674889099045,6.669043454747652,2.411717517681292,bundled_calibration_sample
Cotton,711.5182662049504,17.030742550574608,48.05284191480523,53.85946166861043,42.28551673595186,58.58869705853392,5.877179442612037,2.1370225789715023,bundled_calibration_sample
Cotton,790.870394862843,33.20398827815018,55.206911301733996,86.02647220677899,34.71479659988081,55.71870355878174,5.615966442958712,2.1738271306111905,bundled_calibration_sample
Cotton,514.7459744391033,21.76461892018845,61.32436802107418,49.29106736589165,35.061014236151095,52.381980626916345,7.182358971256045,2.221743302120091,bundled_calibration_sample
Cotton,749.4061199018494,25.222804130582414,53.4929291417501,64.62760841542793,44.12722163525741,37.67401902093428,7.450840223299057,2.1943661983143543,bundled_calibration_sample
Cotton,905.7284140165776,24.27425730287096,57.39662634427162,59.60780482815578,27.561480903628414,74.62207713530246,6.62375157824247,2.2746670222809855,bundled_calibration_sample
Cotton,989.8845361370883,26.133063557426677,46.42363609273269,61.152127920183034,9.460034126802231,36.87979698814334,8.469939953264998,2.2257036784952184,bundled_calibration_sample
Cotton,856.7264335660326,30.565177365652065,58.59571565064066,49.434343714138116,34.22787225705415,66.64868501703793,6.672150824332439,2.2184429746455705,bundled_calibration_sample
Cotton,1309.856278775265,23.0964280342207,31.903531803540545,50.19965858761766,30.84963305930361,5.0,7.804883189913624,2.149241063663566,bundled_calibration_sample
Cotton,1139.5133462850727,27.44684144897359,67.63379441363043,81.94404398858828,36.74519326253156,32.42550346335722,5.466114945808072,2.1349706650845186,bundled_calibration_sample
Cotton,695.1196296562205,38.61985779746759,62.2602702323765,88.57715514210507,42.67255625366111,27.660741695098377,6.9841882235534705,2.239073427366883,bundled_calibration_sample
Cotton,1011.1820140408843,31.34364797891758,50.93099328565181,39.18723601756922,32.53685089829222,64.15098138280004,6.851878914389015,2.1165236063455026,bundled_calibration_sample
Cotton,905.265192400597,26.160802758497642,56.51002517523836,69.47453994895247,27.25369104978457,27.255672646398466,6.593250064441661,2.21863138378956,bundled_calibration_sample
Cotton,242.67722535872463,32.699941468927356,69.76544634112558,58.20169088368031,24.191429191234274,25.997820406723275,7.858700865942009,2.330667197801725,bundled_calibration_sample
Cotton,1317.0667026591786,18.267653843100113,51.881322758605485,31.186497203046475,20.617749350149644,38.85277409416102,6.6605882598546735,2.2630153162145232,bundled_calibration_sample
Cotton,666.69157452239,27.93922010037631,46.08922532689323,82.30146611603531,36.272630176593964,35.76695067613076,7.744278912518544,2.3521180572441107,bundled_calibration_sample
Cotton,1258.5045877972045,21.12988569034706,57.93850835108276,73.65022811515648,32.966031865091885,46.27612584279495,7.877201900362702,2.530788300401172,bundled_calibration_sample
Cotton,745.678172894778,30.781342163229493,36.90659339648321,49.3598679437633,25.933297031417744,31.645590064281663,6.5338668412739755,2.450154800842008,bundled_calibration_sample
Cotton,774.1284277209735,22.092169975453757,54.27922276545646,39.49710680344306,25.9990862118973,81.25153829122686,8.244081409236756,2.1007457381164953,bundled_calibration_sample
Cotton,962.8234852374688,28.662880815017587,48.834852522938924,60.286839562657796,24.284352666338812,62.18992262731116,6.851050977791664,2.3746331985383384,bundled_calibration_sample
Cotton,962.0137663221446,21.888761647673135,51.737620409262334,48.258093950823735,27.083421125654073,37.86233753578418,7.25208339151868,2.2825491933327653,bundled_calibration_sample
Cotton,797.2825945194534,33.101601825331656,53.73646042937075,81.61630966113637,41.75562235482276,38.14274269471316,7.526485525831982,2.240102867864031,bundled_calibration_sample
Cotton,830.0187003633898,32.05236020966028,52.22407305986491,52.3827212500671,34.98330005286149,45.48008692384623,6.411397878627497,2.4399021370113334,bundled_calibration_sample
Cotton,921.9060508012439,28.099491383676984,55.86117084204314,87.34112998038789,24.29763746127456,46.47735909539757,7.187702207567095,2.3850104872109195,bundled_calibration_sample
Cotton,988.4121250824711,19.266696514778666,55.24650463819036,88.10948835305312,30.604429317198054,67.8895927845905,8.216008487852363,2.054788773270331,bundled_calibration_sample
Cotton,873.6299067676791,25.663042002492283,62.674225382239456,74.04407361425615,32.13781478988464,52.12186905690372,7.363169881188638,2.46944097831312,bundled_calibration_sample
Cotton,1230.6634417271725,23.553783965813345,70.01013876608557,95.77393222219388,21.323932804001927,48.611453345609604,7.108604713342255,2.3683507421253784,bundled_calibration_sample
Cotton,1122.0078415899882,31.153669341285347,57.64406160986108,71.29312285005123,30.818752040613234,32.82511781004136,7.1616376782236415,2.4836038618109275,bundled_calibration_sample
Cotton,690.4255554764424,25.103556067842128,39.55148796772352,63.54401748508774,15.17340202626086,27.0401475935895,6.015685527306922,2.1437507918854553,bundled_calibration_sample
Cotton,848.0962009955773,22.488020549036587,68.09142556003044,56.834972659393465,48.37843815440538,43.63642463978748,8.004326299228502,2.170418377255872,bundled_calibration_sample
Cotton,357.0910458711337,25.9776191815641,58.95272681248994,45.79446416312408,31.402675314998266,51.920198208031486,5.3856252852087625,2.2772421409105927,bundled_calibration_sample
Cotton,595.6690277995191,27.97073852018027,45.8433916965984,79.9855948819717,14.52144924081643,58.36624834803041,6.5884694371992465,2.290252490829921,bundled_calibration_sample
Cotton,687.6168559557947,31.40950069543418,48.65374297377826,17.867452300999446,39.93264189989932,53.69947154760805,6.247181379382565,2.1614956537331578,bundled_calibration_sample
Cotton,704.0574288938496,30.90848454278572,51.018374908625056,59.16547531412222,44.01894392196017,30.736703023526523,8.426021447962837,2.3966230700398508,bundled_calibration_sample
Cotton,952.4539325706779,25.571062067139028,42.251788218754136,72.69093102992808,28.91072305230749,45.941076138408384,7.148208607222646,2.454445280591724,bundled_calibration_sample
Cotton,640.7066838570358,31.44052079717862,59.26275010785913,86.31152529633044,44.863750589435384,53.91619280926108,7.308508509881878,2.1054272739246955,bundled_calibration_sample
Cotton,999.8126164461756,28.964633658086573,65.26140796880814,87.41956024657328,22.240375167378108,62.47362791069539,8.027798770026946,2.279044590259514,bundled_calibration_sample
Cotton,834.1795141452446,30.55232184185754,46.44543422345127,28.661839493017958,11.947058952030815,28.59346576228975,5.275005590673674,2.2258869977094666,bundled_calibration_sample
Cotton,784.650271918051,33.91306144995718,50.660350031625,15.77387130414045,34.270712005960334,53.534192916634964,6.764821973215433,2.1698643979118097,bundled_calibration_sample
Cotton,898.0505302992668,26.298576336627846,42.54164822470355,58.896573484128695,36.40773129357415,39.35748606796169,6.07150160222106,2.2631442784470535,bundled_calibration_sample
Cotton,1016.9271335926474,41.186832170964685,48.42621121526339,43.105956394420474,33.549703210795585,57.66490588983809,9.0,1.985774603567418,bundled_calibration_sample
Cotton,663.8572134940855,27.368642946809388,54.53747357412942,73.92072994322699,13.980902852943512,45.33368094569995,7.519842452241171,2.4012589068059382,bundled_calibration_sample
Cotton,957.5149711468919,31.18474832682731,44.79770216986281,70.37843885947969,28.20129487568428,31.42793823869755,6.1583890294547,2.3355311592193746,bundled_calibration_sample
Cotton,767.5260796076144,18.12261747563462,47.5708964166683,49.735669573084905,39.22179395057326,18.869791288322777,6.615197909870163,2.2768076341393044,bundled_calibration_sample
Cotton,557.0137688913456,27.11841196133005,72.4264061532542,44.16853947867239,38.57864225613214,40.54814204904133,7.969534139257853,2.2196133602496326,bundled_calibration_sample
Cotton,643.159780519395,31.67626810192964,61.36014329830297,83.42839215812342,24.59462106616458,8.138087712960619,6.17848850461398,2.0263772668227404,bundled_calibration_sample
Cotton,838.0632198731976,28.93419945708121,62.99589721413322,68.39267825621073,21.86526323175804,58.00389188274223,7.644868928056642,2.4420282591151836,bundled_calibration_sample
Cotton,306.20300215794975,23.499888412129074,75.99234505519539,57.15066122906675,33.85431329287163,31.738855837649375,6.103143171035889,2.28590151109114,bundled_calibration_sample
Cotton,1227.086053686865,23.28972147789873,76.68491352440958,51.154172606142936,33.39339808482721,37.432619139846906,6.073724148714629,2.4265604324981127,bundled_calibration_sample
Cotton,869.2152885554588,32.911942043388194,60.49064231723341,39.39408204542414,41.259721924040704,56.2811543942315,6.839822403628086,2.2144236079351893,bundled_calibration_sample
Cotton,833.3348470819247,31.356803818785593,51.58525651996961,59.311181392544164,22.574462970513338,29.533921423125577,9.0,2.1526257497245,bundled_calibration_sample
Cotton,1355.452497559656,21.588301339927096,58.50660958454377,53.279883940287725,37.53811639032713,44.03698771911815,6.185458540092576,2.352235839883632,bundled_calibration_sample
Cotton,761.6016879013362,29.439402632846473,72.18603113187159,108.36175136316746,29.22634697175532,42.50667980144381,7.253567855948045,2.263552695701276,bundled_calibration_sample
Cotton,797.1012888810433,25.895696857182482,72.62522402730954,69.30694694803319,27.432301356605993,55.04764703004149,6.2695478709698715,2.3587363470769307,bundled_calibration_sample
Cotton,1024.835627757014,36.69932780675292,67.9887347614845,70.98893464425484,13.501020297043002,73.88543131670498,6.796183156016129,2.0688504678059623,bundled_calibration_sample
Cotton,1075.2490654130293,25.10518484461006,70.13143188327486,57.730859323065324,48.4750655369421,32.29894204083662,5.9790356987865225,2.11449898826308,bundled_calibration_sample
Cotton,524.9916555081352,21.572520267438264,55.25563384194701,83.75998688151986,30.874255070569582,42.014348227639566,7.5898753190950226,2.365449291491656,bundled_calibration_sample
Cotton,1006.7721089250358,19.247901768888312,58.09631767689238,40.170510553214996,33.58997879259363,32.12199179922355,6.307370919054852,2.218402768805461,bundled_calibration_sample
Cotton,724.4196197559543,29.902811421412117,65.60966219496409,87.2220178031354,28.191833636454,41.4711999488757,8.454036116127767,2.372586193579776,bundled_calibration_sample
Cotton,699.7029273533026,20.164874102972234,64.22226623521308,100.6046853815053,38.46662326422171,30.975865080282155,4.924351079906717,2.1299532199341185,bundled_calibration_sample
Cotton,1134.744270910707,28.97315082581756,55.65323358585105,90.87345983090609,32.191349863037495,51.783004875421376,7.951453426000567,2.2400830066202655,bundled_calibration_sample
Cotton,683.5260097583906,33.97891987331941,59.85471021476164,76.02855339193405,31.345316475505605,66.65396949514053,6.742801842060928,2.1687933168970526,bundled_calibration_sample
Cotton,767.5827225293153,34.62686676209367,46.51581422064126,55.09579344520026,56.02456106730673,68.70124093314469,5.622992178008552,2.2429119141825926,bundled_calibration_sample
Cotton,906.2468507812698,30.822288789189408,48.18535433864429,78.79803879824152,43.67713637898366,55.313233670711796,6.302262190586911,2.276068741878017,bundled_calibration_sample
Cotton,1229.8349965172545,30.802041222568995,70.12875959801295,33.559261429038,21.482692912511034,64.06363416765636,7.899181522883863,2.3447782017666308,bundled_calibration_sample
Cotton,512.8696934693685,35.58726713093348,51.187905802537585,61.12630919624915,35.81376414572526,29.235615340831636,6.361293946825749,2.312236366549955,bundled_calibration_sample
Cotton,498.2810034835598,27.089017809710576,48.70940054428268,56.34498392580375,39.126333671438154,45.12250162867246,5.6478662178018615,2.3585966680980457,bundled_calibration_sample
Soybean,609.9448653128604,18.637818331040624,68.73105943734544,41.40700079879875,49.06842825993053,26.352290142345318,5.7919623917595535,3.0811423580243473,bundled_calibration_sample
Soybean,850.3176763855456,23.6226223946451,60.85060074258161,50.591747013503245,47.91143527039381,42.3287925737963,8.391022442512034,2.8662063810820744,bundled_calibration_sample
Soybean,772.7489249050694,23.422122028737682,54.01361813314833,47.59441702195054,30.021676047268954,52.11418495014868,6.736830339676899,2.7871578933740015,bundled_calibration_sample
Soybean,878.3652183921137,28.728671350142708,68.60960576206192,29.363985831146202,45.693590828972994,72.33647437204363,8.438422121574789,2.6853757989563842,bundled_calibration_sample
Soybean,668.514971954875,23.49898976100461,77.07212644757101,27.649766603725745,18.74654407563949,21.594655311224255,7.4158417254622115,2.6609337088978378,bundled_calibration_sample
Soybean,868.7526631241017,28.53341181569519,46.30339666050119,41.52810034149774,40.15989412263268,33.218128010155965,6.197250844072368,2.95171901891732,bundled_calibration_sample
Soybean,880.4169771347301,24.579058484213377,57.86716035838432,67.46103563781817,31.51107620236659,21.858539685353225,6.4120041373253125,2.8555589860605397,bundled_calibration_sample
Soybean,735.844941818472,22.140913954054074,93.69766445061778,72.1140034272423,50.387255855439584,27.128385919797676,5.65968264683569,2.5867416848690024,bundled_calibration_sample
Soybean,602.9299834824128,20.81143127555822,64.08613001281888,52.5999291195707,36.625639165999345,22.99724513242738,6.44583194975483,2.9531264590976476,bundled_calibration_sample
Soybean,996.0365884701196,27.20135234363429,59.693750965135415,17.165447204371972,41.32984748542103,67.26425329630598,5.997403652266758,2.888338924037932,bundled_calibration_sample
Soybean,412.800561537584,25.76140802773537,73.46087431779516,30.01044870478496,37.991894021713605,33.971850680283126,7.120181438773815,2.7970549387913737,bundled_calibration_sample
Soybean,547.8598180095034,25.31686293765509,71.71701821468424,63.143081040287754,60.92863769023009,33.16756898870476,6.2549079433325705,2.839289785624877,bundled_calibration_sample
Soybean,735.9338106900005,25.472567741734746,56.14940592034331,30.25499467937815,48.55154512395368,60.98797320709362,6.375283681245121,2.9266851487618113,bundled_calibration_sample
Soybean,867.3454112410096,25.78123348558897,78.98110033533943,42.021076511611376,59.11213051734866,48.02329316936078,6.157494889929179,3.012579946704453,bundled_calibration_sample
Soybean,909.7496539719235,25.78227214114552,43.39593247415159,57.33058170008785,32.72985851704864,30.843372814246052,6.277787581577513,2.973730270288326,bundled_calibration_sample
Soybean,897.8960353166619,28.719601569233227,65.76411435557796,34.247288025171045,37.872286238935075,41.02970083739779,7.252337360837727,3.2601010611975245,bundled_calibration_sample
Soybean,1004.9297687519925,27.775141530218452,54.12073746358617,33.045088810588545,54.53255002783918,34.872897002205285,6.511712221008362,2.9375144089074405,bundled_calibration_sample
Soybean,844.6866171336166,26.737695924333668,60.018373395185925,53.66571378613355,41.208770680762285,41.86038068929613,6.734694804376647,3.0707347117243784,bundled_calibration_sample
Soybean,700.6839339841194,23.825598714183407,59.41685357756811,29.24532317819421,68.47170596883623,20.753047907481772,6.479081585577761,2.6999637780797094,bundled_calibration_sample
Soybean,612.0946926527066,28.071940429867944,56.58794045878973,36.31189295474144,26.256763555223344,49.2162686277191,5.858808750579111,2.932613400025317,bundled_calibration_sample
Soybean,774.4549492890976,26.876896850900593,48.289328535018285,55.22978055022496,48.36054977610675,40.873948522580065,6.792999938693055,3.027854172197006,bundled_calibration_sample
Soybean,649.798916923658,24.651562704645922,57.8219276769816,34.98858757027219,55.42786799692538,36.43266573605634,7.689645290863846,2.9223526648761085,bundled_calibration_sample
Soybean,579.8189216577794,24.173211039991433,72.89746393816854,58.11957793010897,32.91858489998465,56.038949877667065,5.506178994192716,2.6813782988689687,bundled_calibration_sample
Soybean,577.2755975155405,26.051062664012097,62.964450364203266,28.659588188134784,51.98599792473843,69.39336586729762,6.820381695403911,2.833633968944064,bundled_calibration_sample
Soybean,810.0571034269279,20.558532045243588,62.1906944918421,46.23632143523434,41.840778355931654,62.30404818627714,7.045647050555157,3.0357147947366667,bundled_calibration_sample
Soybean,903.8987808969906,21.89248056756908,60.855379664593,39.295172149448014,12.204443287494353,47.868425187128416,7.559935204383716,2.862168844381491,bundled_calibration_sample
Soybean,747.7481558762978,24.848474819823085,48.492380538444564,31.273764437626493,46.712452090688586,33.0628799734414,7.13573128070704,2.938039288373322,bundled_calibration_sample
Soybean,574.9264929272365,21.145122620500423,53.99042096382797,27.67444466237622,59.96943102582132,52.50237400493804,7.910836132225673,2.701775350377153,bundled_calibration_sample
Soybean,582.5615014072524,29.009332213603468,79.69772826554116,52.79879378538658,42.69466751719186,28.040037118990462,7.0121301150842985,2.8879061153428407,bundled_calibration_sample
Soybean,984.8978490075058,30.09982091228445,63.91723550595696,37.421509624020594,15.556980062480637,18.049171699556087,7.5529600236269765,2.757693438386072,bundled_calibration_sample
Soybean,957.9435479324612,27.893941885242576,56.74298352368375,36.972815164607155,31.432319711004958,45.395356260251305,6.472844701982185,3.056589101109962,bundled_calibration_sample
Soybean,1031.5200590497295,24.610904100488828,53.70998496370879,46.153130607289995,47.00796234640038,51.21369888188656,6.530650762918694,2.8265495733890007,bundled_calibration_sample
Soybean,577.2423403685574,34.010734074932394,68.50945936309952,55.408440116793464,31.03907490628919,24.524048844163993,6.057496362914926,2.681531159362034,bundled_calibration_sample
Soybean,659.7289652304271,19.322886657503055,74.3170994786287,47.03617181697076,36.55773292938012,50.935203899305584,6.173159620780408,2.8681659024064636,bundled_calibration_sample
Soybean,1100.1698537816992,20.778601287876704,59.74346669665088,39.768433535378946,44.97824644846517,54.030744738219695,6.210274047162744,2.9021414370615366,bundled_calibration_sample
Soybean,591.9590178157423,28.83855108366407,54.05382725417151,30.462858542459898,33.05256078183848,15.695543650951734,6.758794551534446,2.7610011667028824,bundled_calibration_sample
Soybean,620.2861230020806,25.696349233488103,75.3064565718604,38.646421221957624,55.57804169319823,31.60192107475893,5.8724127778313955,2.9572016144199527,bundled_calibration_sample
Soybean,501.41093187426293,25.60799185625502,62.534534860934734,51.78258264518192,28.50868728214378,31.035576073499968,6.4397289371553965,3.087644007304189,bundled_calibration_sample
Soybean,1031.780161229615,24.65130764588281,42.877585532847476,14.953231231609674,36.453785850588396,38.809081500046666,6.526282887254981,2.7295329304986944,bundled_calibration_sample
Soybean,892.7549707559305,31.774213316057523,61.08303703467687,37.096117101251885,37.71642187058128,34.09489131513428,6.4511897902675015,2.999717840681103,bundled_calibration_sample
Soybean,912.8033644850478,25.765908215359,69.94288433980329,46.35976922577822,56.900097122999185,42.63897012980759,6.299306836841578,2.9433811779083943,bundled_calibration_sample
Soybean,571.4310441300212,19.558899201632777,49.65387254333409,46.80468857971293,49.96095419600456,42.75265860935599,7.082148046083019,2.958934774610939,bundled_calibration_sample
Soybean,603.5938419011419,31.932699480318966,68.35290503847303,18.23469780362133,30.324720777271978,53.194642736189635,7.445120995171082,2.7135173832857613,bundled_calibration_sample
Soybean,991.1463536101373,26.03489810787986,63.806790826022606,25.832371002652234,56.117604209496676,20.13175410813679,6.6789480786627875,2.796140825495004,bundled_calibration_sample
Soybean,647.8483820429284,23.832275768659706,47.533232166323,57.599933093793595,12.105620690470843,27.236578969265196,6.311755707872331,2.845134580160454,bundled_calibration_sample
Soybean,681.2835716159644,28.880767062632223,53.47012927697904,36.590688449839995,33.10588626387221,48.28084878701419,7.2104686430671,2.9046484464109046,bundled_calibration_sample
Soybean,662.1668159790354,27.80428786462649,66.24221736364562,28.102172426816164,36.78207462993398,48.055278470558235,6.976844085663204,2.842061546127768,bundled_calibration_sample
Soybean,644.608430586016,25.890508302667037,54.74436972899818,33.925871146416334,45.28943491839662,33.43796006556754,6.587471032888737,2.992616307774567,bundled_calibration_sample
Soybean,829.197345563342,27.984678121960062,58.89607421859655,41.582227848906015,53.92301086573054,26.68333993528442,6.648269968028628,3.013590209301014,bundled_calibration_sample
Soybean,642.2254607364687,26.012497788232565,50.2748399226024,18.255038997068198,62.1890084987851,44.619778899112276,7.266452772238646,2.9873806442724313,bundled_calibration_sample
Soybean,575.8091011257568,20.901431950689716,70.5682611837198,35.91078622232806,61.02010039108195,47.13594914444072,6.2578905168449275,3.034437216094981,bundled_calibration_sample
Soybean,722.2800201076512,28.9883695411388,68.03100708750051,42.14128599372522,49.20218015578834,43.94179079299757,5.432515011953626,3.125046991971409,bundled_calibration_sample
Soybean,632.7505979170618,30.81558775734499,66.85520986293808,46.620223493598075,16.63283209691828,47.22910712360255,6.912873889661779,2.978476484953542,bundled_calibration_sample
Soybean,713.0715474826096,22.994882340439172,54.746248133016515,45.12560213113197,40.20901987196202,19.29261739801473,6.441739327372588,3.058694967241955,bundled_calibration_sample
Soybean,756.9752614723857,22.871658827947577,81.81584289920865,33.337444086826864,33.45294077070694,44.5066497503032,8.24920497760764,2.7697011391899458,bundled_calibration_sample
Soybean,827.131612468426,27.226480315443528,59.62090536025598,33.57733825573229,41.86727405713226,49.61117439922405,7.077499145255166,2.9973923264348126,bundled_calibration_sample
Soybean,1015.6869503954249,27.027895630539636,54.82732379957402,11.36840186300638,48.06635307835509,65.13832639930982,6.166008480453302,2.5593178802360845,bundled_calibration_sample
Soybean,775.1390955960236,20.649283471622518,61.89480403159177,28.861797069426657,43.51507332356427,37.400140808860236,6.75311303550596,2.921512236158336,bundled_calibration_sample
Soybean,705.7657357305234,25.791396020264187,65.86860743308993,42.03062102912394,56.777508506734534,42.890856445302546,6.61058649358542,2.846503428837939,bundled_calibration_sample
Soybean,403.00488747762205,27.50123527077036,61.47126342179401,28.804008866820986,55.274686983834194,44.611704696855966,7.721762176190434,2.806291797457666,bundled_calibration_sample
Soybean,1071.6161223436848,23.10917897050031,66.65384316377519,42.01941435102697,38.84429780489776,32.67690424351065,5.702386806793587,2.8270457761971732,bundled_calibration_sample
Soybean,782.1602691082238,25.77612395174757,51.880246321152924,36.97991630838703,48.05653245236557,21.16341246311907,6.9104588771837445,3.097172767052135,bundled_calibration_sample
Soybean,727.8902073872413,31.61966562617991,42.836893729465615,62.95428821108314,57.03027371151205,27.70530663730083,7.004008586946022,2.6367741882927787,bundled_calibration_sample
Soybean,523.1015729312725,24.900670498462038,64.81507620111445,23.113335854949025,58.92040125978971,17.780853778890727,6.944904075108135,2.557855825878524,bundled_calibration_sample
Soybean,599.0016582700957,28.08354184794775,37.658319264206085,50.91719801426008,55.86742168847212,31.96253501302446,6.424911185111045,2.9708655070317196,bundled_calibration_sample
Soybean,624.6635440589833,26.711963927862087,62.324412324251746,26.58689944642716,23.17799820834473,30.061012090581464,5.826752639881205,2.777110153840165,bundled_calibration_sample
Soybean,758.0084728023629,22.400127766040487,59.64002868536302,37.95317831415889,9.027205751026003,22.093606561491526,7.499087569247862,2.7605942310234965,bundled_calibration_sample
Soybean,774.3373172448894,25.155198362403283,55.96611642504589,46.22124351252218,43.41189830379616,42.04545540341938,6.8795307238730246,3.067469282554203,bundled_calibration_sample
Soybean,804.3704352229091,24.8014084740952,50.49527971071185,18.036528569546817,32.43410736290262,39.8132457214549,5.05658822979917,2.912280783372961,bundled_calibration_sample
Soybean,689.2099168684374,26.23998215923107,59.39937483127522,19.841335912407022,20.403329880786785,41.885821692838604,7.520193753338889,2.9592334235003785,bundled_calibration_sample
Soybean,983.8875783809622,23.222366773528595,51.84542509568002,32.8685110753082,33.35129387574844,29.409552423984525,7.420627553090695,3.0630581169644087,bundled_calibration_sample
Soybean,952.7696810686973,26.231198670460596,57.04958068718473,44.75556025166457,65.55999629907163,22.703540773882896,7.063693266338891,2.90019816281146,bundled_calibration_sample
Soybean,750.3455569357984,29.086590261380316,60.883049935240045,44.54467331513423,34.30205268884301,46.04322339674223,6.869368725121937,3.097784206458726,bundled_calibration_sample
Soybean,827.0903695856447,24.01370825788744,52.722652453246695,31.342894354324713,67.04614269256919,32.713048460985746,7.198461764026388,2.9303419521643885,bundled_calibration_sample
Soybean,986.6309806057839,25.03775578925668,69.36237463108526,36.18556045665841,53.3078335783707,42.04573453077007,8.372227738667261,2.8398838484923585,bundled_calibration_sample
Soybean,729.3193738783203,21.21148605746263,58.584960953622144,34.46818360754167,39.65525785301937,42.60230246798756,6.255558639957564,2.932874413522347,bundled_calibration_sample
Soybean,917.3037081629362,21.601822859398673,51.28102063132488,29.703338285959184,54.29248688505247,45.86494777659851,7.271715286559984,2.99724202670668,bundled_calibration_sample
Soybean,662.8939986003737,20.525601398996564,60.283640823414736,32.678494364868115,34.18635699421071,33.43397664612458,7.271557172293643,3.1859762440849786,bundled_calibration_sample
Soybean,614.5199926685575,23.391357860894974,60.6885451113796,52.77359331117894,33.11104833540865,42.09934441391172,7.150703982719805,2.924640839178158,bundled_calibration_sample
Soybean,642.2095538479582,26.896499521515523,68.73020414177407,32.1989878994921,60.1591888246961,51.70345292985377,7.190075256065083,2.7118208028013235,bundled_calibration_sample
Soybean,609.6011844538019,21.56163686907336,65.23854580928833,38.900471631661595,44.80021104441808,68.32211728597726,6.591355924094978,3.005366995269929,bundled_calibration_sample
Soybean,532.6569677426875,25.36236026234141,65.7344080467192,59.6222038853105,36.0753818860946,27.622555661822545,6.312134272470276,2.8586409881609574,bundled_calibration_sample
Soybean,454.7894750571114,26.16817426222338,65.92140525747503,49.498572810650266,21.83131575643492,23.6755608377718,7.282165107946854,2.6233210114536227,bundled_calibration_sample
Soybean,345.6177692550712,22.929917704424973,66.43595944944062,55.358900538905715,30.174345987666225,27.11572117747953,6.7062109541539385,2.6260810605368015,bundled_calibration_sample
Soybean,775.3441831739773,26.46109103655574,50.28322516651143,49.884643100711315,42.56759133201683,15.605831537339693,5.870456129443687,2.9355496824165983,bundled_calibration_sample
Soybean,670.4149731557036,28.26237963438821,75.73013316169785,52.52832101878998,59.945310053300425,53.438111217353324,7.81224931301707,2.858110323170477,bundled_calibration_sample
Soybean,639.4815981443663,26.930141629555624,48.97822546321447,36.161416910915435,24.55564128435548,50.95243460900522,5.635237715402835,2.8705731843711266,bundled_calibration_sample
Soybean,576.2858061781781,27.687744483006384,59.53845016431658,41.15171511425853,48.78463538378792,47.24270485510071,7.818432497370797,2.9795959017648252,bundled_calibration_sample
Soybean,902.5428306603544,25.98906038424874,58.130665533718584,40.29107606394257,39.52042077733147,42.21486129719812,7.0669780887309726,3.3017881976591217,bundled_calibration_sample
Soybean,635.7999576561683,28.239654373066767,53.942473399303374,28.81520881679534,47.64204453068288,26.48557234405477,6.284479526910125,3.0220134317874874,bundled_calibration_sample
Soybean,1012.1770987404088,23.859243294505976,55.91279761517414,39.8519515188273,17.889670598167548,50.04916391766306,7.9978464040429,2.6642587677217406,bundled_calibration_sample
Soybean,887.8922105003701,24.422522601490687,66.16276911457744,27.02435760426897,33.40893637279577,42.797368985850206,5.9830773567693045,2.799246389626014,bundled_calibration_sample
Soybean,816.2966500314415,27.494712505572455,67.67836437030255,27.958326528540542,29.815230671568486,41.778528314630286,6.951571649581233,3.0646717457232593,bundled_calibration_sample
Soybean,660.8839418148284,31.599414242990218,51.31166114729407,29.395052611833847,43.699317908399856,35.84838445940409,5.610287985557866,3.0359911469137852,bundled_calibration_sample
Soybean,414.89173522951324,26.9715160094209,48.37078536792006,50.21452381316801,38.49804783938181,37.89887544858094,7.229927728572409,2.8495853328399674,bundled_calibration_sample
Soybean,670.2700035922247,24.504905930322114,55.313107672359266,38.65642257031365,49.49165882960546,30.53018930405881,6.544512173758377,2.793069604280053,bundled_calibration_sample
Soybean,706.349457921879,23.203191247996457,61.05964361920726,59.56954259858845,31.71281752791306,31.861886413620688,6.750876352791856,2.8420565420446935,bundled_calibration_sample
Soybean,719.5968223235959,25.196163428522965,59.35855690180608,31.613655680843003,44.10828629687295,48.65427418597932,6.371120155332735,3.0002812664060823,bundled_calibration_sample
Soybean,778.2317480195516,30.01102400587113,71.89207470257801,47.004951777174114,51.32516533996417,42.89948146382251,6.433887410704585,3.1034892464814297,bundled_calibration_sample
Soybean,641.9242961890395,25.1247143931158,56.35863292249537,44.783615941809884,18.32168863375069,49.83809979952095,6.00793732206921,2.9853026975250336,bundled_calibration_sample
Soybean,1093.0421921862421,22.437624579549283,65.73069506232561,60.34111455774164,23.072105356924464,12.942018229245836,7.470338162279945,2.6974579111115933,bundled_calibration_sample
Soybean,745.9579211062878,26.600541851962536,55.37322865323373,27.96635323499799,39.712071757007216,24.808658629469456,7.004349540506275,2.999039918546384,bundled_calibration_sample
Soybean,1113.154646823515,19.488656797822074,74.51286176655759,40.89994278491583,32.06053806807007,30.725356736879156,6.2049553276080145,2.9529204513599256,bundled_calibration_sample
Soybean,790.1135042483717,26.498176205915183,58.936728844034896,38.60518008377231,28.325398843959142,20.588129480170952,7.153028339088421,2.7869266024130273,bundled_calibration_sample
Soybean,789.7365139337004,29.332662193936688,70.33169455270603,6.013649456795669,38.268422649639945,35.18934107039715,7.208440584650189,2.9470083341501314,bundled_calibration_sample
Soybean,849.1632823874719,24.84286686456098,56.3453997333019,42.90948272934329,42.72353509383429,9.671024444546628,5.771565349347241,2.6505821242984644,bundled_calibration_sample
Soybean,958.4446098874275,23.924029410432976,48.86427801675024,24.067028349622642,48.437107860496035,28.408634541690184,7.351453405806216,2.6849043983119643,bundled_calibration_sample
Soybean,932.6854153325943,28.201350115931998,52.47328100981746,51.00696037688143,37.74146619991882,61.83907342761984,7.491225611969241,2.939297919420402,bundled_calibration_sample
Soybean,548.3370822780863,25.712521022648883,50.439697507549596,33.80185676343497,39.87660974012521,53.10182657571373,7.12603015989336,3.148394378018934,bundled_calibration_sample
Soybean,712.8211023772243,22.51778841581816,50.02801491181163,57.93902861458494,48.373850214561756,57.28380908265963,6.469795793055171,3.0252854661916646,bundled_calibration_sample
Soybean,797.4092495805735,23.354670878453256,52.43185663532128,52.37073612318005,36.265707179640074,34.140517429215706,7.132814933516526,3.136677787584872,bundled_calibration_sample
Soybean,827.1943907262074,23.730657422090754,57.94656732637305,47.73954813853541,27.247882608039816,28.50691196061132,6.559890531087621,3.0715599392628192,bundled_calibration_sample
Soybean,838.2022590883727,27.42439633550766,47.82572618874519,38.80607913321875,38.75591050124685,29.887096545770905,6.186579038167323,2.893025148194605,bundled_calibration_sample
Soybean,804.7509132963332,25.44035261067265,58.33874975087674,54.440545237033504,41.22756319335135,26.86593562140137,6.668742461041882,2.971467179140928,bundled_calibration_sample
Soybean,818.491521234926,24.97836877063252,46.90069720451082,23.621520395168,41.60729851704133,23.737879778709186,7.082911760461057,2.818005014381143,bundled_calibration_sample
Soybean,666.0876533660279,23.950812652213877,52.92586522702693,54.23407029215688,28.220414076735864,34.36822437385468,6.227809018931923,2.7411796386822758,bundled_calibration_sample
Soybean,408.21991485071766,24.6720031383075,66.34100200089141,50.83563781412866,49.25975719026891,36.56352630752481,5.593833764958482,3.0207393537998746,bundled_calibration_sample
Soybean,954.1185971326076,23.213472751705183,68.5675670695658,28.59478350952819,49.81465277674506,47.79418833160709,5.751686238519083,2.9982499387379757,bundled_calibration_sample
Soybean,604.1646339518311,24.47193911114,52.70958812496893,49.14868252462057,55.84566659650738,49.04230292863495,7.772231685302103,2.7778415694153007,bundled_calibration_sample
Soybean,385.8488774117981,27.89966552129903,77.04026881003772,39.35494902117026,49.07104763226149,50.900849170806,7.125776315051162,2.866651505724221,bundled_calibration_sample
Soybean,686.0665514009936,29.207144853436063,78.09710455064422,46.81818690661163,54.28880949167791,39.7405270574205,7.202385176706458,3.0693943791518192,bundled_calibration_sample
Soybean,980.1962088282824,31.55439522886723,60.071511546271125,36.315073892682165,38.125698298994465,36.79750506059553,6.383488040872419,3.0237048239348185,bundled_calibration_sample
Soybean,631.5841928486132,21.54110027766329,61.12228256923381,16.0958001803028,43.982328068908416,39.75310344245708,7.594212228674046,2.8591605454016262,bundled_calibration_sample
Soybean,660.1365636758311,27.339672475233957,59.25947071214713,66.21301087795844,46.77732571641298,12.38479504304738,7.695098719106684,2.505763668808143,bundled_calibration_sample
Soybean,816.3055811265135,29.697510054622146,56.79372613840587,25.924827573556648,49.78725790822695,51.75975789483178,5.7045936271082835,2.8890012013669533,bundled_calibration_sample
Soybean,562.7950821620674,33.355662540959685,62.904378472181946,48.31761763313435,19.577049368239326,32.21555193199812,6.422291121843618,2.6660551195043585,bundled_calibration_sample
Soybean,530.3858134326558,26.511021989059195,77.44832697230584,24.876156957654427,46.88673733774971,25.366952746341383,5.157147631552256,2.782832852611204,bundled_calibration_sample
Soybean,746.3781043959234,26.59383567142125,60.625772845286235,42.30927567739469,37.87019626007477,37.33337181912402,6.108190111286087,2.9190458637868115,bundled_calibration_sample
Soybean,750.1516484332271,21.619071809666675,63.99407057413923,43.43047586208801,68.48727883151349,28.9717097514593,6.542118444472307,2.689111151492982,bundled_calibration_sample
Soybean,1223.1201450460117,24.21385746749251,58.28998773827058,41.90673231546718,55.71174246450773,35.40234150943292,5.822670171457852,2.992003496845397,bundled_calibration_sample
Soybean,826.7583556533345,22.184144419941266,59.10026917238415,53.96777878590748,57.270217790983025,60.86333480635754,6.9178556006672896,2.814465882687321,bundled_calibration_sample
Soybean,1029.4192669925962,21.64211723160358,64.53716263277704,52.35323713613005,53.18614176712731,67.24498906323288,6.484954044546242,2.6271411010252277,bundled_calibration_sample
Soybean,617.8556683390759,23.182535499827768,63.11950482805248,32.612218398959484,28.373819049880822,54.791032085381374,7.623701247943865,2.868381768810203,bundled_calibration_sample
Soybean,791.0244037233822,21.94150291968538,68.18987815948992,29.578907005251388,25.794898171741494,30.04476555122269,6.52702527986813,2.82353822214566,bundled_calibration_sample
Soybean,1041.2150780193851,28.396158719401342,60.833272834711195,64.09609980085384,40.92500101696082,50.345012315510004,7.197117737865046,2.957081367033995,bundled_calibration_sample
Soybean,720.155915218945,25.383428668100215,66.02770943698432,15.86606751732242,59.73507533184147,47.29567492969721,7.3923658489831565,2.7367742574812484,bundled_calibration_sample
Soybean,499.76720896027854,18.50328986229269,63.46867945420341,37.03225666172559,25.834711480397132,56.206232806157885,6.650036229041977,2.9139741088198754,bundled_calibration_sample
Soybean,623.8570188327114,23.17890356357283,61.36221791863445,24.29287498326179,30.764512899416076,37.28044519772473,6.859535195068795,2.879135491597232,bundled_calibration_sample
Soybean,627.0997454653686,29.32901090683978,54.11180698803358,30.577527029733794,34.47095349267638,35.060190205502956,6.621271945974035,3.0860413035969603,bundled_calibration_sample
Soybean,590.8981975014661,23.747524741455738,69.61632949307622,38.392735540841414,36.37211628529519,43.94977139011485,7.305797637684642,2.8853096030711334,bundled_calibration_sample
Soybean,717.9898129338858,25.89881558741902,61.89060213071724,37.97014500407417,45.27008151727619,29.607312506782932,6.592792157097533,3.0001820335639855,bundled_calibration_sample
Soybean,802.0205240510676,25.42069437076935,45.508767108478736,45.53493964725977,25.457906414157843,45.93163295099363,6.534204772963522,3.0545770551305327,bundled_calibration_sample
Soybean,739.6858291688948,23.448992512517282,62.78468638798514,33.29490735656674,48.48812089365491,45.718016506299584,6.070752549867145,2.863822401660854,bundled_calibration_sample
Soybean,517.8115581701277,23.313159965772208,81.28236178462362,51.0320706600397,24.217586969843154,41.15928137364403,6.914528097764281,2.7694974635342624,bundled_calibration_sample
Soybean,844.2736231641987,26.58401496920671,75.5578774121542,36.42259286055159,31.226346378381464,22.33685571471408,7.303283903955499,3.1171291268271135,bundled_calibration_sample
Soybean,415.00034281809513,24.207104051773925,61.24555093568329,42.533356839908706,52.84730127126802,65.246623038058,5.980460760456617,2.6311204400863946,bundled_calibration_sample
Soybean,809.8319695527455,21.482362574303725,58.59725470059364,46.3761805993707,27.904231907776555,38.146506599336554,6.76360091881767,2.860248306852145,bundled_calibration_sample
Soybean,812.5302703405837,22.426940528858974,62.942855423255054,56.67982534730682,58.52047569318948,30.794097898425537,6.320496668997576,2.818286726906734,bundled_calibration_sample
Soybean,828.1234729225882,21.400559678925024,70.56569410044582,50.51324513047398,48.40968339733448,29.449266958915302,7.23376695971287,3.0811780966873474,bundled_calibration_sample
Soybean,771.4203134909787,19.784413763939252,60.358963930832864,44.40159432870414,52.160232637992976,59.867583468867835,6.174566010896518,2.9107194456700793,bundled_calibration_sample
Soybean,900.2072872143573,26.100494684266103,62.55366986367718,25.720036897502833,31.229373087261642,53.79340009536821,7.362708674232635,2.8498914508647957,bundled_calibration_sample
Soybean,577.6928884630513,27.878666630328986,58.34914818805405,29.358001462916057,44.90380202923103,21.04765822355275,6.113531615523951,2.737350136632128,bundled_calibration_sample
Soybean,513.4633310146004,24.18110681389023,46.72062428557836,30.83496882180345,38.17446458706815,58.25473008766846,6.855235471798481,2.793282861304631,bundled_calibration_sample
Soybean,624.8209480106854,23.869422481705005,47.8044984242745,48.36723528534769,46.455890533325075,35.58894672744022,6.1046698021123404,2.9151414560143656,bundled_calibration_sample
Soybean,674.5568915583913,32.43599557546739,61.41965128219574,40.18722356737877,12.475755234079724,30.101724422028468,6.227835098328455,2.8370492411979913,bundled_calibration_sample
Soybean,482.7718566471139,21.20090917418289,64.96785496198044,23.328368669687624,48.7958238068082,32.707896820146786,7.589770718011672,2.964949741483145,bundled_calibration_sample
Soybean,616.4367409838619,28.15708769467609,75.81105611761495,42.2835527620477,36.52776194321344,48.567857142743016,6.4015159718083146,3.0636939966761214,bundled_calibration_sample
Soybean,910.721121950505,24.481072727021346,46.115873396523526,25.10297973695472,52.523959349201654,19.873930863631074,7.722647561290295,2.6839907666660445,bundled_calibration_sample
Soybean,487.3807256653528,23.851072857703276,69.34078326295966,41.89669225295737,41.07317307058457,32.04181663189915,6.370009008286075,2.9666475728209414,bundled_calibration_sample
Soybean,970.8668000893374,32.12094779202471,54.99915395442801,19.023617001077636,42.41606375867155,31.64566829868551,7.165425503356721,2.8529233229310877,bundled_calibration_sample
Soybean,912.3003065659292,22.226682912753773,50.371950557259915,57.86177799848397,50.262709434562304,34.322657197847036,7.234335517416312,2.900514610834432,bundled_calibration_sample
Soybean,650.451532331077,25.077612082766333,40.17071658243735,43.47660421491463,40.99644715688321,77.40924705743086,6.946375168423258,2.7944933881399936,bundled_calibration_sample
Soybean,602.0907785052702,24.380864759118708,71.56888688170083,42.08420683720883,38.22009960919633,45.21364678876944,6.336070598544907,3.2300889444821377,bundled_calibration_sample
Soybean,483.1637355818998,27.318001358095646,48.93612234388712,20.036601821098145,24.189363157588225,45.6591097271331,7.426120859913285,2.7850760942130157,bundled_calibration_sample
Soybean,976.230733749023,30.09514945607591,72.04165925552553,44.09197451147394,62.21682553486707,60.35953368991798,6.368751981593503,2.7332110027753,bundled_calibration_sample
Soybean,940.2753579452879,19.66726875185251,59.5093683469497,25.696261724954166,39.862670681474505,18.09423607483393,6.770106306004266,2.940187521662356,bundled_calibration_sample
Soybean,846.0077404849858,29.505419778472874,76.71566063028432,46.8549848484335,46.58974217967073,38.401170436109105,6.8802637320215405,3.2082056774464167,bundled_calibration_sample
Soybean,736.0664110411064,18.86681806820727,55.933775100269195,38.951067387610564,33.246856317211325,31.143382417824135,7.28746573563943,2.829244637373017,bundled_calibration_sample
Soybean,740.7482844250783,24.07259529393288,71.6991252209552,50.559866676529055,19.703131941740917,52.527434173690374,7.031225995720752,2.6509871562409932,bundled_calibration_sample
Soybean,512.0811415074196,21.91186094163711,78.52335272320157,59.30459285160239,41.31068717010008,44.684966333839924,6.445649203525435,2.8618027011084095,bundled_calibration_sample
Soybean,641.085714045586,19.67943132784266,50.044301920426705,16.79207483830997,56.40750154405316,57.23869353418253,6.764725635054252,2.7327348504229816,bundled_calibration_sample
Soybean,888.3097335191419,21.637817856684464,52.256408690354796,49.213665360296275,25.321258434796654,26.442744990370294,6.869520589697772,2.924801130871481,bundled_calibration_sample
Soybean,252.85144468665032,22.59290967236477,79.36770061862374,28.92277209865759,45.1954020235096,53.46334220513397,6.572628953223948,2.6510561363363805,bundled_calibration_sample
Soybean,692.7911721122459,21.28632404396385,43.56406568890668,31.44213122880068,31.815607962843963,40.65222849757459,6.949536606802942,2.9364398594503283,bundled_calibration_sample
Soybean,812.9421412430614,23.969099859664265,57.45480217453639,38.3673000879985,36.59483056438913,50.15261127588346,7.359447141874695,2.9193800665532628,bundled_calibration_sample
Soybean,918.8400229911246,21.477319281638234,60.97896241770121,27.328776508434252,20.771596858523633,50.2856864082443,7.2353975521978295,2.7922672473406815,bundled_calibration_sample
Soybean,1170.8052388452486,25.20872951065023,56.547211600562775,32.939766726088436,46.82371610148322,58.161535228387436,7.48430104843905,2.7814194399220957,bundled_calibration_sample
Soybean,874.1532127341668,26.469891028196567,61.04610676824253,39.92622849960935,57.23103548677361,34.256066422865324,7.451288738845465,2.851696175884883,bundled_calibration_sample
Soybean,407.84309724100063,23.696178597844206,69.14562189458391,36.591617248974494,74.65951609558557,43.4442299848235,6.435033033492828,2.86001776729455,bundled_calibration_sample
Soybean,738.0090879273929,23.34834170955261,58.40341832545936,39.79454710157548,48.33565632932147,50.43277047981364,6.830571805718262,2.970480868563661,bundled_calibration_sample
Soybean,957.2301045842996,23.453775042403738,71.56396955325066,33.727026401833136,27.40978061716427,23.43899117511968,7.28590977526545,2.925219394036608,bundled_calibration_sample
Soybean,704.9146932173394,27.00702115693501,37.58473249501566,32.364402809173285,54.37690071545943,44.16743452731801,6.016352209264062,2.7866962208191035,bundled_calibration_sample
Soybean,766.4512515558753,17.858169907466735,69.14578576518853,39.61323484914064,38.98503936232495,47.00825962566684,6.069497382985938,3.128475100973124,bundled_calibration_sample
Soybean,950.1115956787417,24.22156851181892,73.84696911551757,42.87092330574829,26.14057688447557,69.50036436496418,6.271000722747681,2.6595713172418107,bundled_calibration_sample
Soybean,654.1591714669006,19.184145799017717,61.34430876105003,45.403768295396326,35.68505392474637,25.951488803275083,5.971894517637113,3.1014330893609925,bundled_calibration_sample
Soybean,761.8574299653147,33.31488633213711,63.5637886588476,9.532836076883214,62.475326827390305,37.89245350019833,7.301012324303642,2.7536697374519887,bundled_calibration_sample
Soybean,937.1679545002704,19.97318969014335,62.78931889616975,50.65570784317822,42.38990352085748,43.928785638530265,5.6906930655472525,2.968101187872521,bundled_calibration_sample
Soybean,967.2699668610098,28.425003734378937,64.72476381219985,35.85421971090626,39.46833583768369,7.295700457086156,6.099496650182919,2.7626379027521275,bundled_calibration_sample
Soybean,769.3778739852432,28.242893146694605,60.768343879733905,42.7256070129133,34.99756684259898,36.457633398520755,6.063268717872802,3.109617284897675,bundled_calibration_sample
Soybean,496.4110708891982,30.979607081381367,76.32378965567636,62.41542187240552,63.643483550933524,15.860416225126205,7.16291970373923,2.488502166116067,bundled_calibration_sample
Soybean,820.6108820418148,26.230538102647337,59.438983461503334,49.67087620188443,42.45194352312902,35.610974394797594,7.129089894331169,3.176828478192594,bundled_calibration_sample
Soybean,653.8642455544615,28.46606958652957,51.36763602230677,28.147590724629428,38.49253728685996,40.368675676591735,6.6544503427288415,3.149685152345472,bundled_calibration_sample
Soybean,809.313472388001,25.441898048123985,54.27034267535162,45.40478495940457,31.347725999582835,33.0739725825957,5.853851037605034,2.9084424325090388,bundled_calibration_sample
Soybean,705.4908535204952,26.177924859177303,40.830445904736465,36.487974095627415,22.39174671362787,41.919203771630606,6.612841276201811,2.77090549998717,bundled_calibration_sample
Soybean,679.4620564696775,23.664497371911384,60.05243332530253,23.364389098845425,43.65094336788483,38.667612504815175,5.960502225763198,3.079169267792281,bundled_calibration_sample
Soybean,535.3235530725816,31.37380253333467,57.816917097313755,36.099378339413434,42.27268809346686,44.635894198891464,6.369294004468431,3.0201806269337266,bundled_calibration_sample
Soybean,718.1615735035011,26.703072231388095,58.02828806720617,54.21284419869312,28.253224460000823,42.99382728083648,7.229149183162847,2.7722966096954553,bundled_calibration_sample
Soybean,943.0204528504632,25.49291242824726,57.07438914553053,51.75626578208612,22.25042203141171,48.132531314720225,6.968982560412849,2.7579625073083864,bundled_calibration_sample
Soybean,643.2899495852522,25.28591222310265,47.33010279140208,54.4146062845683,66.15588759177338,41.9873840252393,7.323407700976717,2.875665425465572,bundled_calibration_sample
Soybean,791.3894438514735,25.4322108971561,52.63549213660743,31.774093446468534,50.973725775229525,52.53302459957779,7.260350655171873,2.7900993017175026,bundled_calibration_sample
Soybean,992.9086352008671,23.906627994586874,71.38338291922085,37.501610701475826,38.064181934655075,47.88051105228304,6.794130073447026,2.97872257937881,bundled_calibration_sample
Soybean,830.3375721261873,27.4657236580996,34.70213625125554,42.315572297354386,35.850558443065715,36.326180147018974,7.441514718569787,3.073922117937058,bundled_calibration_sample
Soybean,953.3206550831846,25.75656563368486,62.62136483148291,27.87426442647238,36.843084322870226,54.76364008645589,7.00600575208464,3.083205852254279,bundled_calibration_sample
Soybean,808.1154847992622,22.897288312438302,50.12625826130815,42.64538332836822,44.98076356752672,30.01269707828491,6.8057251531326,3.190717317853092,bundled_calibration_sample
Soybean,796.059312241613,19.778660039400926,69.83267482888746,45.93585506890066,44.971135598868585,51.73365354419238,4.5216357143438515,2.685530821387956,bundled_calibration_sample
Soybean,291.18920725328013,27.463685870763978,60.31045597213907,44.254427700669055,63.6801459400741,36.76189820312366,6.756740725108997,2.9026422783754517,bundled_calibration_sample
Soybean,660.6060113351891,30.418351975943555,65.31393312699714,51.40715695686897,54.55901438276118,51.663169799998144,6.51899315783461,2.746600976377462,bundled_calibration_sample
Soybean,766.8006858961832,20.425428144085593,51.03759294568263,56.17641608848632,59.098906721557796,31.950730004820684,7.392673044182724,2.865779398965863,bundled_calibration_sample
Soybean,629.9802078175766,30.604568831717124,63.42539505484184,47.52114627662015,56.060326855231295,42.10835744079894,6.067421193973467,2.9974913927584934,bundled_calibration_sample
Soybean,866.5366909023932,24.140054112583286,63.62119930626278,33.28359010153623,52.604471437650496,46.81663698748552,7.3786288385179875,3.084647649151544,bundled_calibration_sample
Soybean,742.186721024215,24.305427076938653,65.37744298222289,62.71563035336905,32.305303726027226,29.901792566266437,6.688099469842925,2.697474444419349,bundled_calibration_sample
Soybean,933.3156292740659,26.47227529584486,61.112803712192765,37.18958834097143,55.2567651977771,35.576087690672864,6.478405844390371,3.1546139655098115,bundled_calibration_sample
Soybean,1039.1966850010683,28.130616291727954,49.94711622619208,40.491024053995766,29.5151425807569,27.57015600936232,6.588526414904508,2.9145339033097866,bundled_calibration_sample
Soybean,603.7936236411597,21.647321558724645,61.420396751329065,15.189551352773567,36.95260323177287,34.068567723148234,8.031021099448763,2.786084044232538,bundled_calibration_sample
Soybean,1164.906740795574,24.961681246072096,51.92121534793512,37.30578758029844,40.76100683362704,39.931017858687824,6.749373309043043,3.085487647913981,bundled_calibration_sample
Soybean,545.9269050829547,33.67933558253099,55.8711982775755,42.090896319876364,33.60133156365204,63.934735183796505,6.875140296380769,2.66090455532843,bundled_calibration_sample
Soybean,697.6216470032807,25.36746216362614,46.291590899545966,42.6336883099885,10.331422569015771,43.553384129218855,7.335864439876504,2.7644862586094963,bundled_calibration_sample
Soybean,299.13634328687397,20.965354595042903,49.639752597214546,46.10880995497946,35.74016168755859,48.22764372775608,7.04006060498809,2.9096796854002163,bundled_calibration_sample
Soybean,599.4135226031478,24.842651750210354,62.70678848123524,44.99433022051748,47.626127879682436,52.84508997979857,6.689274247860838,2.8642911757256977,bundled_calibration_sample
Soybean,707.9638858782034,26.938978685171442,74.91882161112737,40.288760093856155,50.57646081521162,58.274667144286305,6.982224285437108,2.9286006302239747,bundled_calibration_sample
Soybean,849.8243967000537,24.31964237660531,81.92486553871046,48.74431764625911,40.08187132488654,40.912125012647195,6.874101450908139,2.8006168407892145,bundled_calibration_sample
Soybean,816.0138292208583,22.597433012395843,59.081533243495414,59.57062434005448,32.22754039323675,45.403971154144344,6.4917435575554014,2.7485614413761574,bundled_calibration_sample
Soybean,978.8421390732651,25.11698367860946,44.067205773196974,46.50989452996582,39.970235786451404,56.784393049686884,6.273736214197223,2.766147127881088,bundled_calibration_sample
Soybean,981.3557975704168,30.989274144437825,54.446448404649956,54.2074709055731,23.52253250456718,22.937551065627943,5.962003421392974,2.627080162447672,bundled_calibration_sample
Soybean,307.4929333614505,25.258958355792807,59.337031376640944,18.388639601697257,35.60480242559076,36.942404827289764,5.918927455344724,2.855940100869657,bundled_calibration_sample
Soybean,441.4512660089778,21.9485680918216,68.23297509667516,29.24598942714232,71.35667762352527,37.82773582002628,6.693433261267495,2.9663911579027844,bundled_calibration_sample
Soybean,910.0574604628416,22.003623171110185,52.1818539434036,40.13110344041865,44.12541967883342,60.73290830674284,6.810913527071602,3.15692449723742,bundled_calibration_sample
Soybean,584.2178181496881,20.162442014729343,58.537521117625055,46.435709231915155,59.94381430141637,53.88258415710419,6.751908324901911,3.035213270827177,bundled_calibration_sample
Soybean,824.2031185626344,25.712649257617436,66.60025117672132,31.455480046729733,26.12464572798482,33.24169998049395,6.3784955592584875,2.932265222297154,bundled_calibration_sample
Soybean,857.6657751220042,25.475959991599694,33.86806910207547,72.02597012995594,43.70617180527196,49.21034483855087,6.136812069352538,2.8498498136527854,bundled_calibration_sample
Soybean,929.9370716042695,25.22966302029395,56.620845666981175,37.30374345946728,41.643589926093014,26.649441534504884,7.166442426768712,3.057377801886439,bundled_calibration_sample
Soybean,1160.0379916785482,24.989832575539268,73.47234256357007,15.524159473575118,33.40122518656629,43.00733548431215,6.392229586885886,2.6323554158973597,bundled_calibration_sample
Soybean,846.5956396837863,25.62716045504411,71.96717720661958,47.389701119820735,21.374499125266606,34.55744825079144,6.066604673010546,2.9186514184651164,bundled_calibration_sample
Soybean,729.7570184181911,29.08693495547145,52.907471293021565,38.55643048387392,43.59495832303683,6.58659769073126,5.904236405341708,2.7090790841489296,bundled_calibration_sample
Soybean,830.9189923376882,23.882370750579497,48.202186122025736,49.02888955799075,44.250599031099966,36.867846725278966,6.606822472368874,2.905821181356541,bundled_calibration_sample
Soybean,841.5862396423794,28.888826682323383,52.42992235577701,50.350384589691714,48.64967239195214,37.251607121339404,6.941937802709643,3.1908470075356616,bundled_calibration_sample
Soybean,907.8075632536188,25.291681620276606,62.4507494693361,44.24301043092362,8.913221717219049,29.10193256618549,6.986775330557652,2.8316792261808694,bundled_calibration_sample
Soybean,695.566003245434,22.071300140002837,37.811110287896206,23.768830953173975,51.64465189432129,38.12211552509233,5.983985143781034,2.664764445285655,bundled_calibration_sample
Soybean,547.0497673251296,19.173716276634057,61.94846696563186,32.307021541497534,41.73744428799736,52.68819249517949,6.855325760680757,2.760716416848674,bundled_calibration_sample
Soybean,818.3169790429545,28.533713045650895,66.6855346072415,38.01434507644491,60.16711961954727,43.79782180521788,6.059308645102876,3.0559436081843754,bundled_calibration_sample
Soybean,994.9528922725137,33.1959778270769,71.59458510648486,52.048942267026916,33.88269821951491,36.08191188803666,7.485771631107693,2.954621931280717,bundled_calibration_sample
Soybean,829.1592966911578,24.641252003090436,72.52362603723697,50.67144869455106,20.710584871823833,49.16838254033071,6.229618048134407,2.751659527539193,bundled_calibration_sample
Soybean,908.7006394565191,18.812389274999088,74.61644914085878,32.177588496554186,59.03480552412633,50.743576856196356,6.204132823587074,2.7114172896509428,bundled_calibration_sample
Soybean,720.2478727790849,27.122924846906596,68.64792855105736,38.04830333987591,32.63437628107804,62.74403531255774,7.978031069022288,2.634713102680785,bundled_calibration_sample
Soybean,626.885322089482,23.0022365678803,71.98499249502606,39.26955512847366,22.064816373544502,45.79959519802692,6.7818499646080195,2.961347417843511,bundled_calibration_sample
Soybean,1046.023096362494,26.389387059743775,66.00784202205656,35.197978976766635,26.874829224333766,40.729019240430944,6.134299385882988,2.8415894587664785,bundled_calibration_sample
Soybean,1047.2408171540917,23.025239684421578,59.981797706391696,9.429551535389251,48.08560665226503,10.338477376154827,6.422736598956163,2.6347804765035763,bundled_calibration_sample
Soybean,1094.897720686671,27.86447568862072,46.974523318526636,47.73518469750386,35.90729486048412,27.72235615755484,6.304653320412061,2.7724049146108904,bundled_calibration_sample
Soybean,1122.7704766896627,31.687499529552912,73.68601827250073,5.0,55.97222504738052,48.28776373114694,6.512414917143983,2.735115284378263,bundled_calibration_sample
Soybean,585.7238711148522,24.451580532359184,74.15024832881632,44.02188049746833,31.202819766920168,25.666257352096494,5.580904426894971,2.923549572667703,bundled_calibration_sample
Soybean,716.5722830895477,25.666730950950384,64.83652951567535,24.947466787054324,39.02829506607559,29.219277619076365,6.702623258537655,2.802068626741706,bundled_calibration_sample
Soybean,766.7795010239686,25.58992187374217,80.29160374228829,29.83924525436096,35.303410878056816,52.491178901856266,6.9541908449207845,2.9920123539325694,bundled_calibration_sample
Soybean,671.1173237331822,26.272906926824213,63.34273729749937,43.44228820551764,26.81011539235452,39.63423565964414,6.921814986163137,2.9563098343501664,bundled_calibration_sample
Soybean,1061.0405570235926,22.395208560734424,70.44168365635187,69.89939795965559,34.47881688039635,31.309085684461316,7.53430502605541,2.7019967195145873,bundled_calibration_sample
Soybean,884.9364382147205,20.038404846156357,72.92467729962894,31.56362419346125,40.36823038645487,25.02871878740094,7.338272498210806,2.9544355792470234,bundled_calibration_sample
Soybean,677.1268106381527,29.75590164232328,60.240187472075014,49.098026699546324,30.02480293930988,19.74507530285981,6.796586024932184,2.860880299301537,bundled_calibration_sample
Soybean,976.0308198559985,20.6269115314046,57.967759676285134,36.082091652385685,62.67783452017932,5.0,5.988024780105498,2.6667072824026263,bundled_calibration_sample
Soybean,612.5441736889014,25.409955378887304,58.53961160932878,20.649210359329402,48.09925945177353,39.64167517311462,7.412621269002786,2.8017444418783417,bundled_calibration_sample
Soybean,868.2462853384401,23.08610048967353,55.428025487966046,42.64659066022582,32.21366680466097,44.19568513109282,6.325871464243891,2.9917445576010713,bundled_calibration_sample
Soybean,677.7166328720235,23.025979986926885,75.61770050832354,39.79545086298643,54.1424791654984,35.00535706103196,6.693143367395979,2.8273331847340137,bundled_calibration_sample
Soybean,701.6411676468238,18.559102609041243,37.35257248298133,41.348250747906405,44.39589616656471,38.09581490482783,7.982428894874329,2.8592002738753446,bundled_calibration_sample
Soybean,665.0698908237009,27.10540732432054,47.43455839631933,37.86717547002091,48.70474883616066,45.48327714231752,6.921108348080433,3.207199622572442,bundled_calibration_sample
Soybean,856.3048487590279,31.947145932982444,54.980183136717045,55.32892382407796,52.19213548548637,39.73576913929913,6.799418528452799,2.8734974043620927,bundled_calibration_sample
Soybean,496.4173976748901,23.090248978224384,51.369583200417416,34.08365473883636,31.337307035590555,30.735475858215565,6.8068280676605655,3.144591331356341,bundled_calibration_sample
Soybean,779.8727141994694,17.42809684985917,54.286703805030335,40.03265659865395,35.86150338615866,34.17634652843506,5.951897223075443,3.0468999130088443,bundled_calibration_sample
Soybean,746.0176710577115,27.5670816445862,48.02472438357324,29.70625721467406,38.837872408387966,41.32388940157425,6.9941719260187565,2.884670532175433,bundled_calibration_sample
Soybean,805.5957527326991,28.302803355931047,62.08103169463559,39.255192180819876,37.364258673373044,54.46344738220759,7.513544502847138,3.082692921825414,bundled_calibration_sample
Soybean,636.5405813125797,27.025299312148963,49.408816682326524,40.1515389951612,18.797179680481946,44.32396744538225,7.092720126896482,3.0452592550195807,bundled_calibration_sample
Soybean,300.9384557152251,26.544049183749447,61.89570252790732,37.72291143191927,34.221229149280504,13.867165398351755,6.841749292481177,2.6505345203266377,bundled_calibration_sample
Soybean,405.5374279402156,28.777400647899974,50.50895581246796,28.261088134298717,49.71031215439267,39.25690459077229,7.3584536907689815,2.9238239225509264,bundled_calibration_sample
Soybean,841.6649093961018,26.461010337018134,56.125898438674085,27.37804299261562,44.329552998723045,57.930055914139814,7.13315143688649,2.692224516542283,bundled_calibration_sample
Soybean,441.49787547900996,26.20275471033006,47.74901074473181,21.96982226075361,32.04150072585759,48.8757790970245,6.288924560913421,3.006145348218588,bundled_calibration_sample
Soybean,717.2671291920585,24.998263569338018,51.18605042632264,33.863602900752475,62.07075863055965,57.3129236785627,5.987370300577687,2.997867877907319,bundled_calibration_sample
Soybean,1041.3246265237112,28.12521954658792,76.20313950517773,42.26051709014977,57.37073599230756,39.26985789808468,6.614293818551039,3.0682264855263486,bundled_calibration_sample
Soybean,400.98692348944627,23.029219907869926,59.09066490860747,62.81509532059441,42.87101802351137,35.03614526873674,7.681797104578375,2.8070611141133055,bundled_calibration_sample
Soybean,587.5195041238858,24.11626040984526,52.87303720380576,17.009157422082982,25.966662484965752,55.98294507089488,7.568935321853178,2.8975189063270985,bundled_calibration_sample
Soybean,855.080756106507,27.19594137938883,58.26378630160632,58.80344305636536,25.34804328372934,39.08032635676384,5.55128177280556,2.9799847377392594,bundled_calibration_sample
Soybean,761.5272403591941,25.61573871220016,69.5031028034079,35.85091035881302,27.02566668367831,22.42774972530044,8.305567009516903,2.8935829207130217,bundled_calibration_sample
Soybean,954.5265142239405,30.175736953543733,55.40890594635467,21.30282992493073,22.44157393408792,30.67744112700651,5.821689197147872,2.916960067571488,bundled_calibration_sample
Soybean,676.2989274626902,22.7424711775842,59.84674012943625,41.814436217526335,38.75767792101979,22.700575963881636,8.13896392591811,2.9987697937081785,bundled_calibration_sample
Soybean,814.903562623645,22.431903462238456,60.77090107185053,36.66908148618889,43.623825865085024,27.94226412530385,7.102532061164562,3.1322060014441613,bundled_calibration_sample
Soybean,776.884394313076,21.983692157124338,56.87275896974329,59.56129998889499,40.58873304637492,58.9923671963699,6.497623539175785,3.0365869342797858,bundled_calibration_sample
Soybean,839.8073306212093,23.229077684444682,55.701919269404385,29.12223514806613,61.06933855040297,47.521854562991074,6.663834729017678,2.8591843823560392,bundled_calibration_sample
Soybean,645.7627837273981,24.388108042419848,92.37469317040225,41.402202060168115,28.42755272030221,33.13566354370304,5.5848372746482635,2.9347213395594665,bundled_calibration_sample
Soybean,689.0483422426219,27.17950172684484,51.245048418245496,45.33670698685366,36.816395115297446,35.10987239118497,7.639176359720308,2.994628980004532,bundled_calibration_sample
Soybean,728.4114967480933,19.20010596420176,60.85096086724574,52.78886872184246,41.42091411390782,25.045382955311787,7.312101532986374,2.7458965361700733,bundled_calibration_sample
Soybean,678.5591695392275,26.412721687878964,68.86363960220945,41.82572177356483,16.66560784268716,31.075329611795528,6.03574903443093,2.8500899341613817,bundled_calibration_sample
Soybean,782.3687350331413,28.205621735932652,74.73619836783932,48.30602109555072,61.96344416423334,38.725554835758736,5.8031426562807,2.8473564334173154,bundled_calibration_sample
Soybean,647.993537790367,25.411588789518785,53.08349507911277,48.5094789954792,41.4750322005635,46.640664333971074,7.2791065455947646,2.9611382849846075,bundled_calibration_sample
Soybean,562.1487428734015,26.833355943886826,43.92959509810839,45.03578869737885,40.2430751299974,25.338901049751392,4.71778748910364,2.8327167010118846,bundled_calibration_sample
Soybean,795.8277582967928,28.614044362490517,57.43057543636728,48.16367725946144,40.82066725026689,17.78808862172896,7.1748590435832,3.056724410873781,bundled_calibration_sample
Soybean,875.0588325042229,22.16707547346629,59.8153034178277,42.06028879746848,55.66176906068676,45.06821266635436,6.364926161342924,2.9065994175020524,bundled_calibration_sample
Soybean,774.5362058681641,21.821698358737322,31.678270334809877,46.439803355530294,34.9070396150186,29.239488691380267,6.438158518024587,2.673985663883571,bundled_calibration_sample
Soybean,733.6911181455977,22.89499637814546,63.87650051216884,41.202229434382474,33.751328780276886,46.074678476943845,7.66433082136893,3.0014720349973016,bundled_calibration_sample
Soybean,1078.543181845697,27.502501793065324,62.5004002590612,35.11041170737382,6.941719212999153,29.189493141073292,7.301264282156718,2.611441197167548,bundled_calibration_sample
Soybean,865.2266659252938,23.21650619200725,55.661880746514626,36.2867765596228,48.994365409914465,24.98484357557622,5.758601618726645,2.8589340339336538,bundled_calibration_sample
Soybean,727.801679145372,24.301105747968403,58.101106835216335,27.33888014618374,38.13181410307606,36.57887440782862,8.155930792862668,2.966310455099633,bundled_calibration_sample
Soybean,643.0890359790156,26.04531952420892,42.635309390827324,51.79227159702425,55.41626668848704,42.48136506525489,6.7145523400989315,3.042088702526369,bundled_calibration_sample
Soybean,779.6916778356147,21.40587650110246,45.16761053578652,50.98571172573727,36.95700857469819,48.22207970914019,6.263387923369689,2.8790119701071113,bundled_calibration_sample
Soybean,590.0899803896173,27.085430283553393,60.369366339381635,30.62369414833487,20.101636169047588,46.43333910204483,6.441590288657923,2.8861213642221553,bundled_calibration_sample
Soybean,914.786802746901,22.453369253746715,55.85088706141593,35.28131775582777,41.995160746159925,39.144979159315156,7.159474006862718,3.225959920702431,bundled_calibration_sample
Soybean,706.8579751397108,23.220275297568648,59.029426769696116,47.97518189067127,20.04830876823947,54.03329812082485,6.9319229213323865,2.824548192398184,bundled_calibration_sample
Soybean,768.0891127443126,26.08003186874014,70.96182319625291,43.596919456853286,44.77344922295301,41.768611363000566,8.101040149678969,3.089308551709434,bundled_calibration_sample
Soybean,389.71724642422555,22.840597734514894,50.368197860253346,19.057963829671536,46.01355269236153,44.76267218915081,5.4508810889635875,2.857283910418427,bundled_calibration_sample
Soybean,965.8690184278815,30.543503426724502,54.15885352759112,46.781286960154944,28.87907878905012,36.89925405481826,7.124881385393003,2.8387554363836336,bundled_calibration_sample
Soybean,733.9310604024687,27.677838407735933,66.49851518733978,35.86456584738795,44.98870178438076,33.69046552940044,6.371834012056057,2.828549592529755,bundled_calibration_sample
Soybean,833.3277985463053,27.991325166764685,72.83357708196834,34.53650887006203,38.24023613617789,49.984534679919754,6.55220838302983,3.0909496601431807,bundled_calibration_sample
Soybean,730.6127667237272,24.297537185509263,79.03318867973289,45.976314228391324,49.48331877894527,29.689335140635293,7.485493411886742,3.0746459055888535,bundled_calibration_sample
Soybean,775.5036874929124,17.792097307720113,61.4446553483086,52.34251411657751,33.59851055888338,44.77765659979597,6.508010587811226,2.9849860497860914,bundled_calibration_sample
Soybean,358.6612323327513,27.47682717498354,56.95210132568693,47.753075960541196,44.155183501615745,32.98712197827475,6.8785518171129425,3.0950553806694643,bundled_calibration_sample
Soybean,653.3107859699944,26.59332452775876,74.0504408696789,45.54822603201965,48.7316491343327,6.6540980310735875,7.497174003503915,2.9657969568842284,bundled_calibration_sample
Soybean,933.1328335921559,27.267817550685855,60.24214570976749,31.90415428217242,40.444350548750535,28.657974369540355,5.793486666226041,2.776404018327329,bundled_calibration_sample
Soybean,942.6712875157175,21.99000054915694,37.24383747933733,30.99103189670597,57.66737479585218,43.377124429643004,5.545770604432878,2.6239626579999364,bundled_calibration_sample
Soybean,1003.9659182072228,21.99580460564406,30.07209978964351,40.676566845866965,63.205647721532,54.121678183797854,5.964579314830877,2.5762019375059215,bundled_calibration_sample
Soybean,616.276119515138,26.920699255278496,86.45869266416248,27.4994951154141,34.756459291551025,49.57693898034505,7.255651015752978,2.8059350027195435,bundled_calibration_sample
Soybean,892.9434523597395,22.730873005010253,65.60070370412285,62.49122145954959,29.706160378948184,36.442013311900645,7.343752529016702,3.0741248099802903,bundled_calibration_sample
Soybean,623.2393281743862,23.68040051743034,59.90790702961684,60.28259151707579,43.003093128850516,23.921372201565863,5.912892933202004,2.765091109525627,bundled_calibration_sample
Soybean,741.5004910820145,30.313603349096226,60.296856129311784,39.15455315409573,41.52774377867634,37.79657684382179,7.803575312807463,2.8447896385850635,bundled_calibration_sample
Soybean,1050.3716487715647,25.32560486068905,80.60576454023467,49.62373897693659,25.731823164959728,51.090476016511666,7.715401167738881,2.927125408544991,bundled_calibration_sample
Soybean,1032.0078152881333,26.281524552060056,35.81451973256648,33.62863459178422,49.704972959496494,42.01453712652971,7.092968678213447,2.935169684357526,bundled_calibration_sample
Soybean,882.5234686578315,25.492942112680545,67.59520761441463,43.07921665806252,48.13785336408984,47.750879662415414,6.40351600817536,2.9433188080416595,bundled_calibration_sample
Soybean,754.7452626038514,30.638277922851188,64.703244360325,27.088065536301723,20.790399089390196,68.63125996416814,7.696185264927683,2.5125166147211675,bundled_calibration_sample
Soybean,851.9293059718875,23.48145800073293,55.23606193050285,34.5296839189017,13.234829378211316,41.95593487664171,7.22918337636404,2.8984012597336353,bundled_calibration_sample
Soybean,941.3662338366449,21.13521742037014,55.618674517966724,31.769318217702846,47.675069958432125,60.76040816522465,6.604563520825803,2.7554814412864475,bundled_calibration_sample
Soybean,943.8999423811407,30.306722039354312,55.209554107554084,38.61724799419025,40.685450613045845,28.511208539907123,6.982157337142404,3.137216242551587,bundled_calibration_sample
Soybean,709.1669401719384,20.527081136476315,56.49495376747667,56.8095703185717,45.14617921269407,19.232691615035368,7.604304129068546,2.655929558414602,bundled_calibration_sample
Soybean,797.5964114240707,24.244412995588426,63.19670151169608,18.15908909484294,57.42548157918726,26.500269356926687,5.717635441083247,2.8854305118931136,bundled_calibration_sample
Soybean,580.5266107626843,26.760841605803932,65.13327784355624,40.19167225448548,29.072287138215696,41.30228444277558,6.331493904626284,2.994279283850417,bundled_calibration_sample
Soybean,971.4807709676162,30.882196499151558,49.76989536674695,52.283689470607726,26.408767285603105,14.792103370630397,7.314648305802357,2.6927671176257357,bundled_calibration_sample
Soybean,584.2754645860077,26.446107570054945,59.593004501446316,49.496027925363755,48.200016719547214,44.24410823617751,7.175612575079017,2.9747435590605678,bundled_calibration_sample
Soybean,771.5582366185574,28.218166602033392,78.82273862248402,38.31120936924887,51.081550610532894,32.462421369401994,6.324451846925226,3.1311986448390297,bundled_calibration_sample
Soybean,553.0393280800334,24.982437640110227,64.7527370059728,28.889895369509553,50.40673857731531,31.429959137679962,7.562360115153571,2.892771204612692,bundled_calibration_sample
Soybean,754.5396469892867,24.263021808626668,54.59842505779574,39.18912572608304,24.224103433505938,36.962176356729,6.590228167815491,2.902274418274239,bundled_calibration_sample
Soybean,1134.5108415760876,26.810293320047368,74.86033711785214,47.54155211682383,47.63924606602013,30.77280428107274,7.641450966162642,2.7903718492601843,bundled_calibration_sample
Soybean,710.3038039453911,30.0604733875584,68.61397896898734,47.450360660059516,45.78415207583177,48.387019777212515,7.389632237187205,2.9585743008811187,bundled_calibration_sample
Soybean,557.367489711929,28.08840108252791,54.37060027101502,51.0300594669775,52.229348834134456,37.97038105500285,7.201085149648957,3.05891583548545,bundled_calibration_sample
Soybean,819.8592457470043,23.577208707215387,70.66161439267451,37.45350404201104,30.529048902641826,43.340630737289224,7.1880568064351715,3.2115595889705904,bundled_calibration_sample
Soybean,590.2254335068528,26.095357386462,46.82087061482689,6.372960177309231,34.812169642720804,55.148959639232025,6.603550301685961,2.755410380909788,bundled_calibration_sample
Soybean,505.21974170903957,26.895150122292165,63.2486898956842,42.385642997960105,49.04787239874544,48.21495015241736,6.382360692319439,3.0228880103052735,bundled_calibration_sample
Soybean,972.323605090333,23.16426287545986,67.61347046326907,37.04412390291439,29.079735106208865,57.13769208104393,6.590137234259834,2.9865391277605644,bundled_calibration_sample
Soybean,897.5769117399162,24.36241326355702,66.83200264876602,17.583174436345033,39.51312356270023,38.54262918181986,6.37046837918134,3.1022873099974113,bundled_calibration_sample
Soybean,517.391181171397,16.70422184535732,52.94686040095444,52.395519993036714,41.870389561804586,33.365659345063555,6.459914875848859,3.0144577587544323,bundled_calibration_sample
Soybean,974.8244486542706,25.429826330375192,55.770866914790204,33.299339412183045,36.065540841580045,36.96197960394657,6.945101864590873,3.1595266684928234,bundled_calibration_sample
Soybean,874.9042620664519,28.696362128604726,48.202423116249044,48.19935149212528,43.68001227883772,46.57336348064478,7.482406493918179,2.8736263955593375,bundled_calibration_sample
Soybean,562.1091323850624,29.334701235288207,50.69445867006384,48.46866644359737,11.39777666453682,22.138499193117507,6.628019823347787,2.939784068288468,bundled_calibration_sample
Soybean,928.3989490451097,21.163223305603545,64.21104021058696,60.05482950205092,53.513521116463195,27.43906731951782,7.150145734776979,2.65187528709792,bundled_calibration_sample
Soybean,1067.7894086315373,23.102047017357066,60.22110959025075,36.102338497582664,56.24684022603178,21.274001466215044,7.253463396097389,2.867677510321678,bundled_calibration_sample
Soybean,563.5833312241791,23.20058711135771,51.54608885249833,27.920531833102746,48.57274524589671,49.647706792949336,7.0840626949879235,2.826589254085915,bundled_calibration_sample
Soybean,834.8505791782336,22.440465914721972,73.90777493590927,34.585231871590814,46.43700348802898,62.228075883348,5.3801777114605285,2.838995329784678,bundled_calibration_sample
Soybean,897.1175934289172,27.30666258761397,60.87083577640264,49.486800183150066,47.77582046972406,44.559272375907064,7.6682353234224605,2.8984232498671427,bundled_calibration_sample
Soybean,830.335062105695,29.235765391901346,65.69437932586612,34.685348199403876,41.23432090411661,29.471795700875806,7.146264405563315,2.807752307963601,bundled_calibration_sample
Soybean,648.2050543051876,32.933723199778434,67.6542390983796,37.03745686608855,36.48594355859873,40.31317158411787,7.068999015562623,2.964227932135938,bundled_calibration_sample
Soybean,401.133345369148,29.255764732678653,59.802104071822455,72.83043683599854,51.79473475684242,48.7433952170829,5.562189178863703,2.5218248321045897,bundled_calibration_sample
Soybean,612.3288123285733,17.52163487081799,56.11367923519201,41.081548908527445,41.07545448847785,47.82753893794231,7.569531770211264,2.888233622483212,bundled_calibration_sample
Soybean,1049.9335079773546,28.211654315688527,49.11028513903851,35.97486140643586,32.30493731529733,45.7202559263554,5.704224972998415,2.893965754399538,bundled_calibration_sample
Soybean,656.5042950860957,32.49856308355628,61.87064686233994,32.98514961326673,51.40589726925921,47.55949546353098,6.369209354803562,2.7376921579289886,bundled_calibration_sample
Soybean,776.8039935307879,26.390851971743388,47.25135621730901,33.323264132038155,67.65331370344565,42.643065504660484,7.84872557371345,2.800230138495367,bundled_calibration_sample
Soybean,862.5723974945508,28.07449944811985,52.37463743889492,41.95720285448617,42.830610916984114,38.410957667936316,6.099284717146815,3.2465837088432115,bundled_calibration_sample
Soybean,787.3049284787057,27.350428869641167,56.25285549148592,49.909259421610656,42.87910170570384,35.624071921082894,7.599834591114106,2.9249547433365106,bundled_calibration_sample
Soybean,781.2830546084316,22.943593556447198,70.30280556912788,56.251212714027986,47.682072907949966,27.17518617306054,4.677436051353019,2.6743695899764464,bundled_calibration_sample
Soybean,810.1846026613374,27.50415709148426,68.65085718682562,37.92379798321539,48.76163348996861,32.2060896271003,7.9383982118467555,2.7509142979005197,bundled_calibration_sample
Soybean,1055.2822640063055,22.750552056517954,60.170764651817606,58.42013603460202,44.31344298026752,25.5373018629991,6.130941609641203,2.800350810353733,bundled_calibration_sample
Soybean,741.4239152301631,29.156516832465528,66.13502354416295,55.49615452415831,24.336739668098865,33.74922317170101,6.743888314070535,3.0117687753668956,bundled_calibration_sample
Soybean,849.1510529576825,27.674236356898994,69.8939850950972,45.03362535461852,47.17363761084681,53.64314919140981,7.679379612188527,3.017249684089596,bundled_calibration_sample
Soybean,721.8814395612721,29.63063300316097,60.81135846563287,32.00257956029532,52.79592533577183,26.112932853644505,6.743430062385852,2.8858281976685536,bundled_calibration_sample
Soybean,1087.7341647746184,26.85795151492676,57.80910898146413,46.551894695691885,32.59780828070342,55.4058286938254,6.356104669718331,2.6861106115170577,bundled_calibration_sample
Soybean,824.6231715641261,20.967307455787108,62.33157064058028,38.994598536023375,53.47810374288995,31.647147651229965,7.514692044416464,3.0296381837551447,bundled_calibration_sample
Soybean,1096.2670663406573,24.782969935387538,51.523882864413736,48.81365560275428,29.819970702606923,38.54788548495515,5.235189127925639,2.7793862564464766,bundled_calibration_sample
Soybean,603.5669670944305,26.883909671798644,49.21452223778915,25.41912217399529,19.43937005191883,47.11727435618174,6.56896295371337,2.806029969885852,bundled_calibration_sample
Soybean,648.8624731531837,20.27422708612665,63.13391097432695,46.05855951983097,18.00562665165451,32.32224891093268,6.399971568319821,3.0736253088538885,bundled_calibration_sample
Soybean,1004.3135224551565,26.92239132555213,63.21702594127901,29.226794247071204,51.079830657042734,37.40880082627304,6.568668073422263,2.7799077243386225,bundled_calibration_sample
Soybean,718.6141997020915,18.0432394482689,66.77434584312094,61.356791269484035,55.405338887261586,41.075482097881306,7.354504690969982,2.751101127292134,bundled_calibration_sample
Soybean,660.8512267168305,20.614227228585566,65.26247006702549,37.660069737701754,49.10014726780601,17.47582269730607,6.220546964760769,2.7088706276787478,bundled_calibration_sample
Soybean,956.6310129407582,26.85703796267318,55.66662617806359,50.0880216565199,26.40162230071089,46.94963510183372,6.7563063868274265,2.803454018510698,bundled_calibration_sample
Soybean,532.6273169998142,27.79006634096699,58.908673501090334,23.58450947343965,51.223707155058015,44.93108681594033,6.634585177004533,3.0842979510298236,bundled_calibration_sample
Soybean,687.6152071139177,25.832018210385424,65.92683537109048,53.5001318094218,55.57368017325049,30.28391296459052,5.698419285124526,2.9167234599511733,bundled_calibration_sample
Soybean,504.32155073412383,21.383924924717974,45.94046889677345,31.85555807400345,43.77588662728411,41.19833403410685,7.019408958292681,3.175578064757053,bundled_calibration_sample
Soybean,465.201482234003,28.455548121042295,63.32731654470139,52.7280935746514,32.101966769939644,62.07683547094487,6.9309532953670105,2.8950549745355163,bundled_calibration_sample
Soybean,617.2046184109815,18.955163420101027,48.31124904947936,22.971963548363785,52.40350770085179,23.6905192173968,6.733144973111884,2.7173710775611952,bundled_calibration_sample
Soybean,1310.289771754096,29.724762580848854,62.08619024496741,46.59830428687343,49.32573258657332,22.634443700780743,6.638391632602131,2.5605878793738897,bundled_calibration_sample
Soybean,604.1146361880274,21.709869981988195,61.632623226307715,27.547517166715004,36.37669994273067,39.474588885736516,5.682827870609735,2.9153057353703526,bundled_calibration_sample
Soybean,703.9679941516689,25.439675007842958,63.34290568408895,49.21443275328723,11.088458669069851,24.603532243998544,7.718073948704273,2.871587240958115,bundled_calibration_sample
Soybean,873.4057923066505,25.19422870262634,64.92240339621601,41.602547133798595,24.817958518811082,25.702518000480104,5.976209958895134,2.941175232845686,bundled_calibration_sample
Soybean,561.2070904513118,23.16149669657092,58.631666196962364,45.065965068772556,30.207455889099705,8.220053337065881,7.0155272011106895,2.915520399898272,bundled_calibration_sample
Soybean,769.6169478362489,22.690519401970736,74.06171013738066,53.95649091956481,32.560379322423344,44.82302223213221,7.304529068559274,2.854261235391062,bundled_calibration_sample
Soybean,603.533699919418,22.798702232150006,64.7540053259364,43.84211827777295,23.6183038115543,29.406655784474054,7.734361002039114,2.942927445254323,bundled_calibration_sample
Soybean,829.903294219057,24.764922980027706,63.387683877975235,27.47810428692881,76.58329442883354,37.97087653522236,5.179687348661025,2.5449235559403376,bundled_calibration_sample
Soybean,727.6787725039874,25.68980960112598,46.16670626793875,41.46071389400846,34.115032715301666,45.499875450894365,6.622006715850374,3.095946157080747,bundled_calibration_sample
Soybean,836.4564637010893,21.881538959822823,67.88749751636117,34.04549508529283,35.2443784874976,49.30026070471757,6.756097038581898,3.1689264808269595,bundled_calibration_sample
Soybean,749.4268156107953,24.87833530974485,51.777524112124695,17.215700245896162,32.73771245134901,18.842947186047795,7.01067027435461,2.852911496476902,bundled_calibration_sample
Soybean,782.8841851686168,23.860900455495447,59.21370145952501,15.022887957724222,44.524993261766554,58.13751450535384,6.447319609711872,2.980591426048327,bundled_calibration_sample
Soybean,759.4437250924607,24.700729910254,67.16023776238106,57.39773352260053,14.831792587702779,35.57420484531493,7.734943224693365,2.8632498163049624,bundled_calibration_sample
Soybean,827.9173629117643,24.290738784748722,55.44443760055147,44.04553326204493,11.444445093675014,24.975035391645058,6.360198115223657,2.8630612713829606,bundled_calibration_sample
Soybean,407.3402517307023,25.144814215133902,60.30593245663312,31.798046027399685,43.22136292555056,42.81984691160313,7.759995044099988,2.9765989039697365,bundled_calibration_sample
Soybean,899.2603697911668,28.75336198820098,80.25230559843587,44.41563579611732,54.710012353102215,25.016574183281364,7.092465715896081,3.0070188632778256,bundled_calibration_sample
Soybean,693.7560762092359,26.143391737118925,59.08714095514459,46.15005809947888,55.634972972360345,66.66791530136678,6.943879576817123,2.816512034684439,bundled_calibration_sample
Soybean,560.5496519860019,20.53309309233895,69.7609748249401,25.720139091977906,67.49033347211397,38.65491774180644,5.69953825333654,2.6409315184503535,bundled_calibration_sample
Soybean,718.3130566254803,20.792992232618467,59.35558652500539,54.00550609665646,30.95877588009739,28.84659062054562,6.319315791392775,2.8056035566264566,bundled_calibration_sample
Soybean,960.7483258225493,26.815898142210475,47.90464708396935,53.1850251695839,51.23720894347513,59.94040926964824,7.142656821888572,2.6955147657628653,bundled_calibration_sample
Soybean,518.4526987743885,21.85661169417167,61.76505308744825,40.32406079865152,41.57243635545318,41.749361353717795,6.912664765759835,3.164869017148974,bundled_calibration_sample
Soybean,490.14271948160433,26.233141112192147,70.99706533867261,23.16641616481806,49.078917602952714,47.67769623979434,4.843265625847344,2.5737694011228904,bundled_calibration_sample
Soybean,646.1198369429983,26.026648781967218,50.55225669162576,25.093927877468133,32.16769714033139,53.43413040285874,6.223703108293597,3.012474408446265,bundled_calibration_sample
Soybean,729.4805404315409,25.033647577671687,67.2139311425515,34.71397716692767,58.09480058717136,34.09944372266955,7.676288982696332,2.962079199300614,bundled_calibration_sample
Soybean,616.2055304174675,22.69925598660359,67.43243205426502,40.64716121948414,68.68584440216428,25.61771157966767,7.021791925208616,2.8135623105238596,bundled_calibration_sample
Soybean,751.0280725221235,27.032242021923274,71.16347135790083,20.503401100058355,53.23751288237256,37.24580981631919,6.309213259437037,2.8377455544816583,bundled_calibration_sample
Soybean,611.8258239132368,25.008704759840345,59.60082725658695,34.75809071470173,35.15214415904641,44.82157155991467,7.207590701828269,3.144032276307573,bundled_calibration_sample
Soybean,729.4077657075958,24.12875025475008,50.33139675378537,26.551591087594396,46.86143359890742,53.8777551263657,7.521279680171488,2.868260062411505,bundled_calibration_sample
Soybean,861.8352200244121,19.876464977715436,78.01212714533527,9.22641329108598,56.817678055131395,22.906165505962765,6.033422186213113,2.56698360089003,bundled_calibration_sample
Soybean,912.6629580066044,22.33449069418318,65.73775373867241,37.097934208690255,26.269262840183075,24.541508691377388,7.218134372937981,2.82024213339542,bundled_calibration_sample
Soybean,752.2881817900668,24.227217650968406,49.796301579226686,39.80819631091978,40.43083713691395,43.5579501734694,8.353021973023628,2.907573774772607,bundled_calibration_sample
Soybean,430.15550231085723,26.254216822673225,70.2572327766099,34.20776866349068,36.559377546093046,25.56299510297728,6.629790207468984,2.9248791748047513,bundled_calibration_sample
Soybean,629.5851065012469,30.67810293242129,48.73157576254644,36.12977782271935,49.36457564942991,43.0751452534087,7.0305950923314136,3.0469147726552297,bundled_calibration_sample
Soybean,663.2662216768795,26.25635443175139,47.986838421366876,53.26362875028385,40.924847299096754,52.63332730209925,7.216127382948576,3.12631641904592,bundled_calibration_sample
Soybean,842.1186550862959,23.271116584924634,56.81493244390064,32.21731090203459,67.88488795327166,37.41124434339603,7.228378169077287,3.048092716843932,bundled_calibration_sample
Soybean,689.4901214555576,23.45269744913402,71.92887710851264,55.386446828649866,35.144456838032475,44.61537590814232,6.313099072519049,3.0593668485358436,bundled_calibration_sample
Soybean,1059.5644384802335,27.14080404328826,52.27570038786813,38.133586641926684,32.145076297586755,42.501036945776825,5.762831156266106,3.146104286837735,bundled_calibration_sample
Soybean,602.8717328750943,26.094032366236146,60.23003281649826,69.62492824993745,49.39078867504004,49.606990474752656,7.518801462929516,2.914521133226416,bundled_calibration_sample
Soybean,372.46240377199615,26.763904907392366,63.854446288280016,38.55349136345732,40.4876000252667,34.63895812295678,6.347745004991741,3.2206795399859582,bundled_calibration_sample
Soybean,712.0777068674538,25.449173955192844,66.72300635724396,73.83769345607092,50.917097943757085,30.59678426000732,6.435379998669776,2.6205687815173997,bundled_calibration_sample
Soybean,334.7159278090527,21.063473198663203,48.66298138813632,49.31936859491568,38.95801628392738,21.192880146426617,7.7686305286244455,2.926919136272541,bundled_calibration_sample
Soybean,961.8045577951557,21.235326389196672,53.4225553250921,46.37144758591732,45.8496500893564,45.64701087887014,6.577151294419737,2.8643599398399293,bundled_calibration_sample
Soybean,544.0835704545038,22.360324213167026,50.387313372761525,52.65953422271935,22.175188640903894,35.40591002866117,7.31771506025137,3.0251322509565313,bundled_calibration_sample
Soybean,666.4932015773062,26.259792658867987,65.40927399347933,58.45895665796394,61.05258256577256,23.79111218032854,5.294216679723674,2.6687302419500676,bundled_calibration_sample
Soybean,1190.8836173213751,26.909577586143474,62.217816721223386,47.95261583019899,26.67657013369388,33.70717124421219,6.512387405594911,2.806989435301064,bundled_calibration_sample
Soybean,485.3215921899593,21.37635691702318,54.29875733276308,50.746392325376384,32.769972269984116,54.3019840349918,6.409248831295352,3.0955200836928944,bundled_calibration_sample
Soybean,625.1209227900355,26.208477915285393,37.330521870648184,39.55729026266756,52.268411954112025,39.05286393597098,6.914155754824288,2.982920369927742,bundled_calibration_sample
Soybean,808.2165732190039,24.071656299893164,55.8474046972616,52.82577564792672,34.47299455886325,35.05591142446186,6.352054171250206,2.983823374052804,bundled_calibration_sample
Soybean,797.5558371733599,17.036959054443965,47.68955101855406,57.843038985195975,55.81139867417403,30.696293840633643,7.363637087684945,2.8568451930787195,bundled_calibration_sample
Soybean,762.9283950123219,24.698611971437323,60.31731628023747,33.523988796050695,40.376703774700964,44.739101627762864,8.241541195670534,2.7419049461282445,bundled_calibration_sample
Soybean,866.2102541702278,26.61627164971075,74.07936795359873,51.940396123513416,54.940386935406195,41.197818904611665,6.4923948698047935,2.9377494066054903,bundled_calibration_sample
Soybean,703.6053453387356,24.02638511597884,69.44456643756224,40.82451242942363,45.37070112011427,23.20572451935655,6.715430664281135,3.1691666191170027,bundled_calibration_sample
Soybean,621.7968152092595,26.743643394006963,67.31706634945145,23.12032202411962,35.983496942080016,37.172619003367856,5.887426517996729,2.8243548832268934,bundled_calibration_sample
Soybean,620.189864760983,25.21665756943384,68.31110799212549,44.311975144423975,49.769839377668184,50.26389986988474,6.882884312783061,2.944220567205488,bundled_calibration_sample
Soybean,746.4636586029511,24.960214796722763,59.95883908337555,53.480911196636185,9.661342271361217,51.1532402236496,6.662221447695331,2.718829714355767,bundled_calibration_sample
Soybean,843.8040548599924,26.654468419587445,83.01433381549353,54.71999486401916,26.998723183197665,28.92328980820264,6.62864224090022,2.8979480536693973,bundled_calibration_sample
Soybean,780.8981709070887,20.62949084463171,48.723612674147724,14.321698091453499,30.484033534910054,16.79534902332636,5.5612918878477595,2.821224501259196,bundled_calibration_sample
Soybean,997.4166280922402,27.638172070931326,65.971376935948,28.519288298009933,37.189276679406305,38.5803357064063,6.657802739226078,3.2258126278487897,bundled_calibration_sample
Soybean,935.6932025210365,30.710457386585063,64.31425876724309,35.71091035151163,51.80236047091918,40.10794676003247,6.200170437055004,3.104438071952965,bundled_calibration_sample
Soybean,704.431411108014,19.23955032392355,51.64770350540583,38.64753728090855,60.33047360945865,26.05429005867031,7.82933088096647,2.7052566052140747,bundled_calibration_sample
Soybean,557.6669258489477,21.377268871807825,40.074814202660676,44.32523944009387,35.93610414557209,40.70150691092925,7.451526772172402,2.819340420063505,bundled_calibration_sample
Soybean,759.3531114549942,31.01080127010284,68.78479469158177,44.99579663728479,36.01245637518713,39.594616564200805,6.793050846388065,3.1531897323628266,bundled_calibration_sample
Soybean,786.0943906635326,20.526143955859002,49.05185695919854,37.717552862279334,40.9462126562199,37.333582356543566,6.371608170856236,2.968657624539944,bundled_calibration_sample
Soybean,509.2796786023322,28.68353625864844,61.799670378465464,54.89018473999347,43.81373496003491,53.82430297248017,5.724266690062612,2.8165726790407057,bundled_calibration_sample
Soybean,629.230836958303,29.268817544044026,55.438513118777735,37.52553395307833,24.98753460381895,45.4244294271187,6.704741350279522,2.830461515043965,bundled_calibration_sample
Soybean,636.7720238754565,28.942962359378022,45.76545579938734,25.49979456393293,53.25483038140118,37.79666239328742,8.175725300966924,2.684009209285443,bundled_calibration_sample
Soybean,624.9253952363588,25.42572462598617,76.23752408994551,43.192739300591825,53.73353151733739,74.60653319864628,6.893619681754402,2.6863286516125173,bundled_calibration_sample
Soybean,882.0927379842008,21.93810596768619,56.623554356537255,41.5893047076643,26.478813519353366,59.692779098554595,6.740521413738391,2.934943284366626,bundled_calibration_sample
Soybean,830.1094097628743,16.620578113889394,62.86928670121595,37.88714561238837,37.257024277270546,34.21820377375059,6.600202787947613,3.049692080272992,bundled_calibration_sample
Soybean,1053.359004658499,28.363312774815853,66.3067722168753,65.42564466605212,36.63881491693023,47.51610966790009,5.952636904265505,2.9849234613189837,bundled_calibration_sample
Soybean,810.2987151491335,26.945330071829737,68.02090922379894,46.81491158625052,38.130734579178586,51.485631386765334,7.2100856854606885,2.804899564837503,bundled_calibration_sample
Soybean,849.7117434172744,27.76025025573448,61.99825451378704,29.1964094207788,32.756738354105636,36.04363049607778,7.04259947120559,3.0586863858495166,bundled_calibration_sample
Soybean,950.8748254785572,26.797469650951864,59.559532838987494,55.97858571970479,38.50790145138187,40.280906213510185,6.418209424308843,3.0022126986011135,bundled_calibration_sample
Soybean,707.5533179754783,29.992319906780516,55.292991623441566,44.226365892164495,38.87456567522684,13.54842385978369,7.721771634740499,2.981575381519543,bundled_calibration_sample
Soybean,670.4294043449319,30.92819184165551,49.38393544338643,50.26998086514657,34.82426028939631,60.54603402422035,7.670439276538706,2.9540064266861092,bundled_calibration_sample
Soybean,474.0295611419248,22.73042706882265,50.54407682015368,46.12091065701512,17.72043975998105,46.817684701618774,6.4450791555801885,2.837677063475018,bundled_calibration_sample
Soybean,748.6024032393644,25.056490572119717,75.89552486408795,26.64872970810685,17.133540407389347,66.50156654874549,5.484343806250862,2.460922583541584,bundled_calibration_sample
Soybean,516.9351468019747,28.488450675897933,58.29958829607158,23.7611970238118,41.41549866157914,31.533261222224745,7.065085040927308,2.906955443974462,bundled_calibration_sample
Soybean,792.2153710940576,22.666766550754332,65.31223439384358,28.179371384034983,52.414410913587304,43.315004710575664,6.991420187940084,2.91594374466744,bundled_calibration_sample
Soybean,806.9307575712087,25.050433690135296,57.45394914330358,55.44522446086348,49.495578575274685,39.83721725114385,5.4435754990373075,2.8744118323634917,bundled_calibration_sample
Soybean,773.9817479085916,29.603519936139474,73.89852673554493,31.119166081986002,44.440585500912626,39.67680094074634,6.028000291627048,3.142980048112018,bundled_calibration_sample
Soybean,682.2139480314787,23.635846944933128,69.21859637090701,29.631302673005663,56.57541232413489,41.5499030046883,7.397934074543312,2.8835192441179074,bundled_calibration_sample
Soybean,540.3134635761394,20.772825116678945,62.791159400018884,46.198999080192536,35.132895857174375,33.36545561582204,6.786082213478808,2.966731024203664,bundled_calibration_sample
Soybean,1037.2275124519006,26.5563270047542,55.06267269232258,51.60210948523249,37.55989657337529,45.90155061134598,6.892604450855486,2.8902629462300427,bundled_calibration_sample
Soybean,546.6111986666435,22.455961035889434,76.77074800329837,38.01431171415168,47.31068136714272,48.512182300527385,7.586203900732476,3.081795440753814,bundled_calibration_sample
Soybean,900.2635213046175,24.39484607598666,57.9934543202868,33.428219819895695,39.42896196491594,56.33990282054804,7.2993655862217155,3.0624671990550962,bundled_calibration_sample
Soybean,774.9123053484403,22.555285626861192,54.6867957237853,47.12342535791197,58.68318725874802,23.80093218398135,6.493951453465395,2.9462387736445055,bundled_calibration_sample
Soybean,594.4194286430551,26.951031811472244,69.22166535163625,37.14284690887312,33.30203303777675,25.049978878659125,6.119731184123898,2.8876417817551174,bundled_calibration_sample
Soybean,759.3147730810481,24.583328388413918,60.873605870281686,37.502653923045685,49.149487847381614,17.2509780208552,7.383688942356986,2.8180525368351743,bundled_calibration_sample
Soybean,566.7089773976544,26.62067427670568,54.15523016346497,47.57977502185254,51.0430090967298,42.027251079101724,7.954822797666602,2.7831480049976207,bundled_calibration_sample
Soybean,733.8255699947199,25.354868323890173,56.50203081069599,39.92510166826677,33.99020468992249,46.05080502930916,6.602165866216306,2.8393436955016296,bundled_calibration_sample
Soybean,482.74159574011253,26.742386185201905,57.06360643440031,34.3170289866461,40.105332988904195,29.53300603268425,6.5447798499815315,2.987258707019369,bundled_calibration_sample
Soybean,831.332847077324,26.556139822843406,62.030463821459605,45.05301937211944,40.3363310374801,51.37356939975835,6.741151583879917,2.994290735007163,bundled_calibration_sample
Soybean,721.2283532113258,30.009243214560183,76.23045324981223,36.16462517832258,44.33021623429318,47.445096980096444,6.549805169585735,3.2207605729585675,bundled_calibration_sample
Soybean,479.1170587430637,23.951735644344087,60.69112137987497,33.53532514273167,44.77692176656967,37.88189261815884,6.694842854707884,3.0914579606927455,bundled_calibration_sample
Soybean,504.24088359714665,24.352083997854287,38.89491121950687,62.892626162328895,30.387444129823095,32.64960258160419,7.724134514699175,2.6925844460731554,bundled_calibration_sample
Soybean,824.535085129224,28.05211637602779,51.442028346898674,50.61814062492767,32.1722622802872,33.74709160417572,6.9388631772704645,3.0338597316725613,bundled_calibration_sample
Soybean,518.4217991844646,26.00125918019764,75.52473498183613,47.81680997124187,42.495168903117396,40.94683429195688,6.791691353982792,3.043004545406036,bundled_calibration_sample
Soybean,1064.2817711771418,19.88285760943944,62.683520979122484,37.497101576742885,58.34342213822795,40.68945451397746,6.2947637834522565,2.972228278641095,bundled_calibration_sample
Soybean,883.0259929524426,28.73155617618501,53.08173041292836,48.73710245357156,61.9278929875647,33.6096166161095,6.942978707004165,2.868178459629582,bundled_calibration_sample
Soybean,509.5212062719201,25.38522846852069,54.68479711713338,29.83181576863936,39.11151185489419,43.543895436921055,5.603829555348089,3.112574553014516,bundled_calibration_sample
Soybean,897.61302612133,23.6647987888052,61.54018286839863,64.96581435374821,29.153711602281838,22.811001684043383,5.595678476822287,2.7248148565489303,bundled_calibration_sample
Soybean,815.1877424808445,25.743694593877308,65.65566533315142,41.56539758801249,46.88678411493344,36.91921033774483,6.293347164133959,3.149769309818089,bundled_calibration_sample
Soybean,935.6762085650055,21.561809032534264,67.20378821606005,46.906216549649756,55.25999663287313,39.661393508900964,6.88454098062115,2.7971855253973748,bundled_calibration_sample
Soybean,1337.2345513851485,23.29116270081595,55.084364496042134,25.280943785669997,37.62113001068858,48.51979365573421,6.977244527709223,2.6891329802895423,bundled_calibration_sample
Soybean,611.0885853230459,21.321472774449504,38.86212408495852,59.0985148030434,41.09231920088905,34.48655354382786,6.540935838894937,2.7300001485811407,bundled_calibration_sample
Soybean,895.8149400351717,27.6952174948301,46.96452483106841,49.08747080246952,51.90409579107225,32.94364808296436,7.187062250102314,2.9134970031294247,bundled_calibration_sample
Soybean,651.967641296258,20.850740238440125,67.70998217653651,40.79110217123325,40.78434225619044,51.16054369923503,8.272012102317605,3.0997056418761764,bundled_calibration_sample
Soybean,458.8725514398528,25.422428240433856,65.75881276447224,26.52298407051034,24.312517277532038,24.230132971563947,6.8484767900213575,2.9604725412811423,bundled_calibration_sample
Soybean,536.9360599364923,25.163281174132724,64.7700090372569,22.327237743935832,50.57680880275587,38.96006975349662,8.211645735824595,2.7583424019090024,bundled_calibration_sample
Soybean,702.6499955818276,29.666383464976416,52.83797457003587,44.07554729225066,56.36418639018491,40.3546799657046,7.867113431538923,2.7387962324297517,bundled_calibration_sample
Soybean,713.6065614463336,25.586912645512356,55.32095242254565,29.10004698484395,39.76551004952469,36.31525888910071,6.497261784997508,3.169848163022073,bundled_calibration_sample
Soybean,691.6272195291746,21.39893841589449,46.06929438068361,44.06261943334524,48.1369541403325,33.915098978529585,6.6884698125443105,3.0818722883236607,bundled_calibration_sample
Soybean,895.8246212427925,22.336150300454115,60.65538840249021,27.97799336120278,45.8401794519671,19.838084885149083,6.002530513334401,3.0071815037191887,bundled_calibration_sample
Soybean,1063.7235855149038,23.292295539040172,62.57397288732204,31.986136373349474,20.875221263388582,53.025669082657856,7.010051246496561,2.8832452473770194,bundled_calibration_sample
Soybean,521.041608409164,29.85498476351587,63.791317259521584,49.59288284683852,37.226046748453264,35.82642571938932,6.153883173651549,3.051369832141062,bundled_calibration_sample
Soybean,788.4350653187385,24.534157417899397,73.63372756231065,33.05353985396777,31.12433607643503,38.72436453972719,6.487160516228248,3.0530859066886653,bundled_calibration_sample
Soybean,786.0517585227697,20.21168014097943,59.82392639717507,33.59496665729224,16.2548272316485,35.80905246050338,5.546721081855537,2.849858822630082,bundled_calibration_sample
Soybean,705.8937953954671,24.079200368320144,49.63904117570544,30.52452343213806,35.590500221082664,50.19079528356105,6.007687618154509,3.1198448818065847,bundled_calibration_sample
Soybean,470.5672326285193,21.70495911596522,65.0090011747324,42.151314514386534,26.459838901682758,41.4227111552202,7.881938832695616,2.8146258692859916,bundled_calibration_sample
Soybean,848.7789348771449,19.29640094303814,48.385805497462925,43.511770849784845,36.669250175495534,23.336714665412163,6.983462668169147,3.1313390046704854,bundled_calibration_sample
Soybean,480.4882310699962,24.025210693047462,48.06305422267451,34.94061303299296,49.26573483148401,48.39886798212922,5.5795858100390205,2.6919839190885244,bundled_calibration_sample
Soybean,693.9781559798006,24.369948782797017,53.84502491213692,46.450437163461885,66.05968592266606,37.9836928397823,5.763831001997887,2.705569226768756,bundled_calibration_sample
Soybean,838.9669731662598,29.01170133763554,37.75929187324952,50.03113048405791,35.95873488480929,53.65211400152182,6.478509286107007,2.738179554926792,bundled_calibration_sample
Soybean,362.6312622770297,22.151959511086638,66.79897138636014,39.62432541615522,52.671226439500245,21.909062237966555,6.0173323398855025,2.8515916722270593,bundled_calibration_sample
Soybean,833.8924384211459,24.090744776633066,46.070268167530116,37.37965986482814,36.443862090265426,21.114713200275656,7.028049097964354,2.8735779789281874,bundled_calibration_sample
Soybean,324.6138135468407,24.22303895890163,62.10356345424002,5.0,46.34966782850465,59.512442013772045,6.146466907490572,2.6393677861779077,bundled_calibration_sample
Soybean,638.7838263178602,26.992709363570604,59.79825310966759,14.82768483892475,34.12700087003569,39.62456974306945,5.925993128210308,2.975152398255415,bundled_calibration_sample
Soybean,791.9520985122874,20.147218359958856,58.50703472990526,28.392044620161236,42.42706795898065,31.981759648814567,6.168033998544255,3.056042323008211,bundled_calibration_sample
Soybean,750.8801363704713,25.27540321879729,43.44516523243816,47.268046475038766,50.5748775388208,57.915895378195216,5.77892024908288,2.6553299574432545,bundled_calibration_sample
Soybean,997.6355325248929,27.424753730555906,52.74727998956955,44.53752250485804,49.18395400718957,46.58096423526889,6.4992611336220065,3.1619043280762575,bundled_calibration_sample
Soybean,718.2545121480019,20.169652605624954,53.154958914329214,10.731048042888176,40.135676507879076,50.6746222527904,7.032101973464081,2.956028597691409,bundled_calibration_sample
Soybean,695.2176585578127,22.64842537880618,69.23964890423258,59.549893492463426,39.59306365567225,53.585951297211594,8.076554401858466,2.6002640869234495,bundled_calibration_sample
Soybean,969.0507893434271,26.25802497444003,50.621116761091876,26.446839776480637,48.02395070406544,53.036974668591725,7.694259956278697,2.8003989457771676,bundled_calibration_sample
Soybean,963.4596188518493,22.43278553023678,64.85864072297066,46.59163236913224,59.79314892616118,23.993936718407777,6.584446834342306,2.743869626553282,bundled_calibration_sample
Soybean,781.4918973500072,20.7673652072474,51.58137752652924,55.386263000046185,59.50989143491545,44.69421420441525,6.841391645833468,3.023826665898324,bundled_calibration_sample
Soybean,972.5924687250432,25.592339159212454,59.977595948605824,15.952878509272693,51.0377228962019,16.764663365815913,6.941512828917266,2.8156650321096937,bundled_calibration_sample
Soybean,292.04432409659427,27.365634114512265,57.388270375687696,23.22112002667489,23.799121527127316,36.82137381270956,6.854936583561585,2.771352738774604,bundled_calibration_sample
Soybean,1170.5628091311519,23.324774993557384,63.331948959406134,28.990170772574196,56.789227364247225,45.28205480065782,6.916012722176989,2.8225525848335606,bundled_calibration_sample
Soybean,1005.5485638566211,25.832153529431388,71.77501400667929,44.42659658492334,58.484740694262186,61.88656550824971,6.0009218896067384,2.873764682280581,bundled_calibration_sample
Soybean,774.7799313880842,26.62366351976926,49.62971745736209,42.3568529477374,47.25867031582153,24.88850311629831,5.53980355646392,2.8717627762196942,bundled_calibration_sample
Soybean,842.8766593374114,22.558940050996434,64.62539387276712,43.180764438247046,52.30634282883855,39.73472316825781,7.158432230306971,2.9485415439555727,bundled_calibration_sample
Soybean,780.7018113509157,27.089649426333153,61.810368072549316,27.537148847699253,36.10918068031463,29.933147942397504,6.763534130749031,2.954956220168579,bundled_calibration_sample
Soybean,996.5800577848796,24.5723827143869,45.43723740218939,41.657587040878866,49.594333816506264,51.518940170893906,6.759803709197157,3.113450910761629,bundled_calibration_sample
Soybean,770.3337639828682,25.06881843072559,56.906943269114514,28.600725245086295,48.68087834288189,55.463376498751146,6.383273218338121,2.7943346587753846,bundled_calibration_sample
Soybean,548.055868377146,20.276788703574603,67.14829531134177,63.788955389386544,55.101810511972324,22.473021450011586,6.876153325579734,2.676653096457075,bundled_calibration_sample
Soybean,559.8154084269854,23.835143981931886,79.22339444681347,40.91831509178557,38.5918298204519,43.41911805800378,7.1579386671025595,2.883652478254721,bundled_calibration_sample
Soybean,739.5888923037562,20.270734838721133,47.62595371825153,22.98664090612368,44.33686818037969,46.04594616226637,6.890004081578212,2.8654002932500204,bundled_calibration_sample
Soybean,724.3344809670539,21.64367478201891,59.09135152910184,67.86317008126127,32.54446170028655,38.930275802195794,6.600299337358042,2.6810812044916164,bundled_calibration_sample
Soybean,448.07003003760707,24.29314826457593,64.75713019698257,23.57515062979175,19.789505576187018,32.33065031476347,6.281164125163761,2.7092567901507607,bundled_calibration_sample
Soybean,425.2947709956054,23.297817711253906,57.423853104423024,32.815637144203095,53.335043948699436,37.549350961184494,6.481725571771986,3.030633691121727,bundled_calibration_sample
Soybean,596.5504489443236,28.100366113071072,56.409362206542376,46.746810311058795,51.531309680435044,10.849093224855924,5.714160171270832,2.638882022067666,bundled_calibration_sample
Soybean,803.1023534878516,27.024030355671258,51.038282615672806,28.022623974457147,47.10643057138843,55.554476907403505,6.557611571031083,2.9572141813556594,bundled_calibration_sample
Soybean,569.9620560655214,21.227743676189956,40.04384955273677,13.376751197646676,34.98527668607062,41.29684301127191,8.037532341590435,2.7591116307648584,bundled_calibration_sample
Soybean,537.1712524771337,24.498227333515086,65.51797505979818,48.22160939146491,34.07048380789017,49.358266176294705,6.310946428618326,3.022543094177504,bundled_calibration_sample
Soybean,715.6143456428598,24.613198760955893,54.846043212745556,53.74346393520267,55.299239611101285,42.71209913570206,6.9239424134702645,2.8934468112990896,bundled_calibration_sample
Soybean,961.4974654633135,20.789746296881038,59.7818488032142,36.78602962531773,42.66009380614568,59.12034459623135,8.04780299776128,2.8880829294720183,bundled_calibration_sample
Soybean,1088.8660883710954,26.310080340541077,60.87416068956099,51.646465579435684,16.754648759914105,36.01616213591002,6.085855296583346,2.793626991889293,bundled_calibration_sample
Soybean,489.54235127302024,23.07046491379881,48.62718528234562,5.654886912690493,22.571572982386733,30.2863145633725,7.418300961659565,2.5374364791273756,bundled_calibration_sample
Soybean,800.657071111627,21.76680900928772,57.315902830261024,5.0,34.03657592570747,51.60179005432721,7.140073022145532,2.816218896010042,bundled_calibration_sample
Soybean,585.2558640820226,28.402854160901956,62.76979505820471,54.90054965041363,37.1810504937667,43.74260474856735,6.937658613081603,2.9833042571203583,bundled_calibration_sample
Soybean,984.1187347389781,26.506346345876743,39.37300669632401,41.36634478010503,22.07102041541737,51.85585930490933,8.11365003666177,2.6392272710307476,bundled_calibration_sample
Soybean,1059.2042217594064,24.673587712477985,72.16904932354615,48.28517648327614,60.85514114303287,15.188088823963703,6.098191724162293,2.795856755078996,bundled_calibration_sample
Soybean,662.6357237435221,26.08902690953364,47.17115488058977,52.69680281681216,67.16202905713956,43.937445476450215,6.2210750206023695,2.881727651761002,bundled_calibration_sample
Soybean,498.5721103917888,24.30932683510236,63.79076379767594,28.865233150196282,49.33669772988243,53.68045344710724,7.322646013647866,3.013359916521351,bundled_calibration_sample
Soybean,563.9955308600596,24.544209826036496,50.33936350922554,33.15461389982055,39.537207559326504,46.64602439189491,5.8640833887763195,3.008079364603236,bundled_calibration_sample
Soybean,493.42769004793524,27.733778493549593,54.87673621975276,6.824246497338812,46.25698059549778,41.46678443063316,6.857110991733164,2.8279660661212453,bundled_calibration_sample
Soybean,897.0121105701767,27.70243832433514,67.84146406974946,26.694361465034007,51.34642722333143,41.2243727789204,7.388641184445079,3.0402652968656563,bundled_calibration_sample
Soybean,901.2553154902446,21.754262954324265,43.05666426820012,25.14074257614216,36.22463614174646,41.11948136572505,6.294542966297406,3.068788445407531,bundled_calibration_sample
Soybean,962.2824020293092,26.0201962004569,46.3595400210944,54.503706712708464,22.964704769979495,68.50533500535263,6.964953904031648,2.5982122990244187,bundled_calibration_sample
Soybean,270.2476246037542,22.879996737783756,68.78978649838908,26.855011281658445,38.594047177598085,18.231308393604696,6.961862661691959,2.8840965694184515,bundled_calibration_sample
Groundnut,444.0314014026868,19.373709611096,62.37008606993369,23.570626464767017,22.49848666951628,46.71433447783358,6.581386429500036,2.533961876763992,bundled_calibration_sample
Groundnut,455.9881919321223,22.551303853843827,66.43777227677342,32.589268954710995,26.715793946895857,23.932026998089892,5.386728758341668,2.3861954176891054,bundled_calibration_sample
Groundnut,655.0476520709675,22.979866020884884,64.38259592756887,27.338190232331904,34.56140277227949,57.24422677042092,6.417229479948209,2.394253220880304,bundled_calibration_sample
Groundnut,665.3591255608835,24.759229031252524,55.34506363777327,32.4846691899052,39.624101738801784,53.44621987024628,6.506395293455169,2.537483759219634,bundled_calibration_sample
Groundnut,668.0476230099314,27.09493518551336,29.754655079388684,46.88752552258692,45.32605818906572,18.63128327440355,7.373974524770805,2.1695838119621422,bundled_calibration_sample
Groundnut,1030.0114602452693,26.946710230573846,56.27430109233017,17.3912499101171,23.408248306218784,49.80791869916999,5.418679253222089,2.18954686600521,bundled_calibration_sample
Groundnut,822.5515055906527,24.1214107013973,73.16874915543248,27.675927415629413,27.436148744147772,33.774075268821015,6.06156956427707,2.5563063786159494,bundled_calibration_sample
Groundnut,686.1482077877934,23.14373471611609,51.16393080169453,17.753776499882242,39.96319322520573,31.306009109859737,7.8898659664426445,2.334509716099961,bundled_calibration_sample
Groundnut,1100.9278662488,23.98191655686841,61.53846818571192,41.50952571439945,42.3567802775172,48.31359767952081,6.428974630803937,2.4843165950540724,bundled_calibration_sample
Groundnut,962.7236316298896,28.43891210821375,47.97884254526242,31.371639930984838,33.21047890923784,36.80875246129233,6.815817347194369,2.64195026202065,bundled_calibration_sample
Groundnut,536.9138652580285,21.0509944261012,56.25746412718787,53.76111450199619,30.39998293567915,46.03281966271079,6.997447465067704,2.439179662971301,bundled_calibration_sample
Groundnut,761.0976635506937,30.170922588157467,61.90739567689745,27.214920146063832,11.772058047719685,7.707189403474736,7.0679335959890865,2.0881232922668973,bundled_calibration_sample
Groundnut,745.0499351320053,27.490267909406075,65.17031255338227,44.38362861370927,39.341833680024756,43.74993370280974,5.435283920615467,2.4982141879763176,bundled_calibration_sample
Groundnut,417.5308723078932,26.24665402786562,52.850972509160485,36.592098181615945,32.14703864546701,58.69973889578875,5.830009772296002,2.466693172710181,bundled_calibration_sample
Groundnut,695.8841400372709,28.39349179087369,67.08719406732374,22.3741401631955,28.83413055434301,25.951526801559204,6.971939797938503,2.3508847722515323,bundled_calibration_sample
Groundnut,283.22270552678435,25.49301540021305,31.921063883812224,27.506721341816107,25.519486754668815,49.65382451485142,5.738926326454769,2.480454620221138,bundled_calibration_sample
Groundnut,772.9710451959136,25.077973621990115,49.680011865502,19.71662322370772,29.841098372605302,73.39464341344731,5.699104761543237,2.167571291540589,bundled_calibration_sample
Groundnut,531.0589017324303,26.761567729639424,46.62857724238117,47.66053207343348,33.7754367301903,40.250970330311624,6.144270730640963,2.4917594748922585,bundled_calibration_sample
Groundnut,763.0967682055322,23.638449384714,43.88889838699115,71.92051533178795,41.045280196036735,25.744375538909065,6.306817222491016,2.092059675895474,bundled_calibration_sample
Groundnut,502.48532540259464,21.30515455677343,63.46727000359607,34.4231478660494,35.34954512983598,41.55578895609619,7.9268796758291,2.292615069065891,bundled_calibration_sample
Groundnut,1014.1482562151614,24.703123235519925,71.6463956138951,20.628437946330617,27.661623328423268,25.081851420613898,6.048804660875296,2.189298256825042,bundled_calibration_sample
Groundnut,979.9057290144603,29.077852169049663,48.29623562324692,36.69087770656254,34.20069150088128,5.0,5.941386857956101,2.3267897768794796,bundled_calibration_sample
Groundnut,711.9242672056981,25.938280921370787,71.89900967332434,42.78689837996647,30.412693662438333,57.21326395294719,6.2328284912204746,2.2939629800774295,bundled_calibration_sample
Groundnut,223.07310413774997,27.171423249097263,50.66188278363665,6.852971175054794,33.25391334525974,64.0549570494506,5.505569341538266,2.07162321811415,bundled_calibration_sample
Groundnut,826.0223983309419,24.45066835635323,45.10578550200512,37.142786012461514,46.51052380997612,30.14644018445959,6.502150718352432,2.273283429360579,bundled_calibration_sample
Groundnut,991.3590509348687,29.48626585338396,44.39505741409702,49.07050392937242,33.14250149598269,59.44457029056663,5.831590693608852,2.32176223192284,bundled_calibration_sample
Groundnut,834.6147441402289,26.38691334444875,55.5937579485034,43.80634690908452,38.65854616998026,34.217237389379875,7.495004775945706,2.4893473044756185,bundled_calibration_sample
Groundnut,831.6530724823036,30.450083884562854,69.30915375839388,30.017344893223534,25.324913296175325,56.14445683308224,6.36827841767828,2.2966236665386712,bundled_calibration_sample
Groundnut,758.6266757528277,30.873539623677384,56.93079693382908,44.06313340495159,28.80700314694355,35.103277188110134,5.6703763502797,2.4532229966253745,bundled_calibration_sample
Groundnut,566.4384391430661,27.3334426495587,60.42553630315821,25.015208284839126,49.99453407160695,27.077307518546416,6.008248675024999,2.2548335641973725,bundled_calibration_sample
Groundnut,852.8828126861371,26.747738557743332,66.38795747756296,38.89469101457026,25.898617096227852,68.39016804050152,5.381201010436219,2.2983239563586317,bundled_calibration_sample
Groundnut,636.090237360096,31.661089997493097,61.34473010891418,60.42143280969937,54.095983243212245,40.083240882327914,6.633608698209157,2.39281101955038,bundled_calibration_sample
Groundnut,689.4794575804918,30.84494054446914,48.60805950696552,41.83121858197279,30.701113259108645,61.19782179888797,6.2970765385942995,2.332386562193028,bundled_calibration_sample
Groundnut,701.2788711378048,26.304679405529654,62.742985772007785,43.35661494658074,34.674767360416865,38.99393430121685,5.855139663203715,2.5532663846206214,bundled_calibration_sample
Groundnut,587.0750584661066,32.96750782926945,57.67296305255818,33.68561975791788,54.49476269114936,28.227726890310183,6.473717182458758,2.3642902590180963,bundled_calibration_sample
Groundnut,771.7740127012232,25.43292924792628,58.37468623238716,33.99041713772422,44.84022840572932,46.11289977078065,6.306681074867305,2.4093995525526974,bundled_calibration_sample
Groundnut,456.29090545883435,26.114869036217563,60.55142909891062,28.550547221115263,15.823191429061083,39.94457968369488,6.482263084708065,2.4561474840314084,bundled_calibration_sample
Groundnut,698.969708724141,16.307703137303367,49.089911698274314,38.90562058102347,39.248655908954746,48.19855928765861,6.617387382747457,2.286961638005911,bundled_calibration_sample
Groundnut,734.6347282081817,30.36156426398426,42.711773995778536,36.819842924417806,34.3485410813027,46.73441817045394,6.7147564630615815,2.5352201254568163,bundled_calibration_sample
Groundnut,612.5594978983056,31.49800980678205,59.27646544975342,27.79206099640476,31.827273812196434,57.24173248988814,5.87337095251373,2.429516604538668,bundled_calibration_sample
Groundnut,1009.0599880240543,27.79600650196838,54.59916989238797,48.63498865283826,19.2820492872927,39.027380919857244,6.215148854890939,2.4506121689304523,bundled_calibration_sample
Groundnut,557.9004563052703,34.24081635535174,65.65584348992871,51.66707214499192,37.90362773613718,45.287614497772225,6.696892111613749,2.29689682864616,bundled_calibration_sample
Groundnut,1243.0150602901938,29.242682924587818,46.61726656914782,18.87113637075337,13.649437557392574,47.372592460927635,6.4867701419770585,2.170374610680782,bundled_calibration_sample
Groundnut,676.1445005183723,27.134794959752256,49.5930961648468,29.98076639826668,35.62752338712657,41.70880843378014,6.233840286797903,2.489889650179124,bundled_calibration_sample
Groundnut,893.1035223853974,26.762845679633866,54.36038427535303,32.9893840356978,34.10900387185225,59.51550268058416,7.281158182063163,2.5738036333871985,bundled_calibration_sample
Groundnut,675.50903842408,27.728224375067313,71.10516929552671,39.67601798228917,37.020019182616736,48.00744936962916,6.465792059987673,2.680638615853745,bundled_calibration_sample
Groundnut,770.3860405651881,36.49999829169454,65.29020776860696,45.43412335390947,38.18783229195431,41.37190110961585,6.931019189681288,2.436125877597651,bundled_calibration_sample
Groundnut,615.4552086014971,25.107364580606916,52.93728794705515,43.62285098345008,34.637096348660855,57.317442765057784,7.1942131181170135,2.330417363806195,bundled_calibration_sample
Groundnut,832.0143799660477,27.637456580293392,57.95603078427943,13.223894861477483,55.75183809824513,47.44063217257579,6.604518392482496,2.3585422184803098,bundled_calibration_sample
Groundnut,571.833647511331,25.810178505922035,74.27220374280569,39.81464121472737,41.69336504993946,53.74095427753528,5.812876613581665,2.423149020280045,bundled_calibration_sample
Groundnut,576.7116113094536,32.61605170946296,46.66494661386129,43.75938078033027,35.27398149245495,29.78932217869925,5.82730479162882,2.3481267965904395,bundled_calibration_sample
Groundnut,681.8087089383125,25.821405968786017,38.50829023650161,29.740182359746036,23.626633802261942,51.08227057674228,5.737620981688051,2.4818750388148074,bundled_calibration_sample
Groundnut,376.3859430605481,20.54264151982114,55.707300780167365,20.083838251984865,30.13826465414524,52.17282565419556,7.176731326315387,2.2841935408118466,bundled_calibration_sample
Groundnut,931.2614825520908,20.52475727616695,64.91513861813918,41.03659597928022,13.859208846067041,69.3766589416587,6.05031186733207,2.2317434625980463,bundled_calibration_sample
Groundnut,481.0483449113068,32.46358855767557,53.096631780984204,29.94174621027346,39.17991090872045,51.82672723281177,7.314175181876411,2.427037928081852,bundled_calibration_sample
Groundnut,250.19931847559064,23.087116963599204,47.77170209732,43.38563789252239,37.198274938056144,31.46187232286521,6.0962584074078,2.2962740381309508,bundled_calibration_sample
Groundnut,905.5704694591984,21.170865834994537,66.29689726303172,39.6897003556421,8.08399440754189,57.78811150507989,7.338168930656111,2.320323838212934,bundled_calibration_sample
Groundnut,594.9080109492471,24.26076556215939,46.968312623494484,28.49250904779145,31.437786995334218,30.99123511286242,5.345344122922258,2.5030403433004293,bundled_calibration_sample
Groundnut,918.7932921277878,22.569817588599896,67.9265600549453,39.27086765041605,41.20824157693892,65.45470471886429,5.5743757164469345,2.365004922192045,bundled_calibration_sample
Groundnut,496.6968875712199,27.948127226159457,52.31314693392234,42.68028091679087,41.85721436938431,58.2675269483281,6.8197213785346795,2.4615861536045314,bundled_calibration_sample
Groundnut,1212.3500256634588,22.202088210689237,54.59247240499559,36.41623072033136,43.80050730510165,56.00900397338191,5.457510865665332,2.3807430309061477,bundled_calibration_sample
Groundnut,631.221834752922,21.933747613728162,54.98566094306638,32.751054280492426,37.42824214423378,30.94671885652583,6.179160951231755,2.4867334737262374,bundled_calibration_sample
Groundnut,626.6766671111892,30.149692175884923,45.931714090731,35.24342126858764,16.10962835783288,46.341122221403246,5.582272256371537,2.305271897062235,bundled_calibration_sample
Groundnut,611.1286677551703,29.676192888914393,43.26311928249073,34.99696983171683,45.750091037854254,34.545859797270204,5.958513037021203,2.347803337610569,bundled_calibration_sample
Groundnut,646.0498907072654,26.221741729684613,73.28940375177683,24.203141166528646,36.780793737594045,36.4606950198672,6.415274124216042,2.536527004731211,bundled_calibration_sample
Groundnut,724.4469071141989,27.719168912919177,55.116715484020766,32.34124854341581,20.860650665034257,47.06788546481578,5.60579730353273,2.527764101990741,bundled_calibration_sample
Groundnut,582.4587763832857,25.27416284137326,53.48947941424144,58.01367448363206,56.026799491520734,59.387467978341675,5.432466297194483,2.109094783365461,bundled_calibration_sample
Groundnut,669.8332452869829,26.76650753239452,37.286486046889316,37.5443061947162,21.62579054563898,23.552010626236218,5.87466740251028,2.4224623129289977,bundled_calibration_sample
Groundnut,1022.2930647552106,25.70965586148606,42.851053009526865,28.611535218047553,44.46766566199074,53.14010728040596,6.881961572038437,2.2890516095097913,bundled_calibration_sample
Groundnut,626.1210898755,31.71215854968201,73.03762533849188,23.532134837161173,36.36443762090886,43.71324868399502,6.787580549882833,2.425761530145339,bundled_calibration_sample
Groundnut,457.082633167563,23.990701437809886,38.51805421900556,47.380284883384526,45.22056213856453,40.8383934536128,4.5300387094629295,2.180755090846978,bundled_calibration_sample
Groundnut,485.7383174309563,20.821646443930028,58.51652617117934,40.01946592032071,15.03886059780023,60.90647183371637,5.352374228052694,2.218792005705449,bundled_calibration_sample
Groundnut,553.6126971949627,30.577121471142547,79.94652586200455,43.114499348735436,41.49559872619342,45.49765371941647,6.5727387826656,2.368028387963478,bundled_calibration_sample
Groundnut,646.6957111709319,25.01954682694686,42.04954685586673,49.71301288694279,35.330636571933226,39.08497977892164,6.134289568130108,2.353190323038372,bundled_calibration_sample
Groundnut,674.7745953884664,29.029427542315883,40.064676882661125,43.18071787045132,20.809467922888125,51.09631293733604,6.388758917933814,2.4090688028992107,bundled_calibration_sample
Groundnut,1033.166771778879,26.947350321573794,56.837730234848856,27.24545543334035,33.26411001198329,68.1415206452185,5.212673649951145,2.4875570078183697,bundled_calibration_sample
Groundnut,875.8675382691564,22.639239143566535,55.8349189677449,34.90775417292693,49.04351961578212,46.65717117496585,6.491442860973154,2.399432627925212,bundled_calibration_sample
Groundnut,720.0192730926188,23.10193859282452,43.75612300365333,18.898547509149452,44.248742471817266,48.663183769370455,5.656644430939447,2.5242201186274045,bundled_calibration_sample
Groundnut,965.1115528713362,33.189553262199254,62.66702349871774,51.15348378962504,20.152392847303027,58.09198036033916,6.906304725443668,2.2967178729162008,bundled_calibration_sample
Groundnut,595.7380757833438,35.72284582576369,60.429717761546264,24.32589212549165,35.1395841953083,53.039550671575725,6.8593196613703595,2.54481881973616,bundled_calibration_sample
Groundnut,721.7466792391735,23.057393734007306,73.84875303814064,32.18460978499866,43.24616765139648,47.82053412508025,5.3506915571451055,2.374837692490963,bundled_calibration_sample
Groundnut,766.5517960749222,27.219068717677903,56.641910358454616,39.4395152851924,52.565528636088594,60.59182505098375,4.450361300578808,2.3220733241620235,bundled_calibration_sample
Groundnut,1115.9651698578812,31.069096372233254,51.92848307145662,36.18388722306416,30.028097621068554,43.17745205167296,6.423371611315758,2.480219894623001,bundled_calibration_sample
Groundnut,607.4621217320749,26.598981223373542,60.26319861329457,20.76443555036782,27.07411679408725,71.00643571262587,6.019679170936325,2.1418429131211987,bundled_calibration_sample
Groundnut,1027.2025784174214,32.27923045371742,54.538209365541526,48.35394802986865,32.50902921946206,47.02376334768814,6.198876260458497,2.3060569404055635,bundled_calibration_sample
Groundnut,607.3690300196449,29.19154032487196,64.31903634779674,27.399270623902172,43.422616729174244,57.5537024004801,6.565099660047517,2.472980252272488,bundled_calibration_sample
Groundnut,744.1480500701633,20.800647035767746,66.39486997313264,22.012547648389862,34.176638321694746,40.78898803688915,6.114609621921083,2.5000046697928595,bundled_calibration_sample
Groundnut,931.863447155486,26.474230920930957,72.93844870302539,47.02403302057983,19.53241681307596,45.085339711471455,7.48595583611505,2.1727855954449393,bundled_calibration_sample
Groundnut,815.9062966804743,25.826274840812633,47.599024121754255,35.02004192709026,41.425723092307635,27.920773258541352,6.007617165393722,2.301179345064215,bundled_calibration_sample
Groundnut,1080.429528224439,26.67898124872536,77.85852819115782,38.56420301870059,25.2038937070302,36.22918709598365,6.291131360359678,2.4056087438655855,bundled_calibration_sample
Groundnut,521.91553019954,28.52807803026282,54.807385731719904,39.91809419191905,43.587285699035306,45.81198739584589,6.828789308390175,2.4177060294927393,bundled_calibration_sample
Groundnut,433.0795935193375,27.871079474355152,57.53440671629774,44.792215965813114,44.42462364960771,13.664504380351879,5.774848711375644,2.2788350040461522,bundled_calibration_sample
Groundnut,356.64720582295325,24.406150944493117,52.98017101325177,44.95579030135238,28.666221880252664,31.441430131903523,7.0093179302436965,2.5423100656675746,bundled_calibration_sample
Groundnut,534.5373585482687,17.160308053468455,38.412832465448375,36.01378518610682,52.366288138816714,43.65281410262529,6.542683450099308,2.328628913601666,bundled_calibration_sample
Groundnut,185.56188300943268,28.730093968049978,61.043584162070125,26.276864263531138,45.01284555721608,66.28063793653384,6.035573055654622,2.1619152866935134,bundled_calibration_sample
Groundnut,408.58892257837874,24.944757537831855,51.690786837079514,44.46986962237823,35.694351970304055,31.38597282284554,6.6068348813072415,2.3941837112075017,bundled_calibration_sample
Groundnut,673.800355761214,33.80303005933199,40.11406855081586,54.222780771015906,46.04516125503508,38.45117822556888,6.387278780719443,2.418600610550951,bundled_calibration_sample
Groundnut,549.651594644115,33.0894904072888,55.6028933908687,33.37663984877889,28.795344480437098,49.321913187083034,4.679608944976756,2.2042538968496515,bundled_calibration_sample
Groundnut,624.1762726168228,22.03295231025951,62.4450272448065,50.966287423304614,35.34418694693048,50.67318284221837,5.045142739530434,2.4030926702067683,bundled_calibration_sample
Groundnut,484.02874502526686,20.630138842920623,28.13579427621983,30.146621770800333,39.062422254199944,50.967832098830655,6.3467530656535915,2.386460693274165,bundled_calibration_sample
Groundnut,831.8222833804966,29.949854070116846,62.25984787132699,36.76295764765312,28.59425085256846,47.359655117479605,6.627261512132752,2.398144705728376,bundled_calibration_sample
Groundnut,986.5941694244065,23.05448572220121,52.12381585795946,32.16132179217081,44.13587677149266,31.89867961228815,5.557155918007191,2.3820038221753044,bundled_calibration_sample
Groundnut,458.7943808530806,22.80796601050674,62.980099321781175,53.12594892900745,39.53441101991666,42.78680828116351,6.350296506834783,2.2858448201781663,bundled_calibration_sample
Groundnut,1008.9241988154386,21.321533004253467,67.73938012768765,9.802585364954531,33.42520430815071,47.89909868699572,5.833687824291872,2.499537781218997,bundled_calibration_sample
Groundnut,722.7930408509056,23.505641128765895,78.94763417239037,41.037491253984484,32.04910876311659,33.002856485601,5.940606765932776,2.528554367588492,bundled_calibration_sample
Groundnut,460.96932370096783,34.83323641679003,56.12951981114814,50.51555252607268,44.726992138306024,39.681918590763814,6.030187810748046,2.3251715967107365,bundled_calibration_sample
Groundnut,1005.8435770738381,25.3671586112491,47.62722968974448,44.71147939355309,45.03732689440092,46.87877855865718,6.3537094323750205,2.366251563107357,bundled_calibration_sample
Groundnut,659.8507433178089,19.931726742424686,39.465989818646044,25.26679049332373,30.111178902624854,63.827658873948394,6.117812620119972,2.502002754548449,bundled_calibration_sample
Groundnut,971.0654736153617,30.63745810962797,55.31437530843753,29.84993735432934,27.340768402674122,20.734064186205565,5.9682325710488255,2.297468457521059,bundled_calibration_sample
Groundnut,559.8453227760394,27.502978682232456,51.42583441118605,36.07067860454358,20.766127579393626,43.85561445771968,6.508629485839678,2.5076937277890847,bundled_calibration_sample
Groundnut,859.9349241363565,26.38461932888234,38.918777229124025,18.575868517402007,28.58713718976899,91.65178019042645,7.724385740576986,2.0662922013763207,bundled_calibration_sample
Groundnut,816.6937770253224,24.36423330187304,52.42362968358161,41.29693497560229,25.414126127878408,25.402031000716992,6.521521872395873,2.444077378309074,bundled_calibration_sample
Groundnut,698.1397619099939,34.58220747506611,56.06850700363148,33.46740255396671,33.94059575056487,52.18130546573307,7.253759813170295,2.589858592501146,bundled_calibration_sample
Groundnut,434.1402974549785,31.78795110671645,45.90333772935026,29.750791006145484,36.59932870311744,27.052817541158188,5.799612896284065,2.3635408016268977,bundled_calibration_sample
Groundnut,369.15388600015314,23.120487651815175,61.98880028778714,20.563677308937233,41.80148204155489,39.956077954222735,5.510755722723898,2.2823735554614486,bundled_calibration_sample
Groundnut,500.2358509974713,22.252883668889037,47.00156825415426,35.3856446412678,44.59007248249438,48.8757277890823,6.483034905683095,2.4765830583151267,bundled_calibration_sample
Groundnut,739.5718794335027,32.416648043213115,40.09315477127858,43.502155461532325,39.88460659168767,39.017197689757616,7.215103623626573,2.3226601680716623,bundled_calibration_sample
Groundnut,734.6703468050642,25.251447060940155,51.69115775668176,27.56706564534026,40.03144588219245,52.821022011985825,5.570078782185106,2.2893707400267718,bundled_calibration_sample
Groundnut,650.6528305979153,30.304952301531976,43.69747981705039,21.13667039657136,18.21040568671366,41.54210382411204,6.767534739438728,2.4472609815983324,bundled_calibration_sample
Groundnut,885.1420609671131,17.584943192280107,55.1548932705093,55.52979366136384,44.1012653664573,45.673503714493776,5.678782499040321,2.2284634850772953,bundled_calibration_sample
Groundnut,681.3563076939521,17.748325186159818,58.96573588765252,37.851092299555994,35.085428899335,64.83842816913717,6.72414510098785,2.3472480339859256,bundled_calibration_sample
Groundnut,872.7250193430447,25.344828697350955,45.83125690251338,30.995940744354442,45.78251060541194,56.180004642889855,6.843756186913747,2.359077408533861,bundled_calibration_sample
Groundnut,586.6482720596565,35.43068785510785,64.0378978376014,42.26637396204378,22.552470306983487,38.799374166252846,5.979422341054005,2.238685693878215,bundled_calibration_sample
Groundnut,793.5690804077016,23.288020303369997,57.232090330522624,27.09776625740777,47.27718840529364,65.1919127678994,6.2860760367991375,2.397738990642127,bundled_calibration_sample
Groundnut,663.1583359887345,28.34813352845509,55.73482594305911,18.893885807202764,15.522098815916742,54.12732070657654,6.507577714372493,2.1496376946311453,bundled_calibration_sample
Groundnut,873.1325106946216,33.14838296678947,57.42974048127235,28.14296576890507,49.169541155393574,32.58910434775461,5.753398204951192,2.385345591621467,bundled_calibration_sample
Groundnut,602.4755775116616,26.61921854358765,53.31934257786947,38.81696848417891,39.54573351065095,40.27012051131507,6.603230857583551,2.5114028815139036,bundled_calibration_sample
Groundnut,920.8362309874383,26.99780393114566,33.01935951095713,41.43186931350289,40.12068386030576,58.14366872041512,5.953815653740828,2.4140712663236217,bundled_calibration_sample
Groundnut,30.0,27.84526069230163,62.21069024080086,42.359753345869265,42.47175987911336,54.816322149146295,6.263868072558211,2.3950493309599934,bundled_calibration_sample
Groundnut,732.7138553358334,22.12768938432918,48.79690838950594,53.46279589346965,35.59904126916206,43.39796995044741,5.89756025308971,2.3232819480404174,bundled_calibration_sample
Groundnut,404.0040174131817,28.823329604531885,67.74782724313498,30.189041746758782,28.95714471102574,32.756944707712705,6.499005342218559,2.43772772030948,bundled_calibration_sample
Groundnut,520.2538221904606,25.80383825207793,54.602588070636706,29.32880458881387,26.08226152630566,38.52988096690376,6.006154978199289,2.3098365675712063,bundled_calibration_sample
Groundnut,965.6345032505465,31.860223652896202,43.412080625325586,32.494469019031236,47.796487601570256,31.248273174129423,6.95171542751769,2.563358523139524,bundled_calibration_sample
Groundnut,680.6281637158787,23.754260590356502,70.31778093095666,27.531729930618216,41.45636837581637,38.85004405242246,5.478608553371612,2.3739049830796968,bundled_calibration_sample
Groundnut,768.0135544839769,19.919616101486202,60.47525745087609,37.81930217769845,63.54728357825431,35.553824275680086,6.2016881305399805,2.4551915373773183,bundled_calibration_sample
Groundnut,491.70378388947813,24.51432269851594,54.131558467690645,43.07433359570115,32.84473767786601,17.671686841691884,5.99471706442998,2.350504560580778,bundled_calibration_sample
Groundnut,723.1074098207849,24.11305236931113,50.140459016814894,40.16249189000142,49.57213480261549,72.58857484503648,7.266213203398687,2.3184078530985013,bundled_calibration_sample
Groundnut,432.0825840105803,30.00437990204307,53.24914343931284,40.65624868819261,41.52103835211698,48.223224971434824,5.665007103403813,2.469412969670124,bundled_calibration_sample
Groundnut,888.6817752954636,23.577331610654213,67.62049770602047,37.55035240689265,39.02547239345361,41.10554985523762,7.029713080902867,2.5249857571756977,bundled_calibration_sample
Groundnut,509.0270980270188,24.743652464668802,57.21380513888803,31.12785002023026,37.864588723957404,49.024459268915365,6.21037838749782,2.375414252272321,bundled_calibration_sample
Groundnut,415.65696263859513,26.65210695191775,57.019883548429185,26.213343449425075,25.73696655580166,33.3097365231514,6.188746671641109,2.2752804614066333,bundled_calibration_sample
Groundnut,790.5650529054274,27.411331805855777,66.1601628416109,31.378903490044294,40.497498567292354,48.41393026062967,5.438752991325036,2.600314776290358,bundled_calibration_sample
Groundnut,514.4837305901705,25.6686245379609,44.48635887018784,38.98136650206013,32.529652897010365,43.14063273740648,6.198364708249173,2.457513002296118,bundled_calibration_sample
Groundnut,827.6800088804011,26.921735944713028,55.33392291524433,22.689942562407154,22.31825263132977,71.9285059386588,6.234585647430296,2.2963556192641588,bundled_calibration_sample
Groundnut,216.12559053307882,24.023221346058058,59.534497887946245,32.518479252835846,27.78294864043292,44.197657324136095,6.627956559884418,2.4918427655645567,bundled_calibration_sample
Groundnut,909.1957275882224,22.245024141181812,54.861814446473055,31.2090471414958,6.325189655838745,49.9524658204909,6.000662588625438,2.40723863407288,bundled_calibration_sample
Groundnut,966.5050007378541,29.404657557331483,59.62005231144863,22.579803089507216,42.58595265571542,54.71748856657481,7.161350636329844,2.273999046279437,bundled_calibration_sample
Groundnut,559.7939816448425,24.89792027118905,54.559078240716744,40.20216380680916,49.14890878767071,25.821728484978063,6.661602597719936,2.450807699145727,bundled_calibration_sample
Groundnut,824.4026880816621,29.47604032969774,52.119246294106496,50.244110327224476,17.882875465460867,54.551097543728254,6.89502741820529,2.4135101296816712,bundled_calibration_sample
Groundnut,541.9813887149514,13.862936430605377,57.46558828263873,44.439021896540844,58.86718919267471,37.579013685192656,6.016575874029308,2.1981864093155474,bundled_calibration_sample
Groundnut,872.383773101233,21.049889311504025,48.338183026211006,11.68756632976552,14.810252146167372,44.00707276885499,7.217213442613228,2.186651109642893,bundled_calibration_sample
Groundnut,945.5088409020316,23.941790527501922,57.74850570637243,21.471244254372333,29.516320872825833,18.80299140036285,6.574473536947435,2.161996880698767,bundled_calibration_sample
Groundnut,596.4133995572914,27.157077861741843,65.52617430866087,44.95203923272334,45.54645277546985,36.72540572622977,6.27375892657611,2.3431841995466525,bundled_calibration_sample
Groundnut,949.3682640561258,31.46950487008942,66.9969612057184,38.917639092732514,43.54968294197505,56.18381227683973,6.871429604299707,2.4088971312202183,bundled_calibration_sample
Groundnut,392.8647796165073,26.25404170370067,56.04285057895871,46.963707297795054,36.647879835775925,46.91871432636529,6.799086560426911,2.604705050044109,bundled_calibration_sample
Groundnut,526.7435226395418,26.998737247172436,52.04643144591626,30.667472816646875,46.112283691352815,29.52984890507357,5.7756002092959555,2.5299271558758725,bundled_calibration_sample
Groundnut,856.924724494469,32.21935744757083,51.846038280428715,13.995081533573057,28.159929938837447,65.48121515615604,6.95845297309012,2.357656695184841,bundled_calibration_sample
Groundnut,559.4708892832226,34.434225706961925,55.88056699446376,31.910558276974744,12.657210074214127,51.67915607303826,7.24445690734132,2.250055899645514,bundled_calibration_sample
Groundnut,824.2480635091091,23.596709182321824,48.67120755327224,39.66178517230426,50.53878103193756,38.72650319820991,5.6713853691847245,2.395250194271021,bundled_calibration_sample
Groundnut,681.2458379417934,22.072749089817506,32.60009113847954,34.41391984125372,35.532960360616805,60.604283479152805,6.599791423899353,2.510860956930675,bundled_calibration_sample
Groundnut,743.1205835608929,27.084093298415574,40.50640879344841,27.75511732894634,51.2751690332192,33.51189826955276,5.846576622268069,2.4387507178734147,bundled_calibration_sample
Groundnut,841.6283530379477,28.537703882306563,55.49859076262193,22.81750970951845,46.39244699429243,24.489942150477205,5.607628068615107,2.416130359116165,bundled_calibration_sample
Groundnut,680.9627357713182,26.15998576840618,60.074534539905656,36.74392473843377,28.820275811183137,57.025455545541504,6.391194553771651,2.597379969960935,bundled_calibration_sample
Groundnut,306.3810225342701,25.13187911597252,42.89469453625344,34.8119684750303,28.486301486165,52.13469391679205,5.752012840826253,2.619620096742215,bundled_calibration_sample
Groundnut,551.3645082247551,25.30438335601373,55.18397918516572,21.00318067724927,39.41608378971143,70.17628618255847,5.5895465928085555,2.217668892113778,bundled_calibration_sample
Groundnut,757.8599406665707,30.738645258669177,53.193534394020205,45.05424448179454,23.807529340223525,28.01380618132665,5.412488213256698,2.297284141112719,bundled_calibration_sample
Groundnut,894.6017880241359,21.59578478660194,54.542851710101765,52.716807170501795,20.46532198092102,42.42358797465544,7.656520875107258,2.403134295829488,bundled_calibration_sample
Groundnut,670.5986873019009,28.700620504096698,50.89196354418653,31.427021447338795,39.21608500230991,39.011602021704824,6.20533052017961,2.5366797895526956,bundled_calibration_sample
Groundnut,708.6247090036371,24.303963436020336,48.46506907311759,50.50216346862621,40.028182623744115,45.47459904460408,6.078560708917752,2.3049228824738908,bundled_calibration_sample
Groundnut,693.783393309868,24.118195411020228,63.853336198669254,38.05804676408891,18.153000568570388,40.78388031531345,5.155329636959675,2.439994382765851,bundled_calibration_sample
Groundnut,1134.628387939893,28.898980232752134,57.57834825974695,19.042592308000305,34.03921299678282,44.47093468007649,7.0008512732197445,2.3277998199928955,bundled_calibration_sample
Groundnut,639.0757413452363,28.842674821970302,58.44583177851925,39.03073287011896,15.334188031002306,62.02896753787462,6.218546321724763,2.2809555465974367,bundled_calibration_sample
Groundnut,533.7532154784586,19.287670178556247,60.24710140776638,45.74854691724104,43.12611834023785,47.536789748156906,7.082764634151391,2.3517631586535703,bundled_calibration_sample
Groundnut,892.3793331454026,23.45731459677972,54.758609249264616,33.772393737810745,46.91696913150789,36.84733844150314,6.18048168956357,2.3854965254214644,bundled_calibration_sample
Groundnut,678.1323449717064,27.816794702833548,61.0305972718751,34.622914163395016,39.88389320947799,48.5568975677329,5.669497757145081,2.6605149114356164,bundled_calibration_sample
Groundnut,672.2528009643943,27.407716060701077,40.55340973959544,43.61180366927868,29.43027665387951,25.52697263658552,5.5391446048996205,2.2845839605099667,bundled_calibration_sample
Groundnut,627.1256350435117,22.078310382210997,64.627768516312,10.804609084631668,55.20581604221968,30.002393113250186,6.721540392296412,2.079364542780929,bundled_calibration_sample
Groundnut,673.9967171344523,19.520668101927917,46.73070301026067,41.93272720447394,33.79230782221718,27.58967303725538,5.805535106983335,2.479993681983883,bundled_calibration_sample
Groundnut,745.1050425587614,27.194239866952184,66.11595118056043,41.65603659817182,27.43465287461877,54.73259442070953,5.516892639540184,2.3270780699203955,bundled_calibration_sample
Groundnut,679.5884099160668,23.03423056749014,64.95598460978741,28.837419432687327,29.068068296766786,48.034537352406474,5.688788061925795,2.4357246494263447,bundled_calibration_sample
Groundnut,588.6524104069345,28.13399687509788,55.23736637166684,36.71333357404818,21.748202081243587,42.12524939825192,7.170417401822567,2.4912340935707022,bundled_calibration_sample
Groundnut,921.2719587777531,32.919160220176586,67.36656864535574,25.36779402630801,51.314647928852736,50.85390127427777,6.075455551182958,2.3709699403093216,bundled_calibration_sample
Groundnut,673.3887195518315,30.016921852435644,41.73086248843898,40.362830074405096,54.856648411968436,45.27037398178004,5.99474851696539,2.5062502834864433,bundled_calibration_sample
Groundnut,674.3973973381626,24.783417458888316,60.02399159809437,28.751579684576193,35.29468250139552,29.736429278937212,6.4311252389811076,2.4756709258892116,bundled_calibration_sample
Groundnut,594.8167009131253,23.645229088696922,63.896434303532914,34.71636710863295,31.028684206098873,32.51230717298553,6.507019703062875,2.4392147259951105,bundled_calibration_sample
Groundnut,1120.624689898306,25.43878929670858,59.6052525025933,55.16105191661867,27.87452921132683,46.920297369797346,6.331705389528393,2.4767123282395027,bundled_calibration_sample
Groundnut,413.246667793786,24.91502663848611,34.073437764594786,43.765774924389206,21.63161942887558,45.99823465286109,6.480594374345126,2.5016360387739915,bundled_calibration_sample
Groundnut,538.4925725979843,31.26651153278206,34.306978428629954,22.86037016289809,59.0217481295759,27.983819953406524,6.440771027820713,2.0890470281490083,bundled_calibration_sample
Groundnut,894.6772188795305,22.874947680601053,58.40137367124201,33.21187645165402,18.8147879855821,53.436901619327514,6.5046275643375635,2.509505145393886,bundled_calibration_sample
Groundnut,628.2376473021477,29.84572162407677,59.15466461581123,37.1740224654651,43.297630012865596,24.78350821422106,6.46301146775177,2.329367119980281,bundled_calibration_sample
Groundnut,818.9177360316869,31.39880114423205,33.6893900197618,45.11389412877521,32.69332517935906,29.8024394461532,6.34228230824109,2.4318954786577622,bundled_calibration_sample
Groundnut,327.8625212737686,21.912476240810243,58.752804318388385,13.789597946904738,40.08832472527444,14.56963819732832,6.305447606969016,2.3550909468101784,bundled_calibration_sample
Groundnut,568.0170331994984,21.436768573691417,45.21510644205646,32.00970605906101,23.421047829869792,47.00331939411209,6.3467463752849165,2.4545484723899067,bundled_calibration_sample
Groundnut,470.7377910077528,24.50379056707532,68.36696336084576,24.244244938720946,39.50722025046796,37.49944044316572,6.148045673123928,2.5325604291216957,bundled_calibration_sample
Groundnut,1013.4128435014625,26.535056625629448,50.94997455894489,39.09000824107402,26.8619885129269,58.91713450774082,6.527892535576202,2.4810674678581592,bundled_calibration_sample
Groundnut,961.0083120540553,21.59355314737909,68.35571315818892,15.226359163434061,43.81515440081602,70.01721569306977,5.125689286068516,2.2273748958645654,bundled_calibration_sample
Groundnut,710.9602579791539,23.134649128022307,53.81129711296674,52.06574624623718,37.2923469403855,34.349048878110366,6.177709024642898,2.2435304133970178,bundled_calibration_sample
Groundnut,723.2007582051477,29.374687751598938,62.80504109538469,30.736422736208713,43.37113652348895,37.966145889005794,6.052964643436091,2.541373129746427,bundled_calibration_sample
Groundnut,771.0752481905068,26.826589411351318,49.28152199195812,32.55584398204279,36.36256611080238,59.279799270850035,4.914879676063535,2.4085174166368586,bundled_calibration_sample
Groundnut,747.1138969699489,24.850784746220903,40.13360638704052,14.657586321315147,16.74237882373361,28.419732477499387,7.024442515921151,2.3647368579910335,bundled_calibration_sample
Groundnut,757.7567929098917,29.220044413759574,38.885486508537255,20.073963697832653,53.474019900949216,39.4389001449385,6.202435081168161,2.342425226884383,bundled_calibration_sample
Groundnut,635.9233561851829,24.345720737444584,55.78132050568284,43.34585947717052,45.56389310062592,34.63396123538513,6.243660455009915,2.369593400726168,bundled_calibration_sample
Groundnut,401.71030152297436,20.40374134243917,51.72959663136922,47.786515337195624,54.01104886672993,84.25782528404885,5.829151055490287,2.1648330718786304,bundled_calibration_sample
Groundnut,1103.3969617164844,29.617689111834295,66.42589790055362,37.91977680572639,25.409225677845228,43.564276765121754,5.936086413833099,2.4600799262889055,bundled_calibration_sample
Groundnut,658.3940309162095,34.02058015119337,79.84439723279203,29.125390715012134,35.07161219676119,71.27543636831282,5.159120571716142,2.2953917536214994,bundled_calibration_sample
Groundnut,706.8328338510297,25.45799614002191,40.13118901456684,36.45330393537802,44.078856646847946,48.76270783730739,6.872215646845293,2.573327051474667,bundled_calibration_sample
Groundnut,749.6540937223767,22.73530646509461,43.93864323937486,30.981193310052586,41.519376708232514,63.33955451915024,5.821059932058992,2.379449079075164,bundled_calibration_sample
Groundnut,1065.9268493067,22.403349986977986,41.55038151683459,23.09679960511711,37.620486344386926,54.97282393494944,6.955045298556087,2.5384849720601443,bundled_calibration_sample
Groundnut,981.0044001601416,19.037516949226195,43.15956141235017,38.71943796805703,28.4892101057488,76.28792399034441,6.924839257761825,2.1858329328483572,bundled_calibration_sample
Groundnut,740.1267804706443,27.224852283469374,55.785776932222156,21.522736235378908,46.096905435816794,51.27721574632743,6.611137701712706,2.253668600002283,bundled_calibration_sample
Groundnut,1241.5259336920074,26.203554129880697,62.61349862638466,48.159124897552545,38.81007123725509,55.364063395023244,5.632688757505872,2.3835433393401013,bundled_calibration_sample
Groundnut,681.7761779625716,25.37822472351469,64.06611733853003,24.673507266368368,42.255883962530284,64.73189289158802,6.874674681456205,2.399789115956118,bundled_calibration_sample
Groundnut,764.4148933528382,34.63797627199751,51.08026029270757,30.816459207460362,37.39814169548277,46.83434551563005,5.391012361124638,2.467719439076473,bundled_calibration_sample
Groundnut,473.69115009562404,23.129094836270298,45.45718498111596,29.284486634962107,45.35968426111985,60.51716910320939,6.379103183191467,2.397718773293028,bundled_calibration_sample
Groundnut,318.2295782403135,34.99285932210939,55.600388462408155,18.25777875138137,39.4262939699616,44.3558157992204,5.715887230301744,2.181978952756077,bundled_calibration_sample
Groundnut,952.1407768195866,22.48824398768821,68.27563166560566,44.38452495102513,38.046968213271185,44.94745408283984,7.308112592131712,2.395018730270315,bundled_calibration_sample
Groundnut,549.8207131667772,25.204791292474575,56.41970434053289,42.716843404121484,25.909126190321125,62.743954978375314,5.786448289582284,2.4143346127244247,bundled_calibration_sample
Groundnut,567.5134035240333,25.47373859490957,60.41388811307154,23.24799708677165,34.88393559765607,37.09470805258675,4.507193182980755,2.280261509258863,bundled_calibration_sample
Groundnut,789.7464321214604,39.916000443956065,54.00656793139152,52.79018698017191,38.25271848751529,31.23148453345846,5.662186119827165,2.2090885785402796,bundled_calibration_sample
Groundnut,847.0827478513435,29.067368621057383,45.963321213685916,38.01499247768536,44.726222005676284,57.54689989177519,4.9893902874729115,2.4519950670914854,bundled_calibration_sample
Groundnut,808.1623653451758,34.59085977616251,43.64305181083422,29.62559787985875,25.938217467901044,62.886763471867525,6.567027420052204,2.4642495923383296,bundled_calibration_sample
Groundnut,874.2395173162957,26.459562329731185,49.071042439211865,31.850781438979133,41.38231582811245,57.73760541895669,6.594013757236533,2.425975316781552,bundled_calibration_sample
Groundnut,352.00165028005483,25.456251359104773,70.77211663564617,40.47655766737627,50.127045017694286,57.4005357659896,6.318624001590381,2.4573349272605145,bundled_calibration_sample
Groundnut,817.1598181372685,28.365253309080284,66.26137028257605,21.988887183985806,28.448313298151913,8.264109224719725,5.650894313438857,2.1017191932365806,bundled_calibration_sample
Groundnut,622.2990039940133,30.912666961341607,59.727300970500124,42.77858913048623,41.12600370423619,33.168187238666775,5.4906511721300495,2.3047845511062293,bundled_calibration_sample
Groundnut,518.4877138971318,23.69649762036232,67.44697561283215,35.235667512973905,28.113075767042176,42.18161095846059,5.721923393607532,2.534872700470174,bundled_calibration_sample
Groundnut,972.0352812166707,24.811105165495253,45.51870797438564,58.238281281899226,21.92949146663748,38.693958393142175,7.555989071969581,2.0985106192449043,bundled_calibration_sample
Groundnut,1079.8550402693152,29.5952637741588,51.71185416781253,36.59290229933465,10.029058567097056,29.48196099055963,5.421907855291127,2.1643540745098737,bundled_calibration_sample
Groundnut,1138.2927106911322,23.96891240555625,61.37803782743734,46.53496842179099,42.60952742242589,51.206989712917,5.816535386053719,2.5234202246366455,bundled_calibration_sample
Groundnut,754.2528313908215,24.925554089725708,54.537264436321884,27.412114613327606,52.166138223083806,51.20018333315816,6.666420060797067,2.2761556048990186,bundled_calibration_sample
Groundnut,655.9209607915192,31.94574876866634,65.42330718028477,13.230154977813406,26.193744889781126,35.59489216511578,7.6395308274203595,2.0884505215801035,bundled_calibration_sample
Groundnut,906.1023110844377,26.075419079318987,56.85896435616583,40.74138842378463,47.95654315613131,61.345521808264714,6.512770350717661,2.2534497603410113,bundled_calibration_sample
Groundnut,644.7099961825868,24.96204275903204,35.63683703527619,43.75615411670793,37.0225494671395,10.816707486467806,6.196041445221585,2.2653273805280767,bundled_calibration_sample
Groundnut,438.549527543167,23.803715127577977,47.658951585103786,34.8101960950584,41.798874515637216,33.12329140698716,6.624470615186564,2.3693984461648427,bundled_calibration_sample
Groundnut,914.3782631364556,29.35091554918074,39.090333736901016,62.52093949891713,37.36442327372472,43.14891243639487,7.122472121895741,2.224959077921556,bundled_calibration_sample
Groundnut,665.0488415669781,25.82660350217773,61.265195480590776,46.672331602642224,46.198196569097796,62.15934999950755,5.506261488520442,2.3622976070274215,bundled_calibration_sample
Groundnut,532.0515592868602,29.270870444706986,58.83079893574586,52.30281806731884,34.36288442464175,31.15461944125181,5.387343211003814,2.4332394812680054,bundled_calibration_sample
Groundnut,1119.551761114041,28.273665114951633,38.78946469118097,60.459184258435286,45.40003779573023,41.658974570448414,5.7336519611979355,2.2389565195196695,bundled_calibration_sample
Groundnut,745.0194798636509,21.568966074579585,64.49798767192885,51.215019907270246,23.71285001346778,37.07513251760495,6.439388015741089,2.499735895856175,bundled_calibration_sample
Groundnut,848.0657620677244,26.668300965699025,63.9596480856567,39.39212492956069,22.24436941502088,52.826149722243045,6.815220881792023,2.4356837175522523,bundled_calibration_sample
Groundnut,794.0247366752316,22.77886470855024,59.76942911299899,34.86326812900838,26.160556370231898,48.85585383265375,5.9516863557727575,2.581708227642065,bundled_calibration_sample
Groundnut,881.2806086869674,27.217970901991446,78.96208877168715,46.23596008247219,29.033801143074378,48.67105955135504,5.771266916109739,2.347712264422256,bundled_calibration_sample
Groundnut,456.8191700002055,26.140989339618677,48.30979624397865,32.49302985486484,40.97893065944043,61.85177420508947,6.584745125625927,2.4248222913150945,bundled_calibration_sample
Groundnut,380.2481193982854,25.63660173016385,54.85006748359867,34.23921021265321,35.76304901331768,69.78389743611675,5.387747853056027,2.465384730306085,bundled_calibration_sample
Groundnut,742.0530184097123,20.77755937838314,58.77688656195957,34.90412186334629,43.37360939186062,60.10094189273879,7.4110622547465805,2.412474398347107,bundled_calibration_sample
Groundnut,662.7413190598833,23.522295856348556,65.78294143551787,49.94461475779034,37.46876387284347,32.77973192453998,5.589170126005313,2.2511816078376947,bundled_calibration_sample
Groundnut,758.0053219619325,25.966386668175364,58.67288622616514,17.280325474731047,39.138760898912906,60.913898168913136,6.694319283716741,2.2787295324736103,bundled_calibration_sample
Groundnut,712.9785302474837,31.62546424805254,46.50993355950333,20.526648686058813,31.011773639412006,30.192469609285816,6.2934560232020935,2.5171107823898855,bundled_calibration_sample
Groundnut,574.1204587231844,26.133084868578823,63.732266856996844,18.258683838379465,16.02603802882361,26.03787548465215,6.154505032543862,2.0887795263661415,bundled_calibration_sample
Groundnut,177.80282832498483,25.145091903261605,54.063924621704835,39.77902657471981,40.39991437916859,44.685999123757654,5.748323464681473,2.2658062113740396,bundled_calibration_sample
Groundnut,936.9378140113107,30.394140798534075,86.87427885388098,42.08802756970656,36.03876573691867,33.49701679191937,6.3102045571195875,2.2832585350244585,bundled_calibration_sample
Groundnut,624.7909181838978,27.575071279803126,51.29832000345845,36.97054733893899,28.237857760948405,25.3240895288974,5.768417355592334,2.3275057579157914,bundled_calibration_sample
Groundnut,743.4576677787674,30.405361359845234,65.83159293157789,42.59113431530846,53.52074771221544,43.95803051991413,5.425316701045602,2.268041492903131,bundled_calibration_sample
Groundnut,596.3281490821015,23.21991314490773,43.86195494407226,57.30599866553592,29.181273619959732,50.35646140441041,6.053121440019031,2.35080358353368,bundled_calibration_sample
Groundnut,674.2917867059678,30.8426011173175,60.37284390994022,41.77813155974837,50.18419816576019,48.575190603993995,5.7306460547534055,2.3672751483337904,bundled_calibration_sample
Groundnut,747.4375134415327,26.41696895513337,61.57628859534001,24.8539500410266,27.642043254935416,79.53336456091563,6.122100058072785,2.207565801432653,bundled_calibration_sample
Groundnut,725.9287752308281,15.473776999472141,60.66700106286193,24.555880484005904,24.449076240954106,42.38519559346481,5.129456760628187,2.3339717056352156,bundled_calibration_sample
Groundnut,782.3010596475548,29.123162899865328,50.65146528983621,49.67864223211896,37.31406038224608,60.553922318894465,5.588688392756125,2.2283312023835133,bundled_calibration_sample
Groundnut,711.4875265839485,23.93509026976362,62.65678024450375,28.546025200015727,38.77685117410732,31.7192161980147,7.371286524671997,2.5500639962145137,bundled_calibration_sample
Groundnut,779.8176153652579,27.04036412362408,58.35748435471148,46.60000859600683,52.37732984873851,39.75809071800155,5.955579603226338,2.445469716269593,bundled_calibration_sample
Groundnut,693.1249706805056,19.503590127437086,54.78278372933331,35.05536271814339,32.29541748534767,44.657509326691496,6.541174348681953,2.716198972645578,bundled_calibration_sample
Groundnut,814.4003614010455,23.845975507826658,46.58057075417297,36.38272376712504,48.57474760120723,51.81030830769797,7.124656898622385,2.282568904548574,bundled_calibration_sample
Groundnut,783.5676297601093,23.523730610762293,56.86064682220607,27.54464761168533,28.132934374017786,66.28682198458058,5.803567352860867,2.5196042971903094,bundled_calibration_sample
Groundnut,868.4196575683094,25.63229537053195,57.432688278713016,48.5739662863909,29.75329573968783,40.708715883081894,5.830679088674948,2.539571946358526,bundled_calibration_sample
Groundnut,1005.4724367035586,22.930239730467513,48.60416785122726,44.026181756273544,9.337957941109494,54.580224442680915,6.471156170363128,2.3875561599027533,bundled_calibration_sample
Groundnut,653.0931460521489,28.218667034446895,43.917405643038805,25.298233383918305,31.29867882897436,57.340823278318275,4.765104248138471,2.4532199792988867,bundled_calibration_sample
Groundnut,518.6865130716938,21.346681896946386,64.16791630847334,39.56077529240093,24.623874731613576,25.980035854054712,6.462686824927781,2.2622303504227292,bundled_calibration_sample
Groundnut,1036.1507807138346,28.766579591786044,69.58183824791664,40.35917789393229,16.188198717095695,49.39674330639939,6.628381034835374,2.3613542165364403,bundled_calibration_sample
Groundnut,395.5020509516249,27.093723561499697,69.94501136513253,34.34011475474983,37.39412249186748,42.55286260072286,6.642057836431916,2.68236175044478,bundled_calibration_sample
Groundnut,872.133832005614,20.03505265953584,52.86298530391294,28.24557903408001,43.01726622560128,35.6715873332529,5.962477510753157,2.5726256497074984,bundled_calibration_sample
Groundnut,754.8156574558716,26.542518272392837,51.595445216141655,47.79168324853629,33.49190081283006,60.1712695825375,5.948090473413512,2.3441282267125865,bundled_calibration_sample
Groundnut,921.9160973125136,21.1228165189392,63.45168885280712,46.05231545650142,29.29436567877898,46.50958839880967,6.95792644756586,2.596936108049179,bundled_calibration_sample
Groundnut,1101.7352988813232,24.26025865798816,60.96362870390398,37.86873894553132,39.63050649913732,25.34422819342241,6.015274508572059,2.2480171762589944,bundled_calibration_sample
Groundnut,852.8012090445577,30.28857597702272,58.98637118624716,50.409216903445866,43.31352549985927,61.1020599492425,6.367319785617019,2.254736559818133,bundled_calibration_sample
Groundnut,617.5827929509522,25.376404242890967,51.86401279290292,16.162941538157643,39.772320614857385,47.53794549114059,6.646872026688876,2.28548174671021,bundled_calibration_sample
Groundnut,734.9401643441812,21.809189368631905,54.02919944451017,35.098926884925795,26.439356758391114,60.923621446621134,7.154788785909087,2.454105011112333,bundled_calibration_sample
Groundnut,671.0021736517509,22.320901985316578,57.57758752924936,34.3323489737819,36.471380157546164,46.55937424198229,6.705604655607117,2.65269957077127,bundled_calibration_sample
Groundnut,698.164797814745,21.005305920850503,67.89177369486812,48.070812283204845,17.253408098746522,25.408575619121926,6.277565094320573,2.351256384880563,bundled_calibration_sample
Groundnut,623.0144061926934,29.294257745080486,67.88508668296438,22.707096685449663,34.76834013323996,36.55106795407344,6.538161706141696,2.546267528489644,bundled_calibration_sample
Groundnut,801.6278278531213,25.272698167841803,68.75970526932507,27.543960945770937,20.642986806541707,57.028094604826535,6.166785511307065,2.430741353896329,bundled_calibration_sample
Groundnut,674.635176685067,27.385606508892696,53.608165542702224,38.37778695448432,21.422926863964165,49.694223570931854,5.906383288729665,2.35297777663302,bundled_calibration_sample
Groundnut,751.3750172585351,24.053337040216245,53.33925298110129,38.1203535413283,35.011073367824615,38.38530311915423,6.342900302212117,2.431439201517247,bundled_calibration_sample
Groundnut,625.6400776760041,27.247712972593177,52.85077016512241,46.29395541092318,43.0482955375599,31.944115165251564,6.582199806668457,2.2941342407344565,bundled_calibration_sample
Groundnut,637.2503039000787,30.758978763264512,57.537278667121655,52.157203779191974,47.29889997232899,30.4257602415777,6.5839053043665565,2.315363241772306,bundled_calibration_sample
Groundnut,646.5231551405212,20.60667085879807,58.392258133068125,36.12900911187053,49.41376086088418,41.97730869738963,7.440067461315245,2.537685398696091,bundled_calibration_sample
Groundnut,616.0147919853787,23.142805972321575,56.012876713508255,36.21935116833487,34.91383139949451,25.704949329421773,6.176614357314917,2.4018377376484095,bundled_calibration_sample
Groundnut,439.43217159636725,26.38447748395567,57.11468378251619,40.93293848939945,41.27052044392814,39.87899249139413,6.288992662800295,2.630931615175358,bundled_calibration_sample
Groundnut,311.27963083482734,29.628402264233614,49.16234233538465,38.58745035263145,21.811222278669142,64.18920923822263,5.793925834569887,2.4298712915908984,bundled_calibration_sample
Groundnut,493.5484550494562,19.551785452660813,52.237968788330235,21.71319199331416,38.520449400383335,51.076167107491166,6.608777180488397,2.5213681013771976,bundled_calibration_sample
Groundnut,753.6217260067054,26.11697176543987,40.771324330636645,25.90618184559191,34.36226699200885,58.660179950765226,6.411059303415081,2.478305570966831,bundled_calibration_sample
Groundnut,843.8350622077287,28.995421362118602,44.99228150030753,25.04084619852919,27.760443597494596,34.42618965775184,7.245559522728676,2.3534054990398148,bundled_calibration_sample
Groundnut,701.5607832270834,25.234448894528715,50.352608154503294,21.800667139333974,29.67207827634903,49.03530455319383,6.274494396795884,2.408295383879855,bundled_calibration_sample
Groundnut,501.12671743503097,24.02895085999221,61.862890168764444,47.12435360331498,12.674562010540683,35.57770790333286,6.727599071777086,2.1484939470853126,bundled_calibration_sample
Groundnut,758.396532914404,24.287358743266218,60.262070125652905,43.14415215818434,42.63846171872067,31.846385829491204,6.893659496487404,2.333167461634667,bundled_calibration_sample
Groundnut,837.1772529970144,25.8947269060198,64.93089613955715,52.03449336922731,26.67204501969956,41.60633151831491,6.98945761416662,2.2476035102862326,bundled_calibration_sample
Groundnut,916.6660784866588,24.884259887059223,64.71622875218326,43.876261322661,37.20344897262359,54.7042613357564,5.709781277393396,2.383810696106643,bundled_calibration_sample
Groundnut,662.5631001390817,24.66059299505126,37.91381374832373,32.21665339650165,28.65598705425802,38.35121913546842,6.541707848700865,2.3954480863621406,bundled_calibration_sample
Groundnut,505.7953966918366,26.757230497412895,68.67914199000722,33.89059782186828,41.738536957061314,76.44360259373313,7.277946610104515,2.2437364929648687,bundled_calibration_sample
Groundnut,870.5218352645359,26.49590283559486,50.09370774833792,21.228810071334323,29.00194782917756,71.94029174982501,6.972667258922145,2.216756933499023,bundled_calibration_sample
Groundnut,399.78801475021413,19.666180870091956,49.39213182926232,37.66558566429933,22.50295450842374,40.73610368085838,6.267673299430446,2.483508993258081,bundled_calibration_sample
Groundnut,553.5079247096706,22.99091144048844,57.82475429203321,36.42861623651585,20.384722751501343,59.886771400041724,7.449575563340632,2.416532841395339,bundled_calibration_sample
Groundnut,1210.2339413071413,23.50444302005701,31.095819758724957,45.537515017124335,31.163478873535166,45.54286984542739,6.934240184823119,2.274405136348044,bundled_calibration_sample
Groundnut,714.0191867320492,27.381245007221487,57.73103629117173,34.2323607233967,17.97959206094733,39.76378979999409,6.139716276678043,2.415884024001585,bundled_calibration_sample
Groundnut,655.0913580243038,27.553216992484625,59.299523183376174,36.71302933521727,48.77464520654204,47.28507860314674,5.494342719689091,2.4431874656985695,bundled_calibration_sample
Groundnut,107.69636677673702,20.23591358113411,52.25944415545511,39.72451963240425,26.061099618866738,26.204224754421965,6.372205641499306,2.3706041454760873,bundled_calibration_sample
Groundnut,800.4318772719456,25.19817715921303,40.248357443828766,23.92734357532317,31.64082274656095,64.40229445585695,6.605938416268701,2.4234404686628936,bundled_calibration_sample
Groundnut,826.6588168470953,26.796590261774632,58.273887815165516,41.438472712355114,41.377179634013345,60.436366652028894,6.0298629382371045,2.5776817906717646,bundled_calibration_sample
Groundnut,379.402039364022,22.11971913806833,68.12582714217001,30.481120922150396,56.32577539456945,65.45374619983222,5.513504163322637,2.443979480888952,bundled_calibration_sample
Groundnut,457.8549686422566,27.836195109600897,44.52256897031023,51.919041012901175,30.379335351660036,36.05552546418726,5.544682602158786,2.553659107622225,bundled_calibration_sample
Groundnut,794.457855438241,26.526419479971274,59.31425102788363,17.042519248040744,28.020980230509196,54.98361842007081,4.790998863650158,2.352659572623552,bundled_calibration_sample
Groundnut,687.6502324114555,19.578829008875186,65.94767263578998,28.911872513665205,30.040149418662736,59.68070615771012,6.763398488149951,2.2809198015423235,bundled_calibration_sample
Groundnut,560.267765413083,27.406016225297382,49.0474537868535,20.92677941220391,21.0462145614403,20.862978699478028,6.8478372200460935,2.126670882631346,bundled_calibration_sample
Groundnut,156.08790611322172,24.228568820966824,53.38165422908403,40.54279080243699,55.10287729197534,29.826553822033745,5.956852615548977,2.2344621612916824,bundled_calibration_sample
Groundnut,700.6172664491024,28.193624944998202,69.32750863788499,44.80058576737505,40.55797027643863,24.117962251685984,6.5452659536087925,2.342344257307518,bundled_calibration_sample
Groundnut,1015.8852370025039,31.029693526030098,67.46217823468159,26.283542452342708,33.51350911824866,72.20884419752588,6.653726723171724,2.301074628157636,bundled_calibration_sample
Groundnut,800.9428465403201,24.95256580530431,52.92326983685403,35.99564081247345,29.1458519462247,54.42436918991754,5.877938368041948,2.4883408682345816,bundled_calibration_sample
Groundnut,619.0007052941181,28.377502652654357,47.50293634945149,38.50085551047876,27.600035615817326,29.36753508697568,4.9677481278196005,2.4276441849211587,bundled_calibration_sample
Groundnut,525.5746058063228,29.139657234009796,63.20069441745712,52.89903618974749,29.848712602907145,39.94498490013021,6.068071479317964,2.5366351008795656,bundled_calibration_sample
Groundnut,781.7935403081531,18.016761675689896,69.59849652441451,48.733031468867594,41.43487662798733,44.18325990733899,6.957074782097669,2.5292262262508185,bundled_calibration_sample
Groundnut,499.15540362552366,31.748592461519294,61.81026028840163,31.82667181264853,34.666708753837895,61.79128221933347,7.774948272036195,2.3223274345831832,bundled_calibration_sample
Groundnut,928.5170187130904,34.11321290073353,68.20668469435121,31.92689930896511,23.99292316152261,66.62017434240389,4.484986097053773,2.14488214853922,bundled_calibration_sample
Groundnut,781.7803045765507,23.308596397028907,51.556110346504354,55.877001825030874,32.62311949157775,26.935665233423677,6.189383181516864,2.271580271686867,bundled_calibration_sample
Groundnut,888.3171270463969,28.121136999199464,57.253592325459124,54.224890331503275,36.04916050695224,30.699087075195152,5.404915127082346,2.4083386274692606,bundled_calibration_sample
Groundnut,742.7616409326629,20.940171921480513,76.87835527762729,39.25882845805413,31.801432021456474,33.40298449851451,7.053025728477133,2.5355507761250604,bundled_calibration_sample
Groundnut,476.05201589305887,23.948168828366143,39.471085304697525,66.87022072596226,41.51869493727057,22.892880123504177,5.233268290913001,2.227219983888069,bundled_calibration_sample
Groundnut,405.660855879593,20.70424362112813,58.5268739810816,28.72618299135146,59.06845704924035,34.0143226715288,6.687867820119375,2.2939944948021904,bundled_calibration_sample
Groundnut,615.5006748217705,25.926411814212653,62.11782322446855,9.312809010875814,39.82176499501056,29.291446600104372,7.806779957092144,2.060883561785743,bundled_calibration_sample
Groundnut,775.9666555602311,23.273142038422982,55.96955935324428,36.618292761072766,43.379327911224486,39.066823302633075,6.2243368944095705,2.5322141314799222,bundled_calibration_sample
Groundnut,474.7423232121631,21.02312417645943,59.26656109766561,17.88127977897806,19.57401751206019,50.543752830151654,6.15530623811585,2.4348837987320375,bundled_calibration_sample
Groundnut,560.694416832802,18.794966921004125,66.84498794792215,42.51441224364825,25.742339427501836,73.64844648673474,6.433456613498884,2.1657886183158626,bundled_calibration_sample
Groundnut,382.84023830428066,24.47434871364465,52.03086957150774,26.366774037897013,63.683039694246354,52.969321056474485,6.713150828491739,2.3376242378902683,bundled_calibration_sample
Groundnut,569.9797735640344,24.894756481982267,49.80354855837905,55.01473868786002,35.03359311809256,43.254649474549474,6.038822500218561,2.469742488015757,bundled_calibration_sample
Groundnut,503.25190144935976,27.330832299135587,58.50832396870087,28.386177222219832,23.266781343229955,22.876123497613463,6.08070526250704,2.3149833176541277,bundled_calibration_sample
Groundnut,167.6752631517146,25.206630227291015,68.88986167956861,32.600623255010326,27.681611637604973,45.29612731239869,5.989012557578417,2.4348422426123464,bundled_calibration_sample
Groundnut,569.2418845722816,18.109659766710543,46.229797702665635,37.924078162407866,29.745279067792413,68.1608152817885,6.362327126022414,2.4287601389475104,bundled_calibration_sample
Groundnut,112.16579852243092,22.73479835201733,46.479226158240266,25.140185064816322,56.42456559331114,59.274510191961824,6.53106381110919,2.2728269019406553,bundled_calibration_sample
Groundnut,849.9481626270965,26.4352252815609,44.50551336768273,41.15954783080311,48.358574733937225,48.84935615217051,6.833650172128639,2.5833465632219803,bundled_calibration_sample
Groundnut,696.1949068070776,26.19262824393084,64.99790006325186,45.03226736695267,45.83164694013519,39.132981587957254,5.636791555971598,2.298718258687197,bundled_calibration_sample
Groundnut,803.8496595904459,29.08353216218261,56.15062904977951,30.50844807079489,32.93172213230022,69.55424864685807,6.8657885995342856,2.502583727158608,bundled_calibration_sample
Groundnut,869.4722294166713,28.061288867592815,69.31952587282721,17.938105090484797,36.99491314770499,32.97340070489375,6.82390698869805,2.315857894330143,bundled_calibration_sample
Groundnut,611.9561094842136,24.402402886591016,65.72362461886587,43.123728432560384,51.62876100949424,43.81454564801006,6.259158658793604,2.5103940494661705,bundled_calibration_sample
Groundnut,847.3937770265597,23.818955347961953,43.70957945155898,43.19573065471705,37.76783746402059,58.40007681503228,6.308026736792116,2.585172214058632,bundled_calibration_sample
Groundnut,682.5804405360586,22.248834326431467,61.39528522468486,46.635027417710376,37.77651110455907,54.44000949792262,5.972498041707539,2.322590974628825,bundled_calibration_sample
Groundnut,310.9151190267311,26.028232404030962,68.10654356443327,45.40034423454672,41.69401171121443,54.58488569583092,5.597095127103954,2.220830093446942,bundled_calibration_sample
Groundnut,675.2596925974019,29.475856941046093,61.66151629285343,17.609445647516402,59.77861794042022,57.25863880557706,5.532473771798128,2.3727160342892533,bundled_calibration_sample
Groundnut,441.7085215637251,30.02768577681931,26.39433618512101,20.460095048051834,53.97915260348096,31.816342604617446,5.2457727910022225,2.254858433028583,bundled_calibration_sample
Groundnut,701.9066681920473,30.05186419051043,72.10801539990216,26.21122986349137,39.69241217911654,42.14390796075883,5.525142251077781,2.5811143115494564,bundled_calibration_sample
Groundnut,791.9923520870891,25.038976660867505,56.73816639517262,40.27379515619064,33.94386033387075,44.80209531769891,5.154633647004317,2.5714256575687826,bundled_calibration_sample
Groundnut,761.975925107727,22.65717420846118,62.96247958329431,9.868909200315812,42.244909157388584,68.52960081731976,6.817644103797347,2.27768641413353,bundled_calibration_sample
Groundnut,667.0378998542335,22.949363110235925,60.73584097162087,32.25599722849544,21.95064867451795,34.49352437663346,6.8995903544997885,2.3366485318580024,bundled_calibration_sample
Groundnut,1052.3115438830553,26.613645644100306,35.71945221945623,20.79338682903495,17.27232235574377,55.258721217216795,6.575169935176757,2.1188809589773796,bundled_calibration_sample
Groundnut,519.307353949238,29.043040845713357,43.30936795595194,32.49253229585402,42.58541809234192,42.715155600431196,6.466747837541868,2.506250425841824,bundled_calibration_sample
Groundnut,860.0472487751517,16.959388946139995,65.13025673659014,28.35678911075333,45.9605892194741,35.34709896722757,5.96674177223759,2.295322236806169,bundled_calibration_sample
Groundnut,888.3433687513705,25.119587485089713,51.667210042023235,23.37801024727189,39.990101670538145,45.81062448334458,6.158933843297831,2.4597247574211143,bundled_calibration_sample
Groundnut,622.5343335236153,30.76545749280873,53.92089215529984,33.376597278585756,42.463635281674485,64.31837009832813,5.857867524894472,2.4648161070202432,bundled_calibration_sample
Groundnut,632.7399567389903,21.748302030730162,59.89244583193995,38.58379093805391,43.87242218506047,39.309150208869994,7.962747993823494,2.4502408204108366,bundled_calibration_sample
Groundnut,457.6679956116854,20.689358385812913,41.57777329403389,37.058978571179544,27.182561680660207,42.57048205968531,6.786927693420103,2.6123086854282405,bundled_calibration_sample
Groundnut,758.0384854478027,25.98846802636861,47.008516230377175,47.92350971097561,54.002907302157354,56.89340477316735,6.603595826860071,2.3173705077023348,bundled_calibration_sample
Groundnut,800.9565043324316,28.994894496561358,46.87080710912589,40.78325821254818,36.22771964279603,71.93224826913759,6.428266213565359,2.5125986313181348,bundled_calibration_sample
Groundnut,855.6362445248802,18.455488244633557,49.999640854618875,34.925039425455715,40.097466726494886,57.36491929641649,6.915717292361062,2.5626775194696605,bundled_calibration_sample
Groundnut,299.0353506463578,25.397492100418823,43.1292205462214,35.06415087460483,51.158889286196015,23.2244931368433,5.477195113989328,2.285807711955884,bundled_calibration_sample
Groundnut,529.8295900776942,24.8337884904393,53.789523933623975,41.526137130011094,33.70358926997602,47.27026897397924,5.83169481611282,2.6325737485996146,bundled_calibration_sample
Groundnut,791.9193437688591,26.21274921448398,55.972616133848014,21.60789508088982,27.843869286785182,67.54326827618978,5.575000727095352,2.374107092028425,bundled_calibration_sample
Groundnut,908.2527259833389,29.20372494185635,55.08201310976987,24.38807301707847,48.54675869253944,68.1762984369374,7.346553057914619,2.311076963799161,bundled_calibration_sample
Groundnut,430.99282122441315,27.1733988637456,55.18203640989967,37.10095877466501,44.754039070725966,65.9897687741762,6.051089667406115,2.4736088618014866,bundled_calibration_sample
Groundnut,1137.920977371199,26.700545511529835,63.482925528421205,50.46615051107315,34.31529758498303,62.14471842710512,6.0769013701994865,2.361244751667932,bundled_calibration_sample
Groundnut,693.6307021142438,19.884740139701933,56.379237149964986,32.06916966634557,29.312981140594616,47.67938912824627,7.02740815631404,2.4718577504411092,bundled_calibration_sample
Groundnut,941.7340767490957,18.699007706226574,57.849913243575706,27.953814319334285,36.08571470822855,52.27811422292559,6.811515426517026,2.441998471387009,bundled_calibration_sample
Groundnut,659.9046805350607,29.54720436737623,44.53163941360404,24.339042385161555,14.010864053481487,18.686455113423403,6.409313237747063,2.216166559797132,bundled_calibration_sample
Groundnut,1053.0201724471854,25.569772777063474,57.72681933150606,18.85158709559039,48.13945323674774,34.98480856396848,5.209883113199439,2.3671304180640744,bundled_calibration_sample
Groundnut,674.9463045416489,30.47400559265085,56.446086258019626,33.69578243889715,44.11668301138589,45.78342867089246,5.646455770253997,2.5043691961608676,bundled_calibration_sample
Groundnut,886.4466040277307,23.418751225708366,66.71385070266717,25.080841578180646,26.70410515378391,47.76034337575062,6.647088084098536,2.5535952643720905,bundled_calibration_sample
Groundnut,1075.747298198693,27.10432950173591,55.63439352727208,23.857186130505355,41.135703254400035,73.84488602677852,6.874434244784014,2.133179939399154,bundled_calibration_sample
Groundnut,772.4011381082989,28.68553937300509,47.06844221035193,42.60724982636224,27.963288270520096,48.24742546009135,5.919407259267799,2.3211866692466905,bundled_calibration_sample
Groundnut,594.6928238166844,29.955208097154756,59.641306575673305,48.89543299526491,40.440578879830554,49.986991686805766,7.303008320620015,2.226073452195405,bundled_calibration_sample
Groundnut,382.26398597726626,29.731974971945675,41.55331575138234,24.640072795379382,26.7087598154761,58.380271636982485,6.42451236465946,2.2924019842811156,bundled_calibration_sample
Groundnut,655.1167748052465,28.90585575722864,56.0685447534264,40.09499467592103,19.482012898340827,35.4311351072614,8.049717328412084,2.372408289306465,bundled_calibration_sample
Groundnut,780.0161023531224,32.58363411642971,44.47720369465699,43.415445635501015,50.74013780721924,42.93980013066594,6.6937752756235875,2.5348697617888436,bundled_calibration_sample
Groundnut,682.1338128650606,25.443524670788175,62.645034807576295,78.18354350897636,42.92966475982419,44.547200737148316,6.122345281415285,2.3671657657615865,bundled_calibration_sample
Groundnut,613.3441523879628,28.020390797052233,42.58398243634501,24.390199030566713,31.00778532444746,47.76265776749943,6.262992619005994,2.5313221182725414,bundled_calibration_sample
Groundnut,458.7948733183257,23.131372148958814,53.25452872004785,39.76795741438246,34.80871886314639,69.11279114624051,5.061850428915961,2.3537694413100523,bundled_calibration_sample
Groundnut,984.0444005286698,25.970438256744924,43.88382297984418,30.11096469744836,51.07422670764366,55.7769619844649,6.826402263121781,2.373277965571249,bundled_calibration_sample
Groundnut,610.2205269812379,26.76983996026207,45.80950468852576,18.387451550732706,33.83722350604178,41.93189773447873,5.538383702238027,2.4720911666675347,bundled_calibration_sample
Groundnut,949.0065137388515,21.495101484133563,63.70594182364689,24.207466096186867,48.217264374366366,30.101045578396878,6.373626903630037,2.183314245161663,bundled_calibration_sample
Groundnut,614.972922796645,27.47099959520546,31.786989136982715,33.23443442254213,33.93829868998334,41.61046767433086,7.2360567793542305,2.5155445323704577,bundled_calibration_sample
Groundnut,633.523707615119,24.228519644579485,40.077794446743326,35.16022016173808,31.29044023143501,28.822163039750606,6.647384658500979,2.60894143285167,bundled_calibration_sample
Groundnut,822.045824746725,23.362579870264216,63.10557892153533,26.606965861036876,26.80070405839669,49.61269399317223,5.440766217710238,2.282579094087347,bundled_calibration_sample
Groundnut,656.5755084463096,33.15187226925581,63.539167961883976,32.83174588117693,31.559364554357572,56.52543747483125,5.6503272766889765,2.5846679060399884,bundled_calibration_sample
Groundnut,769.8210692469352,30.996768246518965,64.46039670247751,34.400953487075746,24.81532271179188,44.149937485635554,6.622308279967182,2.4316248430576035,bundled_calibration_sample
Groundnut,891.8011043317188,27.71665757396266,59.74715891366028,29.38007265860942,58.75863028754983,48.214547372965285,5.846179625284072,2.4903424353778303,bundled_calibration_sample
Groundnut,882.7749441309555,31.317651381182877,57.41090200552622,36.60442665636531,45.409284015684676,72.86628698633504,5.5441579924365945,2.4146072683130093,bundled_calibration_sample
Groundnut,950.1490745830276,26.11780301524298,44.58911121349077,55.915039590362575,25.495966763448127,45.2379951189538,5.783399965527809,2.276400679878324,bundled_calibration_sample
Groundnut,1201.3417518984165,24.35487021039979,68.55362586700976,45.47945622237599,35.57095255908978,37.021432485366816,6.685557837382743,2.5339264388726748,bundled_calibration_sample
Groundnut,828.1049662166546,23.07071065542495,59.37951069293298,25.464314580910404,59.99566851210215,34.75100942592962,6.480972903376906,2.385382463331436,bundled_calibration_sample
Groundnut,608.8242022349839,27.748865666767863,64.46066465657834,24.227659112089356,55.2320414083391,46.73528623564397,6.791362846682851,2.3889762851066116,bundled_calibration_sample
Groundnut,626.2125046631555,23.355061698060354,75.07113061624152,30.714025280390373,53.81551392567458,89.53881978416554,6.31783494899954,2.3024242180266348,bundled_calibration_sample
Groundnut,499.89468743339285,32.10380088638506,69.61732603243144,44.560298693763116,42.97007676594268,45.44700498087631,4.817495942987044,2.3643996984472624,bundled_calibration_sample
Groundnut,557.5018370068204,27.623432848446736,53.36942558641455,48.57224158622729,39.713645460769136,43.22250957722941,6.39394784983009,2.580866849655469,bundled_calibration_sample
Groundnut,735.8311789109632,19.794656244711668,80.90557617763497,42.94372485087757,38.439373452279014,36.626048710800234,6.177087801284131,2.438422670444262,bundled_calibration_sample
Groundnut,816.6261837668029,28.352125550912945,54.29153539336619,32.33683043124368,26.63042715765488,36.293528442856655,6.502317987416432,2.446368579522051,bundled_calibration_sample
Groundnut,1041.6353960641707,17.080743382829237,66.18528078246622,34.52847873077663,29.836834870162846,56.53446617543164,5.2603077591826395,2.362117345316143,bundled_calibration_sample
Groundnut,776.7443735983616,26.585011342362108,59.16707523549423,44.353329485781785,42.21716643712648,50.73623763661289,7.112737404668543,2.3636882508036154,bundled_calibration_sample
Groundnut,563.2775213286794,23.17653769804408,69.65719548276732,33.641994588955846,37.85198398682888,56.50493111766465,4.986936422702542,2.245565197758966,bundled_calibration_sample
Groundnut,770.6520256206555,24.464385291835807,56.58685119179963,11.951362589159157,17.581031424429575,24.841788270116993,5.936241993780968,2.1783860369085093,bundled_calibration_sample
Groundnut,553.7889655280403,23.85876897439229,56.01354845879636,17.150236002545462,46.84148918733706,23.189597461919096,5.700502411810044,2.2075913438396997,bundled_calibration_sample
Groundnut,856.8149256241213,29.257114691001178,54.34388571219984,16.96124110973243,41.05473125668435,62.61215037269619,6.464025745960789,2.210782829560953,bundled_calibration_sample
Groundnut,1117.3109619401412,23.153698433721956,47.39048725609601,44.01945001192823,38.25209309695016,62.38488745172679,5.917684722288121,2.438811853258852,bundled_calibration_sample
Groundnut,855.9397546812075,29.194656922641357,61.41133390567904,45.54472039479416,23.1508660943785,58.8719998640023,7.0182386515068576,2.4177964113271626,bundled_calibration_sample
Groundnut,766.169605402908,26.73992572084502,55.460884458495634,30.958623419359157,21.915954091900115,59.32480867300309,5.043809017916101,2.2014037682460748,bundled_calibration_sample
Groundnut,948.9922753661585,25.75580939367074,44.63478888853854,51.20802194106029,40.730362434230045,41.24923521011771,6.990857984989158,2.27205438808112,bundled_calibration_sample
Groundnut,779.4077129342013,22.656075157898634,50.96558805546866,39.27225780929179,14.14841675750587,32.171755729656,5.956242942932882,2.2291026241711553,bundled_calibration_sample
Groundnut,606.7795443322083,20.66483594356068,52.381615282165455,35.43285682246334,30.211972582347652,21.977295700566394,5.120612737893976,2.2039216831907593,bundled_calibration_sample
Groundnut,586.6363765944303,25.12049153255648,59.4350583900748,49.64215887541552,28.87917170656306,20.698348240642613,5.400632695458317,2.3166219257367673,bundled_calibration_sample
Groundnut,718.6868742937818,20.24136953101454,59.353986576453416,37.33399390202282,50.960749990384855,39.75352286896018,6.335767223994309,2.569360108675831,bundled_calibration_sample
Groundnut,677.4274407771402,29.477307330390275,49.647899373636875,39.8431033449984,21.5640470030498,52.473600883386815,6.2638291442164835,2.366791668056294,bundled_calibration_sample
Groundnut,652.5248973787394,25.308548784314613,61.28621901833483,31.684612741217073,29.054093911090696,29.54501740576421,6.211035429796303,2.5812711281274985,bundled_calibration_sample
Groundnut,476.82049261512,21.307065717739682,63.66251872826325,33.00263070378314,34.798416345395935,36.34201739758147,6.961856739847789,2.3511944034588432,bundled_calibration_sample
Groundnut,828.5637209419436,27.86008293527636,36.3867172274452,46.62868193412401,29.028850278875368,54.44665469484424,6.199978024617325,2.3767170038916716,bundled_calibration_sample
Groundnut,307.2180507834734,28.09647270581636,50.07987595722711,25.350473922268424,49.982585334125055,73.8111050330817,5.444400203708508,2.264658391209341,bundled_calibration_sample
Groundnut,767.2463494202218,31.010544745937988,52.63856906826393,44.776815154863414,32.11649762163413,35.999986426467316,5.9454921343944696,2.30764789429075,bundled_calibration_sample
Groundnut,454.6560090731822,29.465487826832998,43.74458121507668,37.63566260279883,49.08453024996345,12.692086365182114,7.153016526342091,2.2592933016845382,bundled_calibration_sample
Groundnut,599.6067644326736,28.588228358678876,48.549932171830264,11.687436371472856,19.05096811623835,27.29773951646974,5.798792409217647,2.094689378494516,bundled_calibration_sample
Groundnut,257.50095792780695,32.21655683371821,50.37674841854807,54.36489586455204,25.509961146505546,51.122888048228134,6.414807618958256,2.16697471171586,bundled_calibration_sample
Groundnut,714.1270176818464,25.635983004171262,48.380286117259594,52.066954430284184,20.1573791713802,47.16820739852621,5.199068034493088,2.362555752867367,bundled_calibration_sample
Groundnut,254.13601054036184,28.585956376096465,55.3247111081308,35.4566448647077,37.00262552862527,33.3788730786597,5.379303848382171,2.5042326478746415,bundled_calibration_sample
Groundnut,1038.3589936790063,28.89813867914334,45.30874952640764,16.778710154192837,33.187790457359284,26.692600696567368,6.5662946291725435,2.483490136681215,bundled_calibration_sample
Groundnut,522.718138487299,24.60556560964744,40.5371253591432,33.76973405751256,55.33850917597724,40.7145669106879,5.689991493621339,2.3223060856864066,bundled_calibration_sample
Groundnut,132.00589532731829,21.414295850007697,59.77852084150028,22.757715158944535,46.07328787773184,41.08716648856513,5.142320416478524,2.155641946360095,bundled_calibration_sample
Groundnut,975.7425117107316,27.714800169686363,54.29378872810921,33.37540000920127,22.03930672560727,48.93446489775472,5.925826851390945,2.463671895564044,bundled_calibration_sample
Groundnut,536.1624057630914,18.989657587945878,52.995358731534765,31.55253693669489,40.10323146004998,33.85967532187712,5.1870828154977,2.458832048299987,bundled_calibration_sample
Groundnut,983.9386022214727,32.51719819467793,44.86362285200357,26.35600912067759,20.908647348128987,50.89962547305932,6.937521810503083,2.522257976249042,bundled_calibration_sample
Groundnut,603.7742139263115,24.294760693302116,33.53272443366193,29.583588963604292,36.661505933332116,55.5946368056719,6.269430872096526,2.327156949567696,bundled_calibration_sample
Groundnut,448.8810980337125,27.774021214196512,48.04510121915577,27.053855637963128,60.52879906229872,17.293734276502153,6.900847475906568,2.2575474253717354,bundled_calibration_sample
Groundnut,932.6047323764701,20.725117294884058,54.79029744070912,40.864218091996534,22.867067662718924,39.75047752436424,5.800609709859463,2.3522189590840568,bundled_calibration_sample
Groundnut,661.1821449606063,29.34420536479146,46.79067282449503,44.25117182898482,40.03673920398507,55.347349659035686,5.9922826846332296,2.3688136469430265,bundled_calibration_sample
Groundnut,1211.5005888306086,22.216003281187852,69.86760435694259,48.82377574214854,50.42417268975397,34.70107506695323,5.824087680931275,2.246476468579875,bundled_calibration_sample
Groundnut,454.844723846213,25.01012938505173,50.59591284624917,49.64051781929422,41.26683077976494,58.97752265708747,7.872678440454399,2.3544616569050416,bundled_calibration_sample
Groundnut,658.837392950928,29.65970479996972,50.316554758800144,40.0809113116198,34.93629151844641,37.79024953079899,6.1083570236555875,2.5464138461924257,bundled_calibration_sample
Groundnut,524.3603301989968,26.129821660180987,57.28450793063044,28.96200661043225,42.724561337575636,47.74472872358548,7.106698644983342,2.433114614173728,bundled_calibration_sample
Groundnut,306.43164042494135,29.99775123895601,45.84017792793782,40.519604014444916,36.39798936028805,67.99132477939114,5.4571067261489326,2.507823630398612,bundled_calibration_sample
Groundnut,1241.0254922582872,28.949305464318762,47.8379396148488,43.60572508919653,54.444442873360295,37.541180222856205,6.851181113904062,2.114788667107291,bundled_calibration_sample
Groundnut,790.4203974178603,26.184689498966232,45.93093257520179,37.462388239653265,39.25239185454232,55.33420370273559,5.361032612928858,2.329146038751174,bundled_calibration_sample
Groundnut,645.3072839578201,30.70588841250236,54.73240605657258,31.46937426341107,29.21257633307151,31.550653519169472,5.712506281727974,2.469218206965976,bundled_calibration_sample
Groundnut,896.0535551107678,23.082990841661335,54.02610635072574,32.05514546464566,48.773791191938365,55.14728746044162,6.137283874440379,2.416349651455667,bundled_calibration_sample
Groundnut,728.4453496520878,26.102626904973324,61.382250393857305,30.913338036110517,33.57066798319882,62.74737409233516,7.575119338368438,2.3405754326396346,bundled_calibration_sample
Groundnut,334.5813535045801,26.342793050866593,73.12399258066672,33.089093082103325,34.8966366858899,38.241591659434775,5.62209557042274,2.4257136669193,bundled_calibration_sample
Groundnut,683.3289660205331,29.978067416475835,62.610456810092266,41.33401627133749,44.22528600516334,33.41785061566468,6.2967365862650215,2.534826659648625,bundled_calibration_sample
Groundnut,538.2140875679536,32.51044719588532,47.04673852654523,44.96468130065811,31.485368035198697,45.12005459808213,5.448187883052606,2.411269187852994,bundled_calibration_sample
Groundnut,841.0529571327576,34.41527613258455,60.16415780182721,30.22605551682394,32.62823964435924,36.768102926410904,5.825548424379265,2.550363520805678,bundled_calibration_sample
Groundnut,365.4471544630498,23.57345704062661,63.98683798677453,22.883249258454693,38.486965982782536,32.04369473017995,5.581474544519566,2.2406842583287996,bundled_calibration_sample
Groundnut,1165.7319689171318,25.064874016771284,80.63208801237697,31.271428456548268,13.512824120224995,32.5228427500983,5.727357218289688,2.2190744571133223,bundled_calibration_sample
Groundnut,431.6227656519228,29.68752890137219,43.29458721897433,41.508437060549404,30.382534226912043,43.111265997601635,5.019123252028534,2.303895498138993,bundled_calibration_sample
Groundnut,772.889681340528,28.71400105686645,64.18210110153372,21.71551090234206,36.87427134987572,41.53307029169231,6.035263842366091,2.4400128689491796,bundled_calibration_sample
Groundnut,922.050333041902,20.395433194670012,42.76125197313429,16.595946659078603,51.98127775223153,57.39635321211866,6.829238844996677,2.300084070935356,bundled_calibration_sample
Groundnut,605.13706260471,25.25408513369359,43.748596300515686,32.02271471045913,37.99062327097423,25.268346250713137,6.228718185340008,2.3673624703776293,bundled_calibration_sample
Groundnut,546.737168738561,27.409784287458393,41.63070589399712,41.55321082391759,55.219350089791334,63.96496000176768,6.467339916802509,2.3417984514405865,bundled_calibration_sample
Groundnut,868.5524926630166,31.826419417624066,55.769504198140375,24.801697280039043,22.006049284230883,29.671649423879234,5.491057194729645,2.3223426204970745,bundled_calibration_sample
Groundnut,737.0829029601438,23.55623493453522,61.15464552204036,27.318799016877534,28.858719870232605,54.346183901956294,6.82840985407793,2.4758738913531335,bundled_calibration_sample
Groundnut,487.15101651101156,21.153409107053267,49.38677719495263,46.85055130986474,33.80390917647541,28.507713878763685,5.83809293806467,2.3508261287903056,bundled_calibration_sample
Groundnut,748.537573216984,21.815514781587158,62.0022767317423,29.512224199311238,39.243234368935006,35.086422808442286,7.215487936409689,2.4665859989298013,bundled_calibration_sample
Groundnut,910.7189538039602,23.338676837377665,69.82083546077112,33.35917035102434,40.2215381164126,49.746742298387325,5.930850254414953,2.4949296908367122,bundled_calibration_sample
Groundnut,996.6521238432949,31.66740680922144,54.442564070753996,52.43219480882614,27.256936622629294,32.420682570291014,7.438486515758333,2.3935167543409164,bundled_calibration_sample
Groundnut,732.5807083497534,20.72600391190906,53.788153439932685,41.871023834276514,20.070240522726337,39.31592748758174,7.176440589634109,2.267812324693819,bundled_calibration_sample
Groundnut,453.7447749899969,30.03828512825112,50.95320973656934,34.96567778727733,43.150590589605486,53.00928917251653,5.611878296983351,2.5327439369428997,bundled_calibration_sample
Groundnut,668.9659875007185,21.588935777313168,65.41451070926138,42.692288473186835,27.35937050643279,49.777900846857555,6.688515968126147,2.331295917259635,bundled_calibration_sample
Groundnut,1028.6920108005038,29.051239655375518,45.29060691660956,32.844996070968655,54.23313467388061,47.75408794014426,6.821553285707361,2.4946958137110324,bundled_calibration_sample
Groundnut,796.6950708556354,18.873546546439186,41.28661522010437,40.283219597994936,25.78660583719224,24.032127576421296,6.324782656789742,2.319856745248449,bundled_calibration_sample
Groundnut,696.6934062992865,30.594780685886867,73.05247069434645,30.26751371973662,31.11634941039145,39.810297867361314,4.896294194482106,2.2748642244037764,bundled_calibration_sample
Groundnut,778.1465322359059,28.312328217337587,53.43081612509257,27.152228171556608,25.74291423199034,39.966795024602945,5.146117406901596,2.3007245486030183,bundled_calibration_sample
Groundnut,942.2449906972711,30.58976611553288,22.34172143856557,41.06557929201037,34.12233466010382,85.02900717347646,5.309947932402951,2.2125276173047257,bundled_calibration_sample
Groundnut,285.8613372970341,26.476689087125372,58.28265779606321,31.37733296922972,48.80424136815854,40.75235603673432,5.822723986402086,2.5619583116907068,bundled_calibration_sample
Groundnut,410.7172494172336,23.33334381822085,54.1863769832141,30.943294516393475,35.32022317606496,41.062933216485554,6.814188979440186,2.5134861347504573,bundled_calibration_sample
Groundnut,854.218860067581,32.67804359282736,58.31018973992069,25.269726853778483,48.76472554188099,42.79424629041531,6.400066184887165,2.2647150687280937,bundled_calibration_sample
Groundnut,645.6846033997837,25.983091475692817,30.796294147078275,39.9237932368585,34.63914319274094,48.72715558028527,5.170963436359407,2.415662315207481,bundled_calibration_sample
Groundnut,656.4951814868903,23.709287972676652,46.294174558172415,54.79951915285096,48.983615036049095,58.3263294317761,6.1509159133585305,2.2427338674685435,bundled_calibration_sample
Groundnut,1015.1227275450392,27.04505163366469,48.04282007043633,28.9100006370131,24.55069060852943,37.011632018923926,5.188380667040466,2.431657721244157,bundled_calibration_sample
Groundnut,608.7402898635896,28.03534002216889,20.0,23.677188499326014,47.36309348199771,34.106082184165196,7.402290749688536,2.1218196237613403,bundled_calibration_sample
Groundnut,919.3769882130122,21.78261973912826,55.77197127335927,45.31935874184646,34.404290787734325,51.035175943343276,6.77592306204177,2.374262269824291,bundled_calibration_sample
Groundnut,832.6684315872322,19.245476704767732,55.289412413952924,41.48223992728516,38.27268790019429,19.815890756477387,5.383167654125221,2.2882330657459624,bundled_calibration_sample
Groundnut,396.2750788247129,22.69721034257946,55.4137865026076,27.14842802739459,50.04021613127526,18.75573275491118,5.745775128502494,2.230258543147289,bundled_calibration_sample
Groundnut,613.6893248972193,19.983831993130543,40.03187656634549,55.547849860698165,16.755492583366944,40.81544419714254,6.80425236156712,2.201525056054249,bundled_calibration_sample
Groundnut,1282.3440176481818,27.14413697836796,27.698421955068262,20.62463804758854,49.38030264817375,33.935581574850914,5.789182423123253,2.0470043617576263,bundled_calibration_sample
Groundnut,488.9053476684595,30.073496415605756,62.25023762314263,46.91811463042877,52.155809764434586,6.1749734580011335,5.577347516109352,2.13835414317891,bundled_calibration_sample
Groundnut,647.0848840588745,31.417693043818904,50.18215145443246,53.05256237252868,44.92572233341715,12.636020751059469,6.331301243865013,2.2914263112979034,bundled_calibration_sample
Groundnut,738.8571235404693,23.982373393964977,37.691752394821606,14.555154188656239,51.83996279994702,65.87696022270283,6.205777885887252,2.259786768342963,bundled_calibration_sample
Groundnut,952.0596870197778,32.60532763621134,50.13062313798563,42.580416363717745,29.585283386132268,34.37629313496787,6.497682674594683,2.3089697035096717,bundled_calibration_sample
Groundnut,328.7224514615489,32.05123636139183,39.52920639932774,15.577265716897518,29.150900163811816,52.83220101176781,5.680172476769397,2.3768335594789614,bundled_calibration_sample
Groundnut,863.5477038755441,22.361880154055466,81.25368471161772,22.74378626815676,33.60372089460743,65.2020611306186,6.288067025121445,2.2573747512900204,bundled_calibration_sample
Groundnut,589.8069485504235,27.91990754880873,41.683317121700654,30.203195935909978,60.0056795972211,50.043567904314244,7.074729498813934,2.432289333518226,bundled_calibration_sample
Groundnut,765.5368952627796,18.673848193452663,50.99251311613742,29.238372826179045,40.69109357236533,76.63976115547065,6.727435658721645,2.2124127020036513,bundled_calibration_sample
Groundnut,1039.8526349596232,24.772247890467064,59.26830727097237,42.350265231306985,20.69216426052627,60.60402449512101,6.587170045387006,2.3204926922526248,bundled_calibration_sample
Groundnut,880.1370245297701,29.87477811384226,51.74279052479439,39.873222618020634,36.62041608992456,33.5289582770205,6.15920074331818,2.47353887631225,bundled_calibration_sample
Groundnut,895.8360472873176,27.820576409086247,56.609526415640495,49.719343627277105,42.4418195702763,45.416376816479165,6.362161330307991,2.3490195286546554,bundled_calibration_sample
Groundnut,869.9745395943785,27.618094998825725,56.69126865546387,41.24708171637438,37.964138301545475,58.78059846114782,6.403155124319045,2.3408356586999313,bundled_calibration_sample
Groundnut,232.52829988881922,25.596069090253195,48.31829615641823,37.884730648952505,33.11642082104758,5.18731481131136,6.570563807090466,2.3284315884161493,bundled_calibration_sample
Groundnut,388.6776746891566,24.170713445069783,55.515795151655354,29.77884585533927,21.81241582190834,61.48966725516,5.201422037043239,2.279422222307378,bundled_calibration_sample
Groundnut,369.58106145901894,26.59022024730564,53.59491851902803,10.590667751683284,49.22200052298764,40.792167117185755,6.034601160716433,2.3035824919395558,bundled_calibration_sample
Groundnut,700.4237851818057,28.174058919448203,46.56604283949636,37.88388352230925,14.460747304722279,44.83343145866795,6.75654903150892,2.3271166342876124,bundled_calibration_sample
Groundnut,763.6724129699357,33.11407292759416,65.36026180409876,23.7095326687545,18.53358459756502,44.3577859348209,7.284496197485677,2.2597450161801276,bundled_calibration_sample
Groundnut,941.3080001933138,24.641320529388445,52.74694928418047,39.105797079863535,31.763868498639425,35.43685374924982,7.225334876336122,2.506512617945037,bundled_calibration_sample
Groundnut,319.23275272013234,31.51884160687459,58.77926443014227,52.42988282196839,31.1333988192519,45.08971714197878,5.46651562376635,2.3086183505915048,bundled_calibration_sample
Groundnut,371.7900111506627,30.801734784253078,68.70054959901415,34.78542661555888,21.036023736657395,32.60260227669162,7.234561026085021,2.2475793347060473,bundled_calibration_sample
Groundnut,1112.6496542253872,29.22521678517957,50.63579176682096,23.783620661531852,43.464992048193245,30.875226743238244,6.145905755130744,2.171615982051973,bundled_calibration_sample
Groundnut,577.8242299868764,25.67206817491833,60.033562563668646,42.331384871286986,21.993844977907884,33.11175792821986,6.016100941926363,2.3475731079619226,bundled_calibration_sample
Groundnut,999.4262974092795,31.983839497227265,64.88056342038402,41.9286621275901,35.150097287877074,24.19569634327955,6.0626783861535065,2.51024307232485,bundled_calibration_sample
Groundnut,871.9164109115507,21.641145028118686,51.20557712819207,41.687760851296545,57.358817510198065,46.892864752429084,5.910544383469253,2.5178034569189247,bundled_calibration_sample
Groundnut,744.5248175124896,32.56724892844904,50.007953806269214,25.579837946611484,34.79366067973355,36.73255704527935,6.58647856649903,2.3159106975492407,bundled_calibration_sample
Groundnut,410.36282745075727,22.48694315362307,61.066630454577954,28.43568051870495,43.345746067403624,51.296900459601495,6.670895992002923,2.5890603007283266,bundled_calibration_sample
Groundnut,585.3571093000714,27.8738851426698,51.55952351461208,41.59065387907676,36.086276701948066,48.89882431292394,5.710637633185274,2.6135991531158878,bundled_calibration_sample
Groundnut,734.6923300746664,33.17399882220693,66.8307329800757,39.76947517984017,28.494433502160184,60.12016554564043,6.259201507839671,2.447452559108531,bundled_calibration_sample
Groundnut,620.5132548891463,21.220648032068972,62.18017028317056,42.95273206875371,14.162295291649361,28.92359772209357,6.283317487892102,2.302360880441688,bundled_calibration_sample
Groundnut,776.0447301342924,29.707820897500362,42.63034250293292,44.63901579907434,10.558692452747412,44.93740442374597,6.455869370206162,2.481198366691387,bundled_calibration_sample
Groundnut,660.4048569691356,27.90989670491109,68.34299547544629,39.95260164171963,35.14980819856724,31.00169167524434,5.72754639542116,2.3781651800805057,bundled_calibration_sample
Groundnut,878.3448105816981,22.757821476947292,45.28184662600323,42.47421419893662,28.490369809408453,52.361469084050626,6.049704964304999,2.5341813063536787,bundled_calibration_sample
Groundnut,287.06525746659275,28.089631468728513,35.2862349088839,31.35846304198036,36.560016201006334,37.18151394202832,6.583059843617531,2.362940706262674,bundled_calibration_sample
Groundnut,805.3612786488741,33.08259224140161,49.42756886499631,26.596470355075887,19.728319759686496,50.698277186545354,7.274850844751993,2.4398973750862516,bundled_calibration_sample
Groundnut,879.1449047878173,21.423006915478584,47.62195753041732,35.97877900224547,41.922971561421065,31.831286050270347,6.3297714776829626,2.56982889334408,bundled_calibration_sample
Groundnut,585.1276106444848,25.465373408377168,45.92521291116201,21.821757177806347,70.87335480709243,39.18043585185074,6.272969492177968,2.1798006243774517,bundled_calibration_sample
Groundnut,735.6232976742713,22.798217059449648,52.56991200933904,44.17663842554913,37.55320659099275,55.82326797779244,7.013185283349549,2.5448049323353628,bundled_calibration_sample
Groundnut,524.8118925151757,28.662564557831804,44.4077582524631,34.361713504633876,48.41288057428888,23.179908735450567,6.8722625076121595,2.2599549725473937,bundled_calibration_sample
Groundnut,990.4058059193151,27.63910046198879,67.48166509094733,25.60861541348133,46.36987572575914,64.96803403634078,5.1706206035859985,2.2593276535841724,bundled_calibration_sample
Groundnut,437.68326108371787,27.35560133757078,58.27099450189132,38.52699545318334,25.555411900621777,47.10700042449496,4.268634423345427,2.2750050790088627,bundled_calibration_sample
Groundnut,606.6673389807868,32.133415295636766,45.11543854031383,15.259026693109824,33.54165839245104,53.25570607951091,6.594037745252127,2.417593486742469,bundled_calibration_sample
Groundnut,884.0176444886982,25.00526496539285,63.87711710921049,29.098137853923305,35.76080612666515,26.05842170079134,7.141637541153553,2.4504703661263725,bundled_calibration_sample
Groundnut,682.9698929910506,31.83196264722656,45.70162002857508,16.326609388251534,45.75049593115851,31.06659877447515,6.146324491511719,2.342965632384678,bundled_calibration_sample
Groundnut,909.908566775515,34.40812072237705,43.11517122554033,23.770133949737144,36.173443842790064,52.519083266648494,6.120545448095487,2.379462618554231,bundled_calibration_sample
Groundnut,642.9186929709622,25.70185290003194,56.21268106344492,23.48533497162738,39.49989085180356,31.677303461719653,5.572716287433137,2.489071571884185,bundled_calibration_sample
Groundnut,554.4172307773019,27.378704331367725,67.64106481687647,29.43591932111596,37.139767142721084,60.95324047253226,6.41049913381782,2.335630860719781,bundled_calibration_sample
Groundnut,688.9584050492325,19.52654533850045,40.7391926012528,58.28343325682647,48.848684067549655,47.50681508280738,6.573132204458911,2.188240170613249,bundled_calibration_sample
Groundnut,30.0,22.22290761884583,51.46616687413477,53.36109461350186,10.630904963214391,65.76003284989936,6.6783265986260005,2.0911590837301177,bundled_calibration_sample
Groundnut,775.4725416792182,28.242402578473897,56.76490306378896,35.60177215656953,31.39378005127499,57.41157598732514,7.200588183473725,2.601575512378546,bundled_calibration_sample
Groundnut,947.1890327709762,25.947446268523148,64.95707873549279,15.012687148612425,51.334430952649086,27.536359353627837,6.51990305446038,2.390291452627244,bundled_calibration_sample
Groundnut,224.81198202357007,33.721953486945004,54.60556648282149,44.80157345812359,29.379061296288764,40.767310708895465,6.7009382948580365,2.3004919137887487,bundled_calibration_sample
Groundnut,800.2445720246301,22.27749719544423,52.613917853321446,20.105852950270215,46.212818440031526,54.19274148486833,6.401801423014562,2.272448802327493,bundled_calibration_sample
Groundnut,684.4842982054814,24.816889592321644,59.482632639208404,33.711376304180185,48.7232398759456,51.1396844458455,5.028315011215983,2.384181883880737,bundled_calibration_sample
Groundnut,517.8628230057611,26.65395083569078,45.8541914673951,52.77592466167724,22.111879597725856,26.960565408438747,7.512089590459261,2.2100290702557563,bundled_calibration_sample
Groundnut,837.441616551444,26.142798700942464,49.82204974162124,47.53946303618862,50.788080078298165,27.519855411913305,6.689819544996158,2.271581729715772,bundled_calibration_sample
Groundnut,1251.8753661473647,36.19070012983532,53.86965368548009,50.07593199241698,12.985900906028654,48.635015387349476,5.500818855539364,2.2717897184250258,bundled_calibration_sample
Groundnut,391.48438770524945,24.288259389757375,45.31385080524484,33.57875138470652,32.04094468989561,38.83437782216212,6.458490926182137,2.3959352404191536,bundled_calibration_sample
Groundnut,148.6961354794662,26.008522620664362,59.03210724389858,37.944671457418316,59.60150818201491,65.92848436204409,4.902370651218925,2.218696014070502,bundled_calibration_sample
Groundnut,152.59145542806857,22.337491720593853,77.17114990528759,37.650194700041354,18.7216543880445,29.235829017361425,5.524983052808778,2.2288349106015684,bundled_calibration_sample
Groundnut,636.0047270856695,17.41947854910935,57.29382380774281,34.08290340209606,36.314156508607134,39.51770740780582,5.828769335401136,2.58867918607407,bundled_calibration_sample
Groundnut,800.96605763203,21.32889966234635,56.841382688466226,40.218789960378956,23.428898605465392,37.80340985621553,5.87784174054942,2.361016926724937,bundled_calibration_sample
Groundnut,503.02189868135673,23.482295705945063,58.29657683930946,21.034145187410303,22.371284894642283,44.3305347425839,6.3006223713861695,2.2364748032113044,bundled_calibration_sample
Groundnut,758.3308130991886,26.528734679659056,46.30231357084616,32.455198384386065,29.142071446027618,66.57821780144315,6.157733125012223,2.488321361156069,bundled_calibration_sample
Groundnut,745.7856099965257,25.817862507912974,54.27757455247561,22.203961747095093,27.005404616920234,78.36878878823003,6.127445355071093,2.1312319776386177,bundled_calibration_sample
Groundnut,657.3997601529844,30.452665943844387,68.25528196581425,55.52134051693662,44.36694614626742,43.21835335609844,7.208451403400879,2.461113621905336,bundled_calibration_sample
Groundnut,934.4254825171275,23.333974105951665,70.1633365253823,24.68679635261403,20.960831114587243,57.142439193967284,6.360357184595476,2.3353040505175175,bundled_calibration_sample
Groundnut,631.3341794520408,33.078469090686404,57.062693523193325,48.02066541671484,39.7249279577597,46.27689417739992,7.248986092281563,2.4083738780661488,bundled_calibration_sample
Groundnut,511.46708857686303,28.30190772862649,52.52792139158009,37.46612026332081,21.953370697999684,44.18902288079091,7.894097516819946,2.464138557099319,bundled_calibration_sample
Sugarcane,1050.3765833450225,24.39457735705902,50.68626994202768,44.09106169534418,62.74517811121251,71.43455092411185,6.737221782323086,76.50807110584643,bundled_calibration_sample
Sugarcane,931.0782344589243,28.97028953003107,69.50719606906776,92.07968954795966,42.43904309128312,44.948867975367556,6.339417293234096,77.57462665143582,bundled_calibration_sample
Sugarcane,895.5724045212909,23.82727341649479,67.53204794143593,113.9939191298433,60.59123331257201,31.22958753004982,7.1429668275396745,71.52774016115349,bundled_calibration_sample
Sugarcane,774.8371425674484,31.986398610536913,75.44223359556035,120.2768090382789,79.77670245831301,70.67885087485045,6.355033096560503,67.21648149499613,bundled_calibration_sample
Sugarcane,1081.4663117914467,23.082526169907158,66.17315500244125,120.91485744579231,46.6712681116005,75.18361494656185,8.309039168042542,74.17664065226369,bundled_calibration_sample
Sugarcane,1130.3126233037922,29.262627512425464,75.98591716305981,104.40709476625467,62.372314818915235,50.511232427965155,6.731600057642174,79.28288937663397,bundled_calibration_sample
Sugarcane,938.8932477953452,24.09278844718728,62.67571137747026,72.09308062532527,54.73054736762853,43.52023974170237,7.389394796138355,72.15535611244879,bundled_calibration_sample
Sugarcane,936.8276673002003,27.984267334624032,66.7369113463985,64.74131154512673,62.513609480016775,53.64920929758221,7.177153146883412,77.66114807035915,bundled_calibration_sample
Sugarcane,1856.97175014752,27.10630002717371,72.39361858557874,110.07198503874847,22.194827870078704,50.21512189331647,6.638563323469126,64.92866630190574,bundled_calibration_sample
Sugarcane,1041.7619197310896,22.841960490124233,57.68511901711244,77.53959830217462,60.201576338576864,85.11539870961789,5.761097607269096,76.8122146876349,bundled_calibration_sample
Sugarcane,1744.8476817809483,25.361754998573225,63.95186494548467,117.30076408027692,42.15207123881061,65.38099349527928,6.390285572748894,76.1282644591876,bundled_calibration_sample
Sugarcane,809.0006007326939,27.345149395697398,71.63813912901396,128.1314570836021,42.50918124537968,73.66422966423755,6.593929167790724,76.83439511347049,bundled_calibration_sample
Sugarcane,955.1687818128368,27.158870780435524,74.78563165570675,64.1457064257318,52.13150641035188,34.86171027913725,6.869693883484319,71.18511781126031,bundled_calibration_sample
Sugarcane,1374.8354684852845,35.08699962914976,52.384671803263174,46.26754465746504,34.23899585692922,43.664186968462744,6.043425515723317,73.45313685798295,bundled_calibration_sample
Sugarcane,1221.6359279989422,38.392795977261585,56.220710741217935,112.9261414038635,62.794665628117066,92.14600844744432,6.039895523459453,70.72247855457815,bundled_calibration_sample
Sugarcane,577.8555085052882,26.373467656100097,52.01015393308688,90.63288561392581,44.21177916794252,39.070432491286724,7.309411781611663,73.26439314253582,bundled_calibration_sample
Sugarcane,1532.7531857132476,34.581713292921776,51.979134826173464,143.48443527576438,44.139173422063294,70.51640767384191,7.723652432996772,68.40265186428516,bundled_calibration_sample
Sugarcane,1282.8601154605417,32.344985526464995,67.16944665607596,84.43016891304777,51.673901079407344,29.523586934443536,6.775202377747238,71.77206495804151,bundled_calibration_sample
Sugarcane,1497.7990743718292,16.110293831693625,78.10017106004055,102.77681231279003,59.554656287967425,68.8579014280686,6.3376822772901455,72.81112315787641,bundled_calibration_sample
Sugarcane,1076.9360284099628,29.541094489343347,55.721084282910034,78.23256627272676,63.824526111737555,55.7407367839908,7.551816409996597,75.80450040944105,bundled_calibration_sample
Sugarcane,1263.3280114255547,17.917916119616258,56.75721230053949,117.80692454035825,65.61884406422058,69.07907875013768,6.238422389890664,73.13710211967401,bundled_calibration_sample
Sugarcane,1905.1167553685887,31.315229318331117,64.23632189979016,73.66653696998412,29.70799523736974,47.5526275479735,7.1585287508842015,72.28510861089613,bundled_calibration_sample
Sugarcane,1525.327048095826,25.89595712451805,60.30415822820226,51.812864136893076,62.4677936456726,68.01082776830516,7.782629840089702,68.27419441480735,bundled_calibration_sample
Sugarcane,629.9290430451802,21.733359819361205,81.2333174952456,92.1818241858554,17.903886235335953,77.74812371978064,7.5068314190618874,72.63570888484502,bundled_calibration_sample
Sugarcane,641.4641297634419,29.321780675072308,63.78083203990648,86.96974668478173,41.26355290408314,36.82225696917987,7.070390444953028,75.3069226670649,bundled_calibration_sample
Sugarcane,981.8138140149005,24.14997471260998,56.806195100655486,65.40095795072133,65.19009240122625,39.23639814777165,7.470819274368634,69.93459125227749,bundled_calibration_sample
Sugarcane,809.945301154874,29.164928772318785,73.7193900644205,72.47845917092818,71.34432636925854,100.93589882093457,5.899850877172918,65.79664888964001,bundled_calibration_sample
Sugarcane,1333.0317317341164,27.54319452819801,75.3187118652651,90.73435839776477,48.42533707158686,53.44535470299916,6.532757184832182,76.63067615767847,bundled_calibration_sample
Sugarcane,1620.4728286230313,24.80972752433012,63.53244125400724,72.2735548473478,40.51965276237174,62.958636873405794,8.08599033083093,74.8288514495248,bundled_calibration_sample
Sugarcane,1495.0127239553021,25.90086762968482,84.70690066754219,47.10149685407347,68.74434861265219,34.52727074884679,6.916083847549565,70.17713690978225,bundled_calibration_sample
Sugarcane,1271.405639386096,32.303307798134455,61.82355957374279,107.28003862613632,78.40461906857871,64.02052855846226,6.288685856764159,69.77733356414716,bundled_calibration_sample
Sugarcane,1009.6610053616083,32.9586079846596,66.44269733393183,111.45426262952539,69.35302336829704,42.71021015257021,6.891865827878911,67.47324366621805,bundled_calibration_sample
Sugarcane,1422.7385701073645,27.050143483756727,70.14318937226537,81.24159803613463,67.51777166362685,59.402098076676154,7.313753264208333,75.604316994453,bundled_calibration_sample
Sugarcane,1528.732223471843,30.721147580526182,82.57073960508734,107.89112582001556,41.90349606493914,73.9466356007,7.34379622389519,68.98932238109637,bundled_calibration_sample
Sugarcane,1330.6434819650422,28.582146145652437,68.09059268736485,134.5184751837674,54.450715973591564,48.02374697234319,7.278195999678358,73.26748884671655,bundled_calibration_sample
Sugarcane,1325.0224205043687,18.835020937429086,65.15546060900172,83.81027516937696,55.245193656530795,59.90772496432039,7.636634243819329,72.89519359006805,bundled_calibration_sample
Sugarcane,1541.304299271444,22.08679434005362,53.815282166848874,81.3274331500911,53.821882911342456,50.692744086528435,5.189336003632857,76.07552806368267,bundled_calibration_sample
Sugarcane,1032.7115810358844,29.073578801928498,60.73639449856219,141.42384910478,68.00804325986309,64.91498540384822,7.164916556802422,71.47426136340555,bundled_calibration_sample
Sugarcane,654.1843482937729,22.717034632668152,72.27092394002347,136.9473975077568,27.274057892457783,41.511965098296145,5.773749051204872,69.89717671417752,bundled_calibration_sample
Sugarcane,1506.2554048749362,22.994770946748012,89.1534076715952,57.56173506927846,25.748721119435352,33.86177266220314,9.0,60.25877089571836,bundled_calibration_sample
Sugarcane,924.2066649446986,18.633611236403894,60.32158646679444,138.2881213709991,75.59995880737107,47.338227778823565,7.904975465084538,73.37383652791935,bundled_calibration_sample
Sugarcane,1210.2279230410722,25.776624594668696,61.01053273910841,111.31806977428542,59.08906517591504,42.7885537194193,6.890809497730725,75.98098446052475,bundled_calibration_sample
Sugarcane,1495.7541615102757,34.50498880369983,55.17909935167954,56.538690479988425,21.841679186467868,57.01311358940637,5.498788581186222,66.15329422263103,bundled_calibration_sample
Sugarcane,919.8862632626876,27.63288504914954,64.71405116397493,94.4054286254369,58.93506605485878,62.863506736349144,6.698833709497856,74.48523003695838,bundled_calibration_sample
Sugarcane,865.1091631716968,25.690903465667,70.45597543448734,62.5941076387952,58.36693502520774,71.76981965256509,5.836976569118336,75.05659204494455,bundled_calibration_sample
Sugarcane,955.1938196364073,25.728980145557433,54.99663558275709,72.2235996821839,49.34819855133386,34.272429276674984,7.850919499027286,69.8811061653005,bundled_calibration_sample
Sugarcane,1330.3181833787664,29.36294892952292,65.44870053979672,117.39769337973725,28.933243730986103,42.0813194308372,5.6359145287954275,70.08657930351453,bundled_calibration_sample
Sugarcane,932.0200642791356,25.318043851599032,64.9756271281816,85.52422685675882,60.362822985934045,21.103999666554905,6.805017609373312,73.64155884656836,bundled_calibration_sample
Sugarcane,964.6830679292262,29.85421849934867,54.670620257990024,44.88884361423665,48.6987528337324,59.16270612394765,6.876191265610222,77.92588969779239,bundled_calibration_sample
Sugarcane,1002.870252385546,24.471493810402816,73.49098092786495,38.58023281612626,33.64821977240783,39.69786305106571,4.819362783094131,64.52498488809088,bundled_calibration_sample
Sugarcane,1605.1813956135434,27.157360201232095,59.12651863313312,55.22350323779568,52.60950422635135,106.74536034604571,6.887715531713429,70.96375850058193,bundled_calibration_sample
Sugarcane,1177.5546283764525,27.658562913873375,65.50663583108074,62.049454763231935,32.19965770383788,19.206105657231063,6.31095219668989,66.9505756713487,bundled_calibration_sample
Sugarcane,1230.5958981995893,30.093641116708017,67.59709934933959,124.46891551306624,52.14366519604254,55.66631506401361,7.850243461733439,69.97126171006724,bundled_calibration_sample
Sugarcane,679.9897110477029,26.000840287384438,64.32005289745537,108.27183873782886,70.20538229851718,38.43576985126557,6.263159352723793,71.81546566101643,bundled_calibration_sample
Sugarcane,1398.8461807369854,27.170402763616224,59.071457099326544,82.28625942207927,69.72077082841146,25.5954070414368,6.398037689972802,68.64092745437007,bundled_calibration_sample
Sugarcane,1441.6900944602685,21.357600086770873,66.58181494091126,80.28250750036221,33.431213099911574,58.107668865739114,7.769293890496348,73.76397079674915,bundled_calibration_sample
Sugarcane,1300.1733399879486,24.294173636853166,60.30053294070845,65.99856755083589,56.7954951413666,87.38944097006026,7.020875675081804,75.38211026267233,bundled_calibration_sample
Sugarcane,1244.3198574251048,28.911872273015494,58.72951805347611,152.03985126085217,54.28408556773241,63.23561222015125,6.365569250582079,73.87617468787106,bundled_calibration_sample
Sugarcane,772.8167023446247,29.896196199569737,74.84611029340756,113.4291636591926,64.7085070303285,79.71409857551728,8.06663405147816,74.58970425935605,bundled_calibration_sample
Sugarcane,1052.4561441185228,29.350684861369782,82.05357385283398,58.36139654085145,51.215520185278464,88.82863898630953,6.722483605362004,67.89282858924885,bundled_calibration_sample
Sugarcane,761.3829467287998,27.68748596832351,78.85655588979472,97.34259161652547,43.540762046496226,55.453419017385286,7.923260840723866,72.69042768089069,bundled_calibration_sample
Sugarcane,1444.1045963897657,29.099404847251517,60.45036542711014,76.47497872024495,29.12014941627623,85.07203618740553,6.765989987568459,69.8683310689036,bundled_calibration_sample
Sugarcane,1222.2535781563754,27.746519504955902,57.55193393357315,179.6711376314925,59.94205021682665,54.65950648212743,7.938881168799443,70.24778709418817,bundled_calibration_sample
Sugarcane,710.5516636885301,24.379408517215225,62.81947983329955,66.03604084598872,31.266498739815116,66.03652540778712,7.485581650354682,72.61981535446319,bundled_calibration_sample
Sugarcane,1077.6122227092178,29.521122838397588,66.51427804291998,96.33688877677639,37.45828492565268,27.40791948721637,7.550664313111835,67.88650773119033,bundled_calibration_sample
Sugarcane,1044.7818723785113,29.41896148600067,65.77545551798559,106.61990315481715,36.770767750464614,102.24207163072714,7.081774895026119,75.11122727745767,bundled_calibration_sample
Sugarcane,357.42744736515886,28.173273454026667,63.08577606462567,23.055090380906776,33.0272873356382,10.061539842444368,7.887446806855866,60.58255028553575,bundled_calibration_sample
Sugarcane,1577.4832706391035,23.128281306146487,72.93574576349074,90.4130437763891,67.67621542438758,75.36547974507486,6.44741376102243,72.11991175192534,bundled_calibration_sample
Sugarcane,1226.2278348231494,29.705707953467705,67.52275652728244,106.29791319119664,53.30398856477648,60.01197047389819,5.830834669504748,80.30083583602604,bundled_calibration_sample
Sugarcane,1275.1857168395734,26.43363053013743,74.57914131481765,58.45693714216774,72.89007238694862,21.1802654504486,6.962741621526319,65.19964366228787,bundled_calibration_sample
Sugarcane,1365.627168590171,29.688756547318423,62.20021157592306,84.92585108950436,86.12450942241136,66.84922860332134,6.902174439223103,75.80591801771378,bundled_calibration_sample
Sugarcane,986.6087296268269,28.051214961989878,63.934999722742,102.35446232213006,69.26213662970957,66.47111235317598,7.77268133502628,69.9970106159264,bundled_calibration_sample
Sugarcane,1285.2981203448558,33.20865213461771,52.08826903915585,94.43800932469965,31.70825547577246,40.849941896764044,7.081691236593934,72.04562757279695,bundled_calibration_sample
Sugarcane,876.8847521448722,28.19173653093272,68.9806680733886,112.15840479286157,41.03160267966448,81.80868000379061,7.531005312592485,76.06008337318555,bundled_calibration_sample
Sugarcane,1276.6588929751185,24.32313184979541,68.19741535372276,96.79810229281527,38.18597109108153,46.27357211545973,7.388995827936056,75.07780833505524,bundled_calibration_sample
Sugarcane,1051.1797625088086,21.47584614765703,75.20488574291107,122.02267862728496,36.86392824173357,63.834370046542254,7.033368364703284,68.89763641201304,bundled_calibration_sample
Sugarcane,1633.9464342678307,24.29309791169395,80.5980133279243,106.2427893028285,51.81358273055193,48.303943319377396,5.65747037611043,76.11701128554533,bundled_calibration_sample
Sugarcane,761.756580645905,34.91076097777621,56.35370280517151,76.73378482314013,48.377975508669024,59.02737585699609,6.496502349109776,72.55523107110662,bundled_calibration_sample
Sugarcane,1068.412786417006,38.54897314219012,69.89844544499711,46.691305113069085,39.070568056301994,77.13965056757532,5.340676894537262,70.41464278652889,bundled_calibration_sample
Sugarcane,667.8083806048153,21.664172288319964,53.97818250510755,66.9734592738661,38.15210740792101,38.27350491396804,7.468861589639055,75.54432739719037,bundled_calibration_sample
Sugarcane,1081.5852036852575,22.630013179273263,48.27042455159584,71.38368030732686,90.8494671267004,61.43338704937752,6.531085550816176,66.63834063219264,bundled_calibration_sample
Sugarcane,1238.2544642498983,27.70400037700046,52.72534420264955,126.50040182287711,63.882527587247054,38.49413013068349,8.272737548755764,68.30797076712231,bundled_calibration_sample
Sugarcane,1372.2799035419703,26.11134103842481,78.64978400528082,112.68421509288666,68.94369029831645,35.97107217581771,7.67362854441325,66.21975505685486,bundled_calibration_sample
Sugarcane,1253.578889273268,26.990242728247278,67.64713272126326,91.15222949597836,49.080373849732766,25.972988682665665,6.971783587336908,77.39803418815501,bundled_calibration_sample
Sugarcane,1381.4875739442352,24.473516805795576,59.647517151765015,70.74789192161586,52.8343591160366,68.93951676752616,8.485388293912692,76.95837975708743,bundled_calibration_sample
Sugarcane,1143.274163293262,21.106428117080814,82.81688641726247,122.33155713499241,58.68547205397311,56.348381584979045,6.870223272120929,71.8153687210559,bundled_calibration_sample
Sugarcane,1506.5059225732898,26.5532482539239,67.83306001246324,87.72870361137124,61.28065588631081,88.3351439151958,6.104396449148341,70.87211346587365,bundled_calibration_sample
Sugarcane,602.374864617964,22.839417390635955,55.904116762632974,73.27878658840788,88.237018343796,61.06977688222368,7.901932437939655,67.75494047477936,bundled_calibration_sample
Sugarcane,1286.0853214267172,29.64686922358476,64.47887920144562,85.52776162598225,59.953994432812145,26.20145334699376,4.0,61.76680414480847,bundled_calibration_sample
Sugarcane,590.251559820655,27.943988949455868,63.36874791567867,132.2571458723154,38.87541642508362,64.25233484636549,7.6996259482181655,67.21394380221736,bundled_calibration_sample
Sugarcane,1072.0985097352839,26.33779743772049,40.261039515572946,92.35586907235744,74.29947501313771,64.35692613392153,7.142186553673355,72.37512795877252,bundled_calibration_sample
Sugarcane,1139.9714584033657,23.916013977719086,70.1029341313112,97.08352761546243,42.96424594275406,77.33900756895518,6.687604443163803,73.67287148634081,bundled_calibration_sample
Sugarcane,1100.6143811124225,29.15916639742814,41.694139147189695,58.4815026711573,62.72100075045417,73.39297510708728,7.748598028896469,72.0083955209061,bundled_calibration_sample
Sugarcane,930.6788558998315,22.481895961809048,58.794670756094945,111.76078887955097,52.26500311938441,61.26517989894379,6.913232168451967,77.83995372060954,bundled_calibration_sample
Sugarcane,1012.9846968548453,28.77713806198325,87.93935107874613,58.847682489256194,54.91099439683166,60.45696936176265,6.860012008907956,78.00360125527423,bundled_calibration_sample
Sugarcane,816.0326971100567,27.824665765173744,57.807112472299075,94.60568119277177,46.09892493078259,71.83612054329983,5.910707339675596,72.63963838917985,bundled_calibration_sample
Sugarcane,1203.0830235224141,27.419173310072658,60.13556311961695,113.34366813074612,38.56179064538414,31.02885106135526,6.9292922679102595,74.93265255449128,bundled_calibration_sample
Sugarcane,910.1735672301919,31.37041749325919,64.62251897093816,99.61938426592467,48.48997919963383,75.90929818663292,8.876101869830231,77.03395493997854,bundled_calibration_sample
Sugarcane,1219.8582004721989,23.47625134741383,55.68771253534342,92.96444259297103,61.545609966301946,51.43003281594264,6.500248947612649,76.23699274065828,bundled_calibration_sample
Sugarcane,918.9273663329027,21.271916967596795,73.73443301770322,147.13347682316396,56.18688610439898,115.43739699074975,5.906236014294523,66.10904384387648,bundled_calibration_sample
Sugarcane,899.9242675625037,19.482720337827313,63.60533198178125,139.09726089224415,31.928257660131262,60.74248590100853,6.214484544829935,73.6786114718879,bundled_calibration_sample
Sugarcane,879.1932679177482,24.902684017579627,61.70461811891329,32.51944141501002,53.500837854409376,78.48966303179547,5.3549510375432305,65.27176318747222,bundled_calibration_sample
Sugarcane,1103.9935696078458,22.041285672928357,68.66028532224864,110.10361321569044,49.610344342451796,45.13670522062674,6.4635031360562705,74.28680343771188,bundled_calibration_sample
Sugarcane,1024.6729349215632,30.775227096072083,60.76732582607973,91.35926477133184,59.539091302994436,54.53372760327817,5.655050105385822,77.70327859781797,bundled_calibration_sample
Sugarcane,879.5755463039661,25.858712111505184,45.12241416348842,111.13304556093459,47.74116169495201,32.23961862188837,6.729623286969477,73.6659128066881,bundled_calibration_sample
Sugarcane,729.5054137912466,23.478075280002145,72.25129193699179,114.57755338698142,90.36984449019859,57.26770681613067,8.091460430457976,67.78636703861355,bundled_calibration_sample
Sugarcane,1169.7236080021514,29.856370902317035,67.15890769946827,37.64598439319993,73.9029771416271,43.41443892092231,5.132447748740718,66.55742074629376,bundled_calibration_sample
Sugarcane,1240.0545043808359,35.33882233782107,77.30635408810768,61.38351553805792,73.29283961177394,88.05535708027735,7.423667062681663,65.79955003595215,bundled_calibration_sample
Sugarcane,1166.6028966425326,28.307436873271374,60.60226243871286,38.833757771432104,25.766752353514313,49.66442466164416,5.942502124854702,67.69333437396484,bundled_calibration_sample
Sugarcane,1286.342185277944,29.153287877459523,78.20865983763795,60.53624526357318,60.76343912749461,69.58703193917718,6.68426327514679,78.39205616941408,bundled_calibration_sample
Sugarcane,960.9827634832163,23.897405667555375,85.74872439094958,72.79388732269041,43.11906635172362,48.47734970606961,7.052651764355613,76.90644395790389,bundled_calibration_sample
Sugarcane,850.124867971061,32.36702564260366,72.42091762017576,133.72534546093755,42.069943737647606,54.51721986931225,5.35330777215473,69.21841663902575,bundled_calibration_sample
Sugarcane,683.1891979926888,21.777657449842003,67.10997477416458,115.40109074523016,42.68829194161053,65.67851761462276,7.062263120868917,69.75883774341746,bundled_calibration_sample
Sugarcane,1154.5091039708893,36.07390937485323,60.12871815952325,48.395411839586906,62.332260743133965,68.52308394173447,6.305042017364316,67.64941093323627,bundled_calibration_sample
Sugarcane,1466.7865931205674,30.22703512690716,67.78362599828668,89.2606885899094,77.48169336106501,43.53008798117818,7.606970619094604,68.90890409589937,bundled_calibration_sample
Sugarcane,885.1304867584,30.463747764208843,68.87138386703931,103.7207799528157,26.718961920048674,57.89067704021869,8.31913484288515,69.5875413853541,bundled_calibration_sample
Sugarcane,1380.949922303686,21.84749215961223,55.56357624954243,131.26555438985912,57.64589746990296,100.382297836525,7.772560439271505,72.51748461079302,bundled_calibration_sample
Sugarcane,930.7005094153186,30.79199857416261,55.706900585959346,153.0904095763635,61.20505005611193,66.70029384602759,7.641121327375577,68.77606795829992,bundled_calibration_sample
Sugarcane,1427.9189435241633,32.59339681067701,75.7271254982891,61.918580227045425,33.77992268192298,24.763032504257005,6.675262127760046,68.49273182131803,bundled_calibration_sample
Sugarcane,1444.6576351764702,25.455614444988637,74.70113516451468,80.7542455558402,94.36060310612237,85.79770451693442,6.656413768765413,68.91066438624412,bundled_calibration_sample
Sugarcane,1167.486768574409,26.817696360498122,65.96137343279119,85.86638318498532,34.05462244141375,54.87873633812046,7.337451581914614,70.64632447932458,bundled_calibration_sample
Sugarcane,1442.2820676684416,18.568909588744994,44.86781297450557,96.89600246263251,54.619527581261885,73.8947156276435,7.034004891079824,69.77055909115478,bundled_calibration_sample
Sugarcane,854.2432525525412,22.77705647784218,59.13995098033347,123.74741900053311,38.60154833878756,94.07578508750714,7.251416474194655,69.56058576431816,bundled_calibration_sample
Sugarcane,1348.1145381609276,31.072790587443762,65.71529166071066,127.34702136216768,68.97465923596263,70.31874613764411,7.170224542053208,68.9082307770536,bundled_calibration_sample
Sugarcane,1236.7522403513144,31.4792868677351,68.00991706826981,120.76073080447452,35.03103633852259,42.726984629965855,5.992488743791705,67.86272319509821,bundled_calibration_sample
Sugarcane,1305.6349706902247,22.732082172495417,74.45060949387116,95.409407419192,61.723562316398294,39.49774523721263,6.367467952720933,77.52446219391219,bundled_calibration_sample
Sugarcane,1217.8011409890876,30.15866181501151,70.59554159607757,91.62213023330757,37.66844992760848,53.73224756161823,8.065034391914024,80.47163768642754,bundled_calibration_sample
Sugarcane,914.3966616408993,30.027282107978902,48.964722350125385,109.3229830386181,31.62580017356787,54.02333786256228,5.817690221121628,76.53759365076706,bundled_calibration_sample
Sugarcane,1208.4917976130673,26.24121847777861,66.49681498373971,111.28902851807533,53.54374814861979,41.62590788725484,6.4168376626028305,72.24190999493027,bundled_calibration_sample
Sugarcane,913.4413834508298,25.47465211878055,65.00859538755729,128.75011131658948,30.467397821860292,44.32096875039279,6.341680136234901,72.74834978371912,bundled_calibration_sample
Sugarcane,1206.9577793906167,17.060931237769694,63.0437236809768,57.33906983315434,52.120813371873055,50.90673668936105,6.518614920617408,71.65942409908268,bundled_calibration_sample
Sugarcane,1013.6932859867632,29.749970805156547,68.38136519254894,67.93024126061098,40.95978038597892,68.95456311776637,6.848619908443386,70.91938187627802,bundled_calibration_sample
Sugarcane,618.3325703303416,32.73246434516584,75.00617500717908,106.00472852911423,51.26472788259035,52.77314403749937,6.824623911798798,75.27510177496085,bundled_calibration_sample
Sugarcane,1338.8445282112716,34.193970033373255,65.60038250076038,123.14348819725501,33.097926839343586,50.800050119133694,6.345697091354963,75.11417630230208,bundled_calibration_sample
Sugarcane,990.3835275121279,14.981780836343402,66.94448494033821,128.30524681065185,11.621570963560984,70.06235709316965,6.469475575066725,65.09990806945596,bundled_calibration_sample
Sugarcane,926.6255005710459,21.161412884532407,59.23892436837246,126.48532592918183,49.17691304567169,68.04926369479034,7.814268785533256,69.96404928986532,bundled_calibration_sample
Sugarcane,743.4237493060066,14.805962967055123,75.95612470573475,96.95421780509557,69.2133397360218,70.71558648905116,6.787429432815201,76.01258981684259,bundled_calibration_sample
Sugarcane,1339.4109999777372,22.53893373411614,67.49482234169061,106.59839644857556,25.663121611803742,49.35900051209684,7.6371662244804455,69.01501595505086,bundled_calibration_sample
Sugarcane,1257.6680657205188,35.768431931924376,55.6893872105686,97.07755037066522,48.89082046623128,88.179066257646,6.787437950977261,74.85706285806235,bundled_calibration_sample
Sugarcane,982.4734364534613,29.342758482620393,71.7297992627552,78.00435722170691,10.065606638512548,70.28957016601534,6.701156817050113,74.02566229847038,bundled_calibration_sample
Sugarcane,1190.5081127113583,29.545795551867606,76.78610833914874,70.79377571770513,48.535931672326406,69.77981613115456,6.176019732092013,77.84802260191961,bundled_calibration_sample
Sugarcane,1396.1407517698117,35.5846133002653,63.00382790554456,115.81772713173771,57.296279275214886,79.8525080013699,6.803588646543889,67.75390486730848,bundled_calibration_sample
Sugarcane,717.2556750858076,21.276241775973798,59.72341659546033,36.7809803236524,55.647685302075,86.34327117444508,6.857560411723445,66.7563632660664,bundled_calibration_sample
Sugarcane,1307.0734396293924,23.642571318796612,57.94796327713571,63.75368526813614,45.6893659930608,69.95842571395097,7.90229730451741,77.00951540373795,bundled_calibration_sample
Sugarcane,1005.5724636626558,31.314073458940413,64.18976603725345,147.72559215102518,41.11724670956951,69.28751046536559,6.8473067241558185,69.61459963409216,bundled_calibration_sample
Sugarcane,1153.4242748482961,23.91257725149895,63.15632489692275,112.08995324652622,61.402883768184566,86.00859538274113,7.613479414211348,67.13734234736486,bundled_calibration_sample
Sugarcane,299.25639260608796,35.33538880164142,70.01770873428335,136.29503031255055,56.30925209025143,58.580721747069546,7.466580002391272,73.31549555103622,bundled_calibration_sample
Sugarcane,1121.1254396425356,23.982354959704068,51.470458011802776,61.29672085575504,55.727498526003394,80.07083989019077,7.860166350298889,76.16140840459562,bundled_calibration_sample
Sugarcane,410.3339770087472,21.43215745166237,65.61910147255512,96.86261516498486,48.93642510635405,29.457041853645098,6.5387184501243025,73.06537787580258,bundled_calibration_sample
Sugarcane,768.0766142518837,28.40724388776899,75.50516489039512,72.13253805970129,34.61734906655045,76.16974756318061,7.7158790225211495,75.28806939516335,bundled_calibration_sample
Sugarcane,1051.2885008690505,30.911328962959164,69.9089386734006,86.09150768339484,62.0182859109432,77.85953048360349,6.499454965356197,73.66273695663973,bundled_calibration_sample
Sugarcane,1025.5248487625422,27.03209400973746,76.35314770090874,96.92782918846883,43.49714624555954,90.2739562476378,8.037009574929689,73.82609361679813,bundled_calibration_sample
Sugarcane,1497.7692910523735,32.05250238951805,73.62806810052142,133.3517016256141,80.14013133751864,65.6544848019471,7.4827806777767965,65.27375587325356,bundled_calibration_sample
Sugarcane,972.6325812117319,28.979388507750713,68.33063075286448,109.54321468510503,71.80933771987321,62.99896887708626,6.5364457922875445,76.62508255967711,bundled_calibration_sample
Sugarcane,534.453635557961,18.70092086726202,50.73941229395961,92.10231033687624,41.916057592714964,75.57985526945288,7.6875620546187795,71.37171389977254,bundled_calibration_sample
Sugarcane,742.0022548596645,25.12740180876446,50.08147908802614,127.95944601464586,45.25414364790836,58.04317836969804,7.999079377386569,74.51375390403618,bundled_calibration_sample
Sugarcane,342.1366014728437,23.375800871502243,56.32437452193884,96.10554891347012,85.91136180976483,57.05230276634496,6.043155274113199,72.12352895952618,bundled_calibration_sample
Sugarcane,417.4771160388668,22.10314683875117,96.19935951941585,113.33856739452195,57.30353873601267,50.70993702850157,7.350310528202253,66.3092878553738,bundled_calibration_sample
Sugarcane,1141.4374581469522,25.47158058523207,80.172955695846,100.33357154898465,37.19352340391512,45.70228481825233,6.257157123909619,73.71120709335835,bundled_calibration_sample
Sugarcane,627.5178330113838,25.77044698263246,52.6045022270552,97.41785178317619,65.08733845280493,70.32017095260919,7.10655045221865,73.68742412848076,bundled_calibration_sample
Sugarcane,1333.6656066571643,27.914408259597966,64.21948139029779,101.48911154635466,31.296549664075226,60.66925356477513,9.0,73.89785382959082,bundled_calibration_sample
Sugarcane,1092.730421584396,18.51329835701928,68.53260633381682,111.45584227819256,58.061958173845454,46.60414713969185,5.630877571468513,76.09999818146369,bundled_calibration_sample
Sugarcane,1509.9747666855606,40.86037417066077,69.77032311662377,69.07449213073559,71.63421664181897,51.31834732029405,9.0,67.2977178532503,bundled_calibration_sample
Sugarcane,1568.3946124334511,29.289962890075838,73.22315308514524,54.288840671542516,33.74287258941169,67.30804727741389,7.29164782222879,72.85730832497546,bundled_calibration_sample
Sugarcane,1246.7842300421198,27.2742660908933,57.445421827186614,141.35614485041847,48.10398139545235,64.99752923529296,5.664413625169374,75.00309331769506,bundled_calibration_sample
Sugarcane,1566.3958791735915,14.953989791758985,70.47988063547798,97.76859713235712,52.59326809762595,31.0700087461683,6.4043059979539905,66.98062538035846,bundled_calibration_sample
Sugarcane,849.0530629888506,31.391498714374432,84.65507960430118,126.68469846761752,45.84346289099413,64.59945237301673,6.7842025129687125,75.97588502041889,bundled_calibration_sample
Sugarcane,1082.607701981497,32.579748976641426,54.630392827139815,85.94076522668954,51.784366272776964,47.30189254454476,7.51834284877052,78.5905337270591,bundled_calibration_sample
Sugarcane,896.1984738977598,24.877173795508345,77.23888075635507,85.71891033437282,66.86741471051994,59.89393259895814,7.0491973092800535,75.77361680361052,bundled_calibration_sample
Sugarcane,974.6575525264857,22.392489220236328,59.230046459319965,76.08802338249677,36.08123703101549,20.131404593352585,6.553661536331786,68.5474369823494,bundled_calibration_sample
Sugarcane,1507.9917274869447,22.96682558322045,64.76141128205981,46.5819120526686,38.231057761098945,20.499816323349165,5.639823781089483,70.69483119235058,bundled_calibration_sample
Sugarcane,1202.2005147611342,29.08314509625779,68.43449095045764,75.73920026896977,46.028216849433804,63.747751533467195,7.623456005402193,79.32200485584946,bundled_calibration_sample
Sugarcane,1239.3712151831699,24.812205820581237,57.47697544475881,121.90320286961678,33.75561077258976,67.96530872958624,5.750118876692408,70.48774860643843,bundled_calibration_sample
Sugarcane,1017.4344921744264,20.319631351603977,45.90334902998768,63.522727328127615,42.4902438651403,59.28908098238147,7.645267123927197,77.08798614387544,bundled_calibration_sample
Sugarcane,1114.2572467300586,31.007454787330076,55.88606529300063,92.07924957422487,75.21074540419471,62.003342683746084,6.6153085673135426,69.30426464419716,bundled_calibration_sample
Sugarcane,1102.3924671118218,28.01263092672192,78.52828160447902,36.47060808842185,72.4186436131751,22.80188751685789,5.2397352001256845,65.47449705213225,bundled_calibration_sample
Sugarcane,1057.9779584503967,31.194879315495847,43.68382327078969,58.68393350819838,22.794610737955864,56.59843409816005,7.420806971182375,74.84090238145228,bundled_calibration_sample
Sugarcane,1253.2176828384906,21.45133814430841,69.00737432962013,48.11180017279696,65.08277882970881,80.6438443785555,7.655146324858025,74.83637753161526,bundled_calibration_sample
Sugarcane,1080.0408717587518,30.90672105853858,67.23930713128033,103.83357101519964,49.686649578042434,25.06502325131259,5.428554609605051,73.53330630279208,bundled_calibration_sample
Sugarcane,1548.5396956227114,27.520425468146133,78.43050279349649,80.44838307244352,39.04971412640648,48.958064342011355,7.503771894402911,75.70193152998567,bundled_calibration_sample
Sugarcane,1034.643938059096,21.472760717322647,82.5884339738152,79.31119640675142,30.01004919870812,39.40902813417003,7.513167140453232,69.89734600692853,bundled_calibration_sample
Sugarcane,1270.7234795445697,24.094152785451058,64.66401725886354,67.26999953837378,35.600784724323645,30.36215298336544,6.645941727819678,66.89508844999428,bundled_calibration_sample
Sugarcane,882.3221121714187,28.096078039982537,79.00173522530297,75.26388877246248,33.3707391430174,72.68280722967887,4.6945364577231725,73.66055446905303,bundled_calibration_sample
Sugarcane,1070.619580708629,26.2435142299851,61.21839301379502,60.258626455205494,56.851924746031145,57.73960730686372,6.63562175452713,79.27843018435722,bundled_calibration_sample
Sugarcane,1003.0753549081422,25.116366577962893,56.981002952209636,124.29021836641496,50.312917688710144,65.09132852814075,5.993430047203225,71.3790683354146,bundled_calibration_sample
Sugarcane,1494.752726249329,29.957658354444355,80.21357548347774,94.30113689275728,63.520745203474334,48.85243849791121,6.939471665187861,75.74261248598462,bundled_calibration_sample
Sugarcane,745.8697975067437,37.55226855384049,56.33857108238221,87.17810295024066,38.707332897586745,64.61467048028774,8.240905657466627,78.43934928128776,bundled_calibration_sample
Sugarcane,399.3489131269084,25.551694085086236,55.694248900895076,120.0565058435293,40.72354725937194,86.37524132183341,7.312086597137513,66.79518438767724,bundled_calibration_sample
Sugarcane,1417.1273546701696,32.0555616453313,72.63800665293404,104.90814602109259,52.90153078739488,70.51915909181035,7.936600815553996,75.47258664945653,bundled_calibration_sample
Sugarcane,1287.0603183952278,25.27952111966502,82.45500550457078,96.58220944600279,50.658642062034666,78.02474140523522,6.894866751091817,73.7334186965917,bundled_calibration_sample
Sugarcane,840.5546393272801,14.229887416421214,92.90810108577259,118.84964884476003,53.76786196316491,52.62080165858691,7.619469799562639,68.27121178081224,bundled_calibration_sample
Sugarcane,1145.7070220119365,23.399720450990667,87.3473287657803,54.255099066655795,58.74309507216106,27.234617918711045,7.288502141331819,65.11026690827491,bundled_calibration_sample
Sugarcane,1318.0323231020207,32.63123300566539,65.06788141537334,124.06396415572539,62.55801657225201,29.131420473743145,8.238353320870274,72.338980201397,bundled_calibration_sample
Sugarcane,1189.8919026428753,29.841520791146543,57.4498927475677,101.2178990490021,58.0870802963894,53.504785123835745,6.208698194296586,71.92522548994415,bundled_calibration_sample
Sugarcane,1533.6837832045755,26.56115133506988,56.98111478566234,74.07833717666418,60.07414788897922,34.14010923309655,6.012140321604889,69.86829440791428,bundled_calibration_sample
Sugarcane,1338.4008802226838,31.195634583881162,65.21573150885939,128.40354901648237,42.27654339115836,74.58210566266547,5.951896909621074,68.66875025752587,bundled_calibration_sample
Sugarcane,751.8361006565132,31.60637871848427,54.17974167297437,54.27673763053056,51.588465197867265,65.32618155979476,7.428208204395757,77.85126413213123,bundled_calibration_sample
Sugarcane,891.7425544961247,27.79253605259447,70.49979214403201,135.17780127445272,30.782427349638123,47.96393084672765,4.925315629860929,64.80466855783449,bundled_calibration_sample
Sugarcane,1159.0690889081702,26.346777147614144,49.415017855338434,103.19132290229163,35.574397928987224,39.78609379941257,6.841557228847926,76.11984544546125,bundled_calibration_sample
Sugarcane,1417.4932047010063,35.13438999739008,85.15014611574654,66.34771558095929,59.843536764688,86.71500289660932,7.831679771261675,67.32855755795717,bundled_calibration_sample
Sugarcane,871.087317488818,25.673818897666692,63.84519113550158,129.3593724700452,66.7822757307865,86.82255109557481,7.155941856325033,73.92861764586166,bundled_calibration_sample
Sugarcane,1219.5982871086521,35.08755487078024,67.42479182691152,78.21076659640627,52.53317194205748,65.7537298184171,8.217327434063922,76.54554965039006,bundled_calibration_sample
Sugarcane,1187.7902003530787,31.49200783047455,75.68724795527982,72.9871139005551,51.459066199108065,69.16294903934549,7.186101596122354,71.28136211566708,bundled_calibration_sample
Sugarcane,1244.1617259656211,23.171366553553376,52.496624793510925,36.87096934361219,30.676082989833223,45.656087665840104,7.047813044795587,73.20664471891382,bundled_calibration_sample
Sugarcane,1115.183273873626,24.694160485018703,80.62206923569713,79.12597980657961,45.04057433827605,68.05111058168409,6.291303940068372,75.56737928149794,bundled_calibration_sample
Sugarcane,960.7294321001493,33.297509564922045,84.30945911666629,92.54955706752119,19.034051551951165,45.49640262460805,7.274368907839336,71.27752340879505,bundled_calibration_sample
Sugarcane,947.1014355270555,23.2443783063632,62.91607217341339,112.28827004088984,54.38258558136541,39.23609218485774,7.908071192638383,74.05797193407162,bundled_calibration_sample
Sugarcane,1003.7308040779411,33.99770879923688,53.45086154490853,47.4691662697981,59.70392059685657,64.79252236499568,8.512290324233835,67.97140352445663,bundled_calibration_sample
Sugarcane,837.900118583681,19.85588404154567,64.96030720791173,175.8624816747293,75.89337723863014,37.826571718752206,6.807998035289662,61.347329254647626,bundled_calibration_sample
Sugarcane,1302.2230999621027,26.227618247663973,75.22696937291033,106.58424508852917,38.20702884734435,88.19137877900211,6.131982351165571,69.85382213955083,bundled_calibration_sample
Sugarcane,663.7068188631358,32.544057115586405,51.41764003530947,120.14748382712318,52.05732890766035,67.28875079409417,7.6430854488514655,70.53838329489713,bundled_calibration_sample
Sugarcane,929.1177841864961,20.05672217817401,48.65203785920545,89.92365149100256,32.947575822253356,65.11278988152611,7.524115130391732,74.73589943164744,bundled_calibration_sample
Sugarcane,1123.7267773026697,33.109336047479395,71.59125567488697,40.980038619090024,60.48292233318433,55.18182578540646,6.636764528715827,70.70965576044489,bundled_calibration_sample
Sugarcane,909.1624037097931,19.36998075685642,68.50956987911896,100.01807636021366,63.84267055882165,80.67532459328957,7.847209538045376,72.97797054257806,bundled_calibration_sample
Sugarcane,509.33829659297055,30.600271105897555,59.32185861795051,39.19232993373533,45.99133931442067,82.44666981212136,6.861734616035121,65.6074540512112,bundled_calibration_sample
Sugarcane,1509.3649406706415,21.278078451518454,74.47293851902779,43.35299496594199,49.22832761398664,80.57688964218971,6.62728225246286,67.13674977727146,bundled_calibration_sample
Sugarcane,1235.7519428808569,32.77183328908042,50.1608883446568,117.88126751200977,53.28652110727021,55.090037661333604,5.414828520549451,68.13817957581604,bundled_calibration_sample
Sugarcane,775.9886586489997,29.714457868157616,79.88416191327332,83.40188182720358,43.80944205482215,80.38665306084691,7.828965708531893,78.5075585414586,bundled_calibration_sample
Sugarcane,1338.0308909938076,21.695457890637147,73.30820080654544,95.358391646725,57.64593329533584,74.9094505703432,7.8746178542184655,72.67394555416674,bundled_calibration_sample
Sugarcane,1554.006092391784,23.242170518997668,61.63656207367168,85.40892614963818,46.160102716701594,96.37042106030074,8.247507236965069,74.82873875989958,bundled_calibration_sample
Sugarcane,1459.1908271172738,30.816312440696127,77.87022361481063,89.578132938379,53.184788146865834,18.724372538028156,6.846463020188806,69.20124431886228,bundled_calibration_sample
Sugarcane,1367.6144691713278,33.26961480433098,65.09049249519552,61.26143658584868,55.176211524593484,53.56788195093271,6.86146165230979,71.24478256494068,bundled_calibration_sample
Sugarcane,716.0714108233751,28.390358458161966,64.45425802957507,94.64036536714046,45.094597405171584,63.02158922200873,6.721549706814866,77.19814908227758,bundled_calibration_sample
Sugarcane,1421.2879853022596,23.87680417566552,72.89625183945164,120.70831122487198,42.0305941699053,47.1595727574046,6.054502794148773,69.11528547686218,bundled_calibration_sample
Sugarcane,1853.281360977188,31.80385301209933,84.54594137693674,89.17432567726898,49.78185608243787,57.224532919934795,8.044238067463453,69.41745434827025,bundled_calibration_sample
Sugarcane,1042.503056158095,23.220001703760204,61.70833096170895,85.60689559251297,64.12890575253502,65.28192855754168,6.980952455210899,73.23546713557062,bundled_calibration_sample
Sugarcane,697.1361674900477,28.708487436834982,71.6725396183939,82.65246574687477,40.932468768528004,110.58916931926183,6.74264624274877,66.94315227003779,bundled_calibration_sample
Sugarcane,1549.6329011845146,31.904429630162632,58.309015820676194,61.23522417841998,27.18854113825099,64.62325701114143,8.225663646400932,72.9149299956668,bundled_calibration_sample
Sugarcane,804.2140003130125,19.661590936996035,61.294853571130325,69.4069987242044,41.78136779841353,98.23259739566106,7.525222566116807,73.49710932539246,bundled_calibration_sample
Sugarcane,497.8989278236912,27.275559118490104,82.22787628420936,113.27537069516424,40.35497901320415,36.108571736745795,6.528922828327999,71.9365814669132,bundled_calibration_sample
Sugarcane,1041.3461565218909,24.97681861990085,62.97204312900819,127.92400432161904,68.11064824035253,63.850289543642205,7.838762699076257,76.94129473885604,bundled_calibration_sample
Sugarcane,1354.7069879469411,29.65162907813784,45.636560205664594,123.92489221580617,56.76690086772637,79.6579407095718,8.497794003757036,72.50432798168922,bundled_calibration_sample
Sugarcane,968.4965792117754,25.24562557428113,54.943302670415335,90.4745617558265,23.680602593540495,63.92998919131894,7.303243535600799,73.6721633237337,bundled_calibration_sample
Sugarcane,694.7100221972424,19.75686552152486,61.476632533500606,61.227891408535854,69.65787427343702,60.71143325223625,8.162852888415744,70.54731440721503,bundled_calibration_sample
Sugarcane,1179.6522531074113,18.823763414223205,51.69780234432151,116.20424382529997,54.3713308577591,50.803292496230625,7.297432178878495,74.29628439497299,bundled_calibration_sample
Sugarcane,1561.178921811706,30.871269664575873,68.87073451559623,67.52002669202245,57.10318457028136,94.48962333322461,6.230107384805903,69.44474797428846,bundled_calibration_sample
Sugarcane,936.1727650939395,29.787227813044055,74.17852888059521,89.10962804890782,64.32954349225379,36.86358972123622,7.2202870186962995,72.97320297685906,bundled_calibration_sample
Sugarcane,976.5443820760138,29.40728176429461,74.000055423009,106.12844560128836,30.035791260591406,69.24719057315133,7.019262600669753,69.13950207404258,bundled_calibration_sample
Sugarcane,1450.0047901598016,32.42196116617686,79.85551252575135,59.310460682695236,67.71722496714638,81.42335040174694,7.455738677855297,70.14177958586578,bundled_calibration_sample
Sugarcane,1276.6476576952307,22.39096192608173,70.59283704061328,58.56563932547364,45.071346619861075,72.26587259062893,4.397241592274675,65.03372011070913,bundled_calibration_sample
Sugarcane,1149.2578347644435,36.47847272811535,54.776754222434185,103.35186641287687,78.62458261338288,31.662578331534146,7.519206705882864,70.82271547882172,bundled_calibration_sample
Sugarcane,1250.1923303336414,24.224279029567825,46.33774707260106,92.53822521271627,56.77833077554756,52.806154345899834,8.415876142443947,77.8227668852871,bundled_calibration_sample
Sugarcane,1100.7728996476003,31.90601157395392,76.68572091828197,93.45961037508194,49.13112672256826,69.59238270173061,6.8026327550853605,80.40195562060221,bundled_calibration_sample
Sugarcane,933.0126846836488,30.052224085337468,53.9532038935468,67.98397982142227,58.2826577878126,22.923389580067557,7.722578811907718,73.37817363640913,bundled_calibration_sample
Sugarcane,1190.742339735394,28.85404860716416,65.453347520247,111.76980629146675,47.82985807140109,57.93718862957982,6.317393980296889,74.08358272925217,bundled_calibration_sample
Sugarcane,896.0084532347461,30.47126426142372,65.19524133091772,121.7607795104426,70.3302304118815,78.60498538151586,7.012185210440623,75.07117401331621,bundled_calibration_sample
Sugarcane,778.8921828684654,14.655919711531201,68.04075418686574,61.17649886743108,57.56221697472286,36.22901631502579,6.7635950211213895,72.8500154919496,bundled_calibration_sample
Sugarcane,1127.136144582333,26.007175364924816,69.7227039416089,74.17644639312829,13.913059205624577,75.27949662379149,7.262017161327078,69.62412458943844,bundled_calibration_sample
Sugarcane,1426.392585160845,24.68788221552256,54.99711629845925,59.07510535715912,45.38591054994782,44.27658153644875,6.239387513575171,71.7584332262156,bundled_calibration_sample
Sugarcane,1168.5547882261342,27.23609566930815,76.17187279713738,100.48107977787012,48.63018419790426,69.37151585883737,6.911371858242752,77.47872585673603,bundled_calibration_sample
Sugarcane,1580.837119025522,27.264303419862493,51.3432153013064,111.47188124521517,100.42458463513316,85.51755737668016,6.370200645998022,70.27239899330534,bundled_calibration_sample
Sugarcane,907.1774593655688,20.70836134099879,71.24923799964778,166.72489662345322,71.05511893081105,58.070792786867685,5.716646715327444,65.8897634395926,bundled_calibration_sample
Sugarcane,1397.3397929724892,23.979495110998975,70.79635418750173,75.72577217690919,93.34417487745537,56.368842275139436,7.082430923966264,71.82920551082285,bundled_calibration_sample
Sugarcane,1356.9259197676683,20.038725139642423,73.46744515604716,101.74782061183781,84.22076766485765,24.742481936335253,6.752784469801653,67.71392158502502,bundled_calibration_sample
Sugarcane,1175.685068012881,25.047881611974812,80.51020437685187,96.95570161524581,45.76986845323571,80.06925589750298,8.400435639144185,75.02060698934748,bundled_calibration_sample
Sugarcane,1011.1323404988548,25.63095185334428,71.68818469041132,94.74369314285263,51.75553137157991,78.61569137282387,7.7190114031365,71.71063465821005,bundled_calibration_sample
Sugarcane,1401.2434707490934,32.4880103542457,62.64242014587393,97.11104325102744,66.77060675963929,44.190175131873296,7.603875266735744,77.91934919246523,bundled_calibration_sample
Sugarcane,663.0774351893734,25.240837521250835,43.21876820969111,102.23406123834293,42.22214238447353,47.37182301493272,7.791532791550555,72.05192202529426,bundled_calibration_sample
Sugarcane,1333.9286568355847,23.95179599905415,76.8004169482849,121.87432551634967,63.76063767504946,67.44734247260926,5.848722380595735,72.51011320020834,bundled_calibration_sample
Sugarcane,1552.2820958608195,31.02291741750808,54.3390964923654,93.57389244055493,65.33403460070163,65.65907555263733,5.588228907442377,69.04586367081924,bundled_calibration_sample
Sugarcane,1046.4374496378466,23.67816671799413,56.24701748567197,62.098210028448605,48.6722414551463,49.66040085000281,6.300735000414641,78.33060974493961,bundled_calibration_sample
Sugarcane,1326.3949484565603,37.206062535745815,76.32285184634445,138.7187584228705,45.79831564294547,49.16844393476116,7.8373776259719445,68.10926842514786,bundled_calibration_sample
Sugarcane,1710.4360602941174,23.46235732913456,52.41950929277673,82.35099043209581,51.90934506926685,92.46432201033453,6.84715558329164,72.92640242950165,bundled_calibration_sample
Sugarcane,880.7059346134525,19.133856922791853,79.68598500534567,59.95281969832354,58.50725502945787,80.22481893726525,5.880684968570819,68.24119912031016,bundled_calibration_sample
Sugarcane,1001.1196965156781,21.959646511108105,60.18495262261102,85.89544141610658,54.252425156114086,71.89809405936145,8.695812931556942,75.46164402631426,bundled_calibration_sample
Sugarcane,1221.0016109307658,29.859417778224785,53.31151804472341,66.28213409728708,57.10486590561994,28.964592464608323,7.625878994914827,68.59187707575725,bundled_calibration_sample
Sugarcane,1108.1511119330887,16.76933911275012,67.83340417783754,67.29876003071308,61.60173526905194,50.98289494515318,7.86327509197138,76.80658400512793,bundled_calibration_sample
Sugarcane,1608.5315202300621,27.461087497933303,52.19720904374604,142.32857558370222,41.82726669184763,28.17542125336185,8.325521879447448,64.36268402492428,bundled_calibration_sample
Sugarcane,1321.2556264599539,31.70776817305626,63.20791447444419,90.138194239254,51.796071780045054,82.04211999733239,7.140842503792382,76.2119597648204,bundled_calibration_sample
Sugarcane,1112.5387550498706,30.01395994451763,55.44847106401651,112.88206175611215,30.265319171229894,75.72690247042776,8.214100567693398,68.55475485870946,bundled_calibration_sample
Sugarcane,1196.4238616391042,34.23354253616444,53.20801667916025,93.04960424396987,10.051247762414967,53.769422998376584,8.391779377367431,68.91423213178679,bundled_calibration_sample
Sugarcane,812.2977644302512,24.697661850114198,68.02089030859246,43.820684719100505,60.451166139029134,43.046945702178554,6.0262508682181295,72.80918375566898,bundled_calibration_sample
Sugarcane,1135.3716352327724,25.880788015029726,60.49301742697156,66.34684083096607,66.62519699196469,69.04567840782715,7.669238202271952,76.0045087636792,bundled_calibration_sample
Sugarcane,1790.7126721118723,28.75236880891249,79.2555155735787,74.31983543931888,29.67368170433752,96.18824988120656,7.232714848166188,66.91032890417843,bundled_calibration_sample
Sugarcane,1334.4944617875997,25.31029016829655,69.0552393001215,96.39656546358592,7.581173959550888,51.500249729337696,7.550526458038868,75.0285517549736,bundled_calibration_sample
Sugarcane,1350.8970892328005,19.839905665037527,62.81805016482474,70.53180203773042,34.6110177024679,50.021290650387456,6.816913960733129,77.76754022386002,bundled_calibration_sample
Sugarcane,1047.701745987394,27.85041205705519,73.38335993398599,125.17306842707691,46.40790287839541,77.38845496616949,7.530409865348525,73.9905725510246,bundled_calibration_sample
Sugarcane,1048.850651936585,21.2763780853823,49.489291023512294,114.41707834570227,51.714023473455576,79.01006648373209,6.023266289309488,76.89181536023025,bundled_calibration_sample
Sugarcane,1320.5375944630125,24.154743134237115,91.23686072266374,82.33896812077921,73.48171267905705,85.45704515526052,7.138108672742845,68.26122710224645,bundled_calibration_sample
Sugarcane,842.3077260155703,27.42007182602668,58.05077727946049,50.901270851252654,72.11414280363779,72.60018049069829,6.719962986362784,68.64649286541653,bundled_calibration_sample
Sugarcane,912.3905098159706,24.818928845745855,49.77093265626661,131.55982937569595,54.25536380194184,49.8978680553374,7.278311670128738,75.16115318604882,bundled_calibration_sample
Sugarcane,1203.5050722830804,27.19280806348861,73.81059524251545,53.462489608961235,48.28715091264321,71.13660801400121,7.6791699440446965,71.6832406971686,bundled_calibration_sample
Sugarcane,1062.314027441806,27.578488443230643,56.52580877942844,104.08959467172046,53.05128161745914,57.294266926036016,6.747963992276072,81.4405554683826,bundled_calibration_sample
Sugarcane,925.3109764741307,26.466652694608893,63.86510484888114,120.94856783286541,43.00885538096618,59.759855390047825,7.994170734350242,77.70727944014362,bundled_calibration_sample
Sugarcane,1250.578873111131,30.183947107021424,57.04813299407978,147.27343754027328,61.082128439638026,5.0,7.834953278867928,61.7115906798436,bundled_calibration_sample
Sugarcane,823.172533824518,22.137018453563435,43.09190161257726,105.08587555088427,20.592977303573736,69.7648969047037,6.607265405319871,67.38109662081095,bundled_calibration_sample
Sugarcane,1076.5028765548832,28.06489870230628,57.6725793387499,114.8350052153372,73.56604025492503,75.18205308884234,6.307790519125257,70.2081304313324,bundled_calibration_sample
Sugarcane,1232.5677684038092,22.015220764635693,55.583694473433766,122.79886251125916,20.18540566874642,39.9293478862649,6.123016155336229,67.91087688095946,bundled_calibration_sample
Sugarcane,755.7786937793433,27.70960488150742,57.49747117390545,49.0913189138197,74.86832865890906,47.517518844681504,6.478279273440506,72.13337370434643,bundled_calibration_sample
Sugarcane,1493.1512779341176,22.82225285927586,73.57405699218621,67.0781482741042,45.258659861759085,77.37604929693154,6.384260146217421,77.9635143979448,bundled_calibration_sample
Sugarcane,1450.4859543424204,18.84285541540309,51.70258496382702,131.17084054641055,41.28475122833117,85.57895405555203,6.573171650879589,74.36814241258872,bundled_calibration_sample
Sugarcane,1534.3558829552946,34.42854291118756,83.59491329208853,68.38774437971736,53.40887232547918,32.662931606928126,8.665161077866609,69.5710221825485,bundled_calibration_sample
Sugarcane,1142.4101654190426,25.636690140737503,62.30484412770699,127.01313477703707,59.22250610279657,66.43457073729799,6.694056672358125,77.67317353571329,bundled_calibration_sample
Sugarcane,1345.6191431974385,19.952794037908944,65.86482324854235,99.17937339942307,57.96383361338876,92.5195995609983,6.874693550235243,74.43384838032162,bundled_calibration_sample
Sugarcane,847.509250412591,28.28289028666715,59.305315259554966,100.16076259239381,68.34121642848172,61.63345032739341,6.5428901105577335,79.57824344377929,bundled_calibration_sample
Sugarcane,969.4486526494904,30.41992442585635,80.26464352078597,70.42302463107042,48.83767815356477,51.70213882646482,6.745211795078094,72.17258853088381,bundled_calibration_sample
Sugarcane,1708.9205978009904,27.006267986987563,61.28986509189642,98.96993810881452,59.46531944248449,62.008319869671844,8.33801727180599,74.4816373775357,bundled_calibration_sample
Sugarcane,919.2792276747305,27.778514036908366,62.92885258552127,107.92165593252135,43.79050574245057,25.070420643517814,6.998310236830409,76.10898561526794,bundled_calibration_sample
Sugarcane,778.3587277470924,34.40583346327059,70.93686449565064,74.75106787433076,68.92578536258476,55.86406055879891,7.823948123096012,77.37269326771255,bundled_calibration_sample
Sugarcane,901.1269511793372,24.643630552045444,60.119493602275114,137.84635238744983,50.77391823185462,71.05974988681147,8.21027057102767,70.538040613375,bundled_calibration_sample
Sugarcane,1486.5386547070048,27.812506665690208,43.945733448016476,93.85219332587216,39.40748576909304,43.98426368793338,5.832082620327133,77.61072030559852,bundled_calibration_sample
Sugarcane,1817.8770365073556,27.07334074864471,77.01598705150798,98.06217861386975,56.06935743255525,91.95929846265594,6.787675196668212,71.44117516008258,bundled_calibration_sample
Sugarcane,910.1344292058618,18.030454688963076,55.498986412922804,98.37933242041763,60.87719848894182,64.02581011718868,7.383196020830253,70.81865787667584,bundled_calibration_sample
Sugarcane,996.7265298362129,30.34844928042046,65.9945907162476,112.93238230350673,51.91275002370843,67.68662378569957,8.109989608399383,72.16404121042034,bundled_calibration_sample
Sugarcane,1444.2955195210575,31.02116663921679,64.08116659274594,37.89198995297309,23.468704993727975,82.88216976965771,7.208878089345232,68.23237916740696,bundled_calibration_sample
Sugarcane,1237.1082785988624,31.74263886725577,69.25874161439026,117.49910012958968,54.37061941653418,68.01541331716658,5.697258864666702,74.3998852356206,bundled_calibration_sample
Sugarcane,867.7415022391731,18.84910512501309,70.74953992833426,81.00783469558232,40.817357671691234,40.75174418315669,7.109280400641135,76.89642401344992,bundled_calibration_sample
Sugarcane,1353.7395946572678,28.887654464875027,75.62064476281533,129.67164695777566,66.45515597228024,41.689560541798976,7.822981616730393,70.76589765618772,bundled_calibration_sample
Sugarcane,1893.134335885638,26.82481617222638,61.23290059379379,120.0581529393915,57.756257767352494,87.94736322970769,5.74180454634166,68.93615040920409,bundled_calibration_sample
Sugarcane,1154.621863359969,29.22323828514937,62.40615865120188,112.64932323776755,51.05915537069801,44.141882635853726,7.7478732444810925,72.77013350496966,bundled_calibration_sample
Sugarcane,1218.0477781087613,25.762636538720535,61.904789172769966,149.5611692959754,54.79979001377555,60.29340860663116,5.556791898649662,69.1423036324062,bundled_calibration_sample
Sugarcane,1828.9926248553552,26.730659978623507,66.78808235739022,90.96115613365068,22.77105191023577,56.03093050275297,6.354462127501773,69.43870622243438,bundled_calibration_sample
Sugarcane,1279.013435853139,22.516184840390572,55.91766166122579,54.144913737695326,74.67050515683906,46.701995277048916,8.074932855224997,73.54935829769526,bundled_calibration_sample
Sugarcane,1176.700558332818,27.62186434189025,58.020724635966126,123.69235143190022,28.735856237858666,18.572462853043874,5.743357441065014,67.1069915161233,bundled_calibration_sample
Sugarcane,1491.9374032905785,30.738871493377445,75.13850384807206,93.01335578439463,36.1707710999519,84.65997048069633,5.891983471268811,77.84315816307344,bundled_calibration_sample
Sugarcane,817.552353806153,39.219384148513335,60.41853458255963,52.48050346107224,30.064292797111396,82.71649998852209,7.066723879897126,63.882377291127526,bundled_calibration_sample
Sugarcane,869.6522714594787,30.668648748494604,78.64136823139796,77.67782739812499,84.77450639165728,92.7330669026636,7.096687934495472,67.7649341523639,bundled_calibration_sample
Sugarcane,557.2801986325856,19.94645309644693,52.61446911340053,127.20244077297308,53.531787881897905,80.92838265210976,7.933541287328815,66.08439464080544,bundled_calibration_sample
Sugarcane,1460.3051788611774,32.05906081490397,63.65002760090913,123.22504979226014,53.093534806485955,73.13932925505459,6.983881731303385,69.18234689183146,bundled_calibration_sample
Sugarcane,1006.4424533522892,24.30265350616017,68.6877736500297,109.6143995879233,76.2499686994359,66.13637550903144,7.123345168394376,70.83600304169526,bundled_calibration_sample
Sugarcane,801.5809942988332,26.299792323544374,61.53672040635205,77.31076057304817,30.98716404474968,40.05854661125585,8.264234429635959,68.9314332812112,bundled_calibration_sample
Sugarcane,836.1556167397014,23.531372945191524,79.2489975587284,61.74529293609673,69.57283264704388,89.1817882340313,7.528301846327162,68.34148078849671,bundled_calibration_sample
Sugarcane,702.3017513131796,25.5889537920194,59.944597310674936,77.92838603369134,60.91850898514489,44.284331031143566,6.022855773267024,70.67970113795984,bundled_calibration_sample
Sugarcane,1651.6386555500549,28.730357304227105,43.541049701754844,75.9254560634586,84.98012062316207,50.299703050936174,8.406881797991735,67.11152276742052,bundled_calibration_sample
Sugarcane,1366.67504317953,34.39173372602667,53.5118777300383,120.49776913582592,39.07885509245955,40.75361780333399,7.45711698549099,72.8867321199722,bundled_calibration_sample
Sugarcane,1144.70641365301,25.719575732590407,60.71368487659807,95.32282672026224,49.40384012175101,74.04856425625415,7.009257692986845,73.65129052848118,bundled_calibration_sample
Sugarcane,963.3106156637056,30.624599830972755,48.914363926250616,43.13604965667615,47.16527446704072,74.1579253978421,7.716471878990468,71.36667735318485,bundled_calibration_sample
Sugarcane,1047.4393199963386,25.438847931200876,65.24535548667723,94.97452930098115,35.80096609788198,64.67644189983838,7.5865991033426825,71.97829090878449,bundled_calibration_sample
Sugarcane,855.8384307981576,29.220626021913077,71.92844408576316,78.93272201292868,68.17800769047544,85.47885099381382,7.548277645262921,69.5318637981906,bundled_calibration_sample
Sugarcane,1441.5278657830206,32.03372807224603,70.25481976365327,77.67349226705315,44.0028141766232,30.95862195736875,5.734367607748423,76.24700661163826,bundled_calibration_sample
Sugarcane,1443.3264281155348,30.13447795429129,71.43169919016015,139.5728453044863,34.27580549486908,65.48528310279083,7.486622556150048,71.8675975580423,bundled_calibration_sample
Sugarcane,1046.0474464216009,31.49989834979087,79.66226682875725,93.59217607929334,37.926521807741345,82.89796583076318,7.748456604632372,72.51028237012031,bundled_calibration_sample
Sugarcane,994.8169210226667,30.492647181929676,64.35958514253204,90.68850875001375,69.01325894510973,58.71225249723828,6.011273381793617,78.48311853263363,bundled_calibration_sample
Sugarcane,1679.1285689885935,29.469104110218957,58.89469398581205,115.56042604829324,53.72718050640807,48.039811066499205,4.599393637467044,71.50838817302838,bundled_calibration_sample
Sugarcane,945.8287551110077,21.421820994563316,52.47483871804681,105.49947540378153,37.76432540561866,42.954038860043795,9.0,65.18018444568469,bundled_calibration_sample
Sugarcane,1284.9705201846918,36.85957570784169,64.05907620760925,129.49924585107152,44.59925870482232,51.80248608521889,8.748673283306816,70.09325770578177,bundled_calibration_sample
Sugarcane,1243.4228809582264,30.239234000783163,46.888995471342575,67.65887061914523,52.24047620581821,66.17112300687893,6.786205190218882,78.64899025879903,bundled_calibration_sample
Sugarcane,1217.4208483483274,32.589871288353024,62.64686060385332,75.87042946806602,53.44015892251187,46.683150206715496,7.398296019989577,73.87118440025259,bundled_calibration_sample
Sugarcane,1146.6316548037396,25.921603786169676,48.008793439344686,85.91893834426861,47.55560040038742,63.13256098862167,6.220061776812357,71.8428791383903,bundled_calibration_sample
Sugarcane,943.8676121446756,26.176570253854653,51.98280938579225,125.80225266227404,37.15715156557614,78.46058648797745,5.434268462217084,65.48505569654834,bundled_calibration_sample
Sugarcane,752.3784922838827,31.3803940520219,63.70091814533203,90.84073241736408,46.87919344225628,56.30733792159926,8.767484905131031,72.18302186744602,bundled_calibration_sample
Sugarcane,1469.7499760013084,26.159300388204507,85.46942986686038,77.2734888358988,73.96731387825969,66.22534749499786,8.49262845124098,67.10567634680639,bundled_calibration_sample
Sugarcane,755.7479265125205,28.00855012395797,61.881334678177744,100.56761851602562,44.2222669971847,69.68462378112629,5.929385476129509,73.86592315650456,bundled_calibration_sample
Sugarcane,770.410016979097,25.755280596340583,81.54559033601005,101.2887939094206,54.34541430855787,66.15912079475508,6.325257837843542,78.40240584952356,bundled_calibration_sample
Sugarcane,944.8784154082483,18.78286357745116,61.950472707706666,60.00019549963679,57.19694794886851,61.17299183770871,6.256381350300716,69.27418033208212,bundled_calibration_sample
Sugarcane,1156.0019740811167,17.969560659675366,76.99325422560064,51.29894759254198,48.8279594785897,52.99832504672635,8.347027756145675,77.23154271625637,bundled_calibration_sample
Sugarcane,1193.4164091423904,31.437855246648002,49.36933499394611,81.76641619433983,36.743815865024956,66.69181783150549,6.292777829120632,70.96137044484865,bundled_calibration_sample
Sugarcane,1351.1213907677134,24.703837650166772,68.80760766195831,106.9761686975227,45.3737056892986,90.67223336004724,7.069031454239778,73.93507127308847,bundled_calibration_sample
Sugarcane,1039.4209481304158,20.328874850009033,63.727490004276234,93.88918894820453,51.38068847295769,16.479488669369253,6.76389776075098,69.00799773393241,bundled_calibration_sample
Sugarcane,886.9717233011708,26.574800754351745,56.89992706834434,63.891299983998564,74.99542314948823,50.6772509344556,6.490231955463987,69.16348105261619,bundled_calibration_sample
Sugarcane,1484.6329002314612,19.83509666774576,69.26144251932256,82.5155846467297,62.33759900136713,48.119783384303126,5.0391306146601895,68.00938436991177,bundled_calibration_sample
Sugarcane,595.303886758096,25.61861576921099,51.03819277017699,76.18230973876231,43.7505907685577,27.75361724523343,7.484351083747716,74.10881793628762,bundled_calibration_sample
Sugarcane,1580.934548234061,20.899646316170795,67.09882977788072,107.36624067497598,67.28664028463913,42.16814215844475,7.555540151900187,70.84239184289571,bundled_calibration_sample
Sugarcane,1172.2731550914893,12.275282484751076,66.63926360421597,103.88528979077643,64.42273355059731,50.24364212101683,7.406546085556119,68.83610377901748,bundled_calibration_sample
Sugarcane,1077.890389953859,32.73960547518631,63.88844002795466,120.17763605307977,59.60298328123203,81.24659126178445,6.634182084594235,77.12999708885621,bundled_calibration_sample
Sugarcane,1460.3994420859467,32.43368396879185,47.47201206867638,71.90195783227688,41.192252169382456,39.21276492327294,9.0,70.16052009988888,bundled_calibration_sample
Sugarcane,1533.6414045469464,30.897652897644907,81.45154603191045,152.64839724425775,83.02336129672057,71.8892254314209,7.017273692302536,65.94065746240975,bundled_calibration_sample
Sugarcane,1289.189497316836,27.281978396983188,81.10000435279623,96.59876141728213,33.52327049277436,48.71832398730942,7.341271372231911,69.4519497210922,bundled_calibration_sample
Sugarcane,884.9479602224719,25.389752827953384,59.55095824826512,69.32167135338784,83.9192164251865,67.1968953354963,8.286072337572094,72.85198752957342,bundled_calibration_sample
Sugarcane,1574.7734992471592,21.49375430468931,63.69794878371606,68.74923560424543,47.076230090218274,46.17364018676575,6.558747576537566,79.20863937526,bundled_calibration_sample
Sugarcane,756.8282250459341,16.369473250980732,46.86196657974635,85.6064076838916,32.44719947283647,83.0784405747543,6.413280794540246,74.3041713912835,bundled_calibration_sample
Sugarcane,1252.007604908112,24.55213269899808,58.113713950158015,148.94025857325408,64.74186287888753,86.68318070449641,7.90907987260254,70.82091110843903,bundled_calibration_sample
Sugarcane,1057.9208005284997,27.09384703651583,81.78092474229867,58.82293492325336,61.58443990036701,37.228768721793614,6.726575259673412,72.93612106433925,bundled_calibration_sample
Sugarcane,923.5042346177929,26.68895041658817,66.06458836597935,83.03720499150482,47.9072831864515,47.30231478706202,6.231982755655615,81.332740753108,bundled_calibration_sample
Sugarcane,1320.6352076407177,21.411302296742967,62.63314361554276,72.86929396495213,75.21545608579977,54.9693518243471,7.232602257947813,68.95127582521317,bundled_calibration_sample
Sugarcane,991.8833566045362,25.658035676147943,46.23035014033978,174.1533936697063,20.234505647499,66.26013154829289,7.991258855677084,68.38353460289365,bundled_calibration_sample
Sugarcane,1157.4597654147003,26.670933637959376,72.33773382282119,79.8836615061428,49.28329086814962,38.28076268445773,7.1823466670094,74.10677524147117,bundled_calibration_sample
Sugarcane,775.0739678855819,25.651151715689714,48.125058274178755,21.843518829712323,50.688883794671625,65.17642633675277,7.018237964891535,74.98898519698055,bundled_calibration_sample
Sugarcane,1248.0535116897445,20.277669682665646,45.673155919396265,67.10408839941488,48.80973379673358,58.51409791229897,6.243219035686909,77.32705322850926,bundled_calibration_sample
Sugarcane,1288.6665673568111,20.44224403923317,71.46840084369653,75.37114450919293,59.10862214461058,55.177568652633546,5.373262541504101,72.30650648717258,bundled_calibration_sample
Sugarcane,1426.2616391098204,29.48184214738394,60.38536447362709,100.97708931830317,35.165040314252614,41.082375303607435,8.632696796452617,70.00509717816026,bundled_calibration_sample
Sugarcane,1232.8426656581241,26.57779231439915,61.0325258940784,80.16475996062222,94.89522690292188,100.69549397819739,6.594998182160804,64.47080178578996,bundled_calibration_sample
Sugarcane,863.2967291663768,28.15192761620168,76.70304756530308,98.97259386873907,63.53302427118189,67.35097694742646,5.821552275696283,71.0569724372165,bundled_calibration_sample
Sugarcane,1244.7308066205492,32.269930584827044,63.39254801557986,88.92544117639899,56.41770201860905,96.27629799994075,7.600100805072568,72.04778965111265,bundled_calibration_sample
Sugarcane,1334.1513616157795,26.40505256998218,75.98957454608086,109.53637915260393,46.65704043660487,102.1003115528973,8.692042194912606,71.58281630840636,bundled_calibration_sample
Sugarcane,1164.747146584691,32.840087414548705,64.93545192524721,68.03538198255542,51.72877231177158,28.891530518926963,7.102603268349735,70.03812219556582,bundled_calibration_sample
Sugarcane,1418.381134162159,30.487156314351672,68.49741109477552,43.560804263893175,55.76955423329731,53.290660036905656,7.379312334514068,75.33000622269195,bundled_calibration_sample
Sugarcane,1233.6299334104249,30.0010107182694,81.39383217207867,52.66716354604025,76.50603363934943,73.02276922981186,4.854835848119471,69.07646039321715,bundled_calibration_sample
Sugarcane,1334.4803868195859,24.176076622279055,74.28347665264275,107.15618734035266,45.56630957849433,46.114651130335616,6.605297016177289,79.98842533468174,bundled_calibration_sample
Sugarcane,1134.633052266001,31.566682929562404,74.14686139377999,113.01609749787966,54.01138725301572,27.398007950131387,6.4796056366480865,69.52272807651788,bundled_calibration_sample
Sugarcane,1444.713068857146,33.99335137938897,69.39197037847256,81.51991272796245,40.87190979028527,60.075378892249596,6.532870925667437,71.48026749208542,bundled_calibration_sample
Sugarcane,930.4232727519443,30.305526820188142,49.918296573209076,48.21751851591196,48.82575506929759,53.80929644339546,7.616622615237918,74.69376530559718,bundled_calibration_sample
Sugarcane,988.4673975792404,26.15820647101441,71.28694807041278,136.39827688751052,55.59696193501235,72.70581924630106,8.898018941545462,66.79090195777961,bundled_calibration_sample
Sugarcane,1138.2233932669426,28.03257534350046,49.58438204195491,63.58711265233546,54.09487126183909,47.746282325187664,6.29684759121288,71.9687083517866,bundled_calibration_sample
Sugarcane,734.48294094276,32.3660164726698,73.37163431167585,53.858233792403766,51.66077084148989,73.4178748815484,7.393182991890027,70.75022148351098,bundled_calibration_sample
Sugarcane,1018.6138184810509,32.20780815175948,72.36755830552421,50.807150544202344,50.42003191346665,30.736862026343612,6.713101656091983,67.99119542537137,bundled_calibration_sample
Sugarcane,1477.43701993839,25.549782714368263,63.59668913392707,130.07950485399786,46.794399769133236,49.494791809491254,7.101059741837522,72.12995771186144,bundled_calibration_sample
Sugarcane,1651.9310911797315,24.56588724528575,83.22895132358428,111.68900857756233,39.93299591666249,39.37019414668684,7.496578691775223,67.97733982076232,bundled_calibration_sample
Sugarcane,1003.9543538073865,25.568039103568236,62.793387803301954,80.72463701747921,28.057986258455134,33.607271484773804,7.719652279234224,76.44246128556324,bundled_calibration_sample
Sugarcane,1251.4709089118633,22.834294529914256,57.55250016441236,104.7880136569001,48.70781837298853,49.869060925778236,6.63087203261837,81.11454320966027,bundled_calibration_sample
Sugarcane,1242.1084160911723,35.92138977054683,78.47522130529312,60.24073141221533,35.67908743381087,84.72309606870013,7.27023044945373,70.94327704630591,bundled_calibration_sample
Sugarcane,903.9175463132733,28.166615650645493,71.88228669797004,84.19437938905229,60.935896134626944,82.18381675686821,6.937089990634386,72.52831846859212,bundled_calibration_sample
Sugarcane,753.1278594350259,23.971568596692503,82.77380571786915,97.98975865147935,26.226347831418412,58.58448294931562,6.66268364885412,68.60369222174192,bundled_calibration_sample
Sugarcane,977.4697533617949,18.460154310081286,73.18241526430701,55.03486432224525,32.30455749040622,35.011776204351776,6.912908102520457,68.62714312027573,bundled_calibration_sample
Sugarcane,286.05241324726046,31.342288406885398,53.496279783022516,127.24840050813786,28.193316898619276,39.05880478606273,7.034466339548129,63.346825476046746,bundled_calibration_sample
Sugarcane,961.6487419832971,23.29053069415606,61.489941353008504,49.753748417815494,69.59842235159283,60.14328893366282,5.679237536923538,68.24040719505228,bundled_calibration_sample
Sugarcane,1319.1286477439123,31.805751403230868,67.32193971287096,60.82005066758029,71.5997085127612,61.44788801910702,7.342182881311844,70.84381535913705,bundled_calibration_sample
Sugarcane,1552.9318091814184,14.937466043314345,51.86774295829841,128.80671809027905,23.238632704276135,31.656903246425653,7.158533715487958,63.538107029335556,bundled_calibration_sample
Sugarcane,1235.9719443292338,33.38561438003239,57.79277563902738,63.51477755359389,58.732050436670804,50.391738259676075,8.2534472556605,68.75424866647204,bundled_calibration_sample
Sugarcane,892.1870921348983,32.70639919829437,69.23690876086461,93.20504135348838,51.70437621861362,57.26427217536023,7.469012198676978,73.75255243236496,bundled_calibration_sample
Sugarcane,1236.5649629608365,22.447400433355437,69.3355968079753,98.47034974535309,75.94822778680242,75.47982612801268,8.201419172007425,73.16932217922273,bundled_calibration_sample
Sugarcane,1529.2886822644173,20.06946328671496,68.9270440744615,74.42723635995462,48.33375131176809,44.397984007534575,7.23804563643315,74.9142348654618,bundled_calibration_sample
Sugarcane,1102.8105447550104,30.808503159821957,75.66159481181849,50.08041175177244,68.01208271478671,55.61938807574953,6.8873349020436825,67.30899006548208,bundled_calibration_sample
Sugarcane,1089.1137447965036,22.641122514178967,61.737054862885024,44.39768439255035,49.84832131221571,46.89360557353433,6.746254159144765,76.98557909782492,bundled_calibration_sample
Sugarcane,1263.830403181693,30.906003836138456,74.86387031432963,97.07905617947567,16.849912903213905,51.15731498520752,6.579489789711225,71.86378960564282,bundled_calibration_sample
Sugarcane,988.7834900544087,24.65154323979292,72.5646955778889,85.31813948495626,78.44458196559037,58.22253846373762,7.34141420725376,76.8122689908043,bundled_calibration_sample
Sugarcane,1079.0212703315542,26.805442981355085,66.48134748343467,34.95323479671,68.12904173492487,63.72359298663461,7.358720503365424,69.80887887273781,bundled_calibration_sample
Sugarcane,711.794616989817,29.67473612866476,63.48517649509422,136.8457760554137,60.02199969121001,32.020556673908175,6.689498887297609,68.93653665787132,bundled_calibration_sample
Sugarcane,1650.5057889089258,25.308346146476396,64.63052668174791,106.67906327907706,89.58999987687852,62.101261914758474,7.979660092963904,70.39085746496487,bundled_calibration_sample
Sugarcane,1430.545328730222,35.2192959309123,71.13477440565372,61.463800727523356,76.1125135749549,93.6927233695466,8.030372032304047,63.88550150116021,bundled_calibration_sample
Sugarcane,974.9461291340967,31.97928175271637,68.81217422498923,102.96402086599805,68.66278965183464,84.77619062149768,6.82325122371374,71.31006894619605,bundled_calibration_sample
Sugarcane,835.74235737527,18.4641715830181,52.22858629523632,84.77249745906977,38.69854625217917,64.87669851263304,6.402212219853579,72.643638535865,bundled_calibration_sample
Sugarcane,1632.813437885955,29.89157603563554,50.84901346273889,61.1303802868364,49.660954386689795,59.87127611185755,6.940555889240713,72.1251911720749,bundled_calibration_sample
Sugarcane,1026.7097068878122,21.274529382320985,64.04210725509918,66.53902946288237,44.52802638650114,93.93671202731619,5.946680503171462,76.20116124559478,bundled_calibration_sample
Sugarcane,1458.4574428263418,37.05099326412249,58.801535701306044,67.77958058410462,65.24563228731229,50.08842103617982,8.63475319407613,66.38981672244603,bundled_calibration_sample
Sugarcane,1025.1967786480504,30.621146257337095,50.96211533436891,124.42858810501342,44.20662592785884,59.80758408321669,5.803478598376904,74.42019960714188,bundled_calibration_sample
Sugarcane,1369.986777593859,28.6989338669982,59.73473374230131,89.21089479112804,50.402643586302275,49.38702925730014,8.088348379986549,73.64023560285476,bundled_calibration_sample
Sugarcane,1613.4475983713064,23.265182668732933,71.33632554770502,101.79367726682544,29.69130011629786,46.03048242002524,5.675631726686112,74.59626771991103,bundled_calibration_sample
Sugarcane,961.4246042963017,28.88135115796879,71.91918214882377,111.12700034036968,48.8914702351479,34.11749123035908,7.507423530181971,75.62941295968845,bundled_calibration_sample
Sugarcane,930.6011806691121,33.523810418809404,63.30394616931174,108.46124855894469,55.45706299684477,56.72504085372755,6.165792183530332,76.48708055689667,bundled_calibration_sample
Sugarcane,1071.0471928908369,26.41788511413734,67.47165736632932,69.79326668306284,48.50050840875054,62.11509410761585,6.621609308223735,76.84007252712611,bundled_calibration_sample
Sugarcane,1272.7443406614561,25.943573475125643,50.35539286259966,90.42194608030692,36.1316478673782,58.360912249501695,8.542891881667831,69.13423448564772,bundled_calibration_sample
Sugarcane,1237.1088046446748,25.29226594602326,54.40191831018952,102.20345263589739,68.12177590922622,90.85593651814663,8.399735731304565,65.3258806969514,bundled_calibration_sample
Sugarcane,1484.5720553556257,29.106461580285416,72.80236120187467,115.62471084888226,56.86652448721991,58.055078779669365,6.429085671293791,73.90012716473423,bundled_calibration_sample
Sugarcane,1570.2085500941912,30.188844421951192,62.479773947005214,79.5408977171909,69.90517126400852,49.02740742187887,6.698385582915996,71.85622783204745,bundled_calibration_sample
Sugarcane,1037.5817613019865,28.49610984789218,55.36268302550723,71.81267954777445,28.758257979566096,46.89354723804589,7.5445624005943825,74.9148177234496,bundled_calibration_sample
Sugarcane,675.2368666809087,22.482132327476275,53.846695572448326,116.74995912705171,58.35132562144591,55.89786822281275,6.521859436671928,68.87636141003958,bundled_calibration_sample
Sugarcane,1028.6979972038587,31.63388945643704,65.63407831322223,77.51242407817844,52.719403527279,70.97633281913642,8.073046807811867,79.0593994774283,bundled_calibration_sample
Sugarcane,1476.9730974396969,25.908422873464403,61.16212128479227,115.26973051813026,44.00458043688307,17.76809653338917,5.5696372378006185,65.30251013285331,bundled_calibration_sample
Sugarcane,1162.8754161830766,25.048749807334904,67.75527409719302,79.37134164608747,67.22565370122223,85.14621403847372,6.518175749704113,69.99781101057367,bundled_calibration_sample
Sugarcane,685.988128430843,37.28172622462626,84.94549334841612,123.27041541289202,27.54393322422874,66.07379056224242,7.444825289844923,73.90651292553355,bundled_calibration_sample
Sugarcane,1148.964690674617,29.733913664308705,85.16174407146161,119.33776652955927,30.561496326619146,60.58245851851979,8.73172445454367,68.09044634924842,bundled_calibration_sample
Sugarcane,1300.6998405341442,31.824947069838245,55.2132014952716,124.64486520090657,65.16671763951554,103.16705383005095,6.788189402430656,72.43356286209686,bundled_calibration_sample
Sugarcane,636.2816991508055,29.412821821449533,48.74260306782912,48.98667002945229,94.86883735534116,28.99661289332315,6.778149263320081,64.77955819366022,bundled_calibration_sample
Sugarcane,1454.4652534622815,17.43166856123474,54.30516858413797,101.59160990833686,54.27677788737786,54.32174140843521,7.4190132017399755,76.54324982705633,bundled_calibration_sample
Sugarcane,1095.0328965193673,17.573516774149738,59.29453028248619,76.7148780697456,38.67485007391673,35.937440326156306,6.778096910105664,69.12614897829934,bundled_calibration_sample
Sugarcane,889.772010468861,19.14268477645992,71.0196677671099,101.20209273271817,63.693619996925506,76.15059309756255,6.751963753296385,73.27927285917458,bundled_calibration_sample
Sugarcane,884.7116032904776,27.02462424893477,59.58567940877921,97.08294391262562,59.81912954850146,70.39098167483947,6.566713001774309,76.97699254219297,bundled_calibration_sample
Sugarcane,831.6459659002597,23.908811045290918,58.93577889161791,142.9330589116031,49.342632151088964,82.45647073973345,5.7938121964869715,72.8717679090954,bundled_calibration_sample
Sugarcane,639.8927429088894,23.321060143548916,55.1458906642091,110.47086296467582,64.77232504373191,56.257641023736284,6.126630418846917,71.67282713534944,bundled_calibration_sample
Sugarcane,1258.1591153004163,28.904613870024637,71.80236920157752,59.24332042100181,59.08943214888144,47.29245137141248,7.1779534883248655,69.18360040204867,bundled_calibration_sample
Sugarcane,1253.280983877822,25.211387387811314,52.93066256050806,91.84899320702607,54.68685666518193,41.19232803019551,7.642428342220691,70.57607159641428,bundled_calibration_sample
Sugarcane,1015.9122939300645,27.014520883146524,47.975181461797916,87.82522492917202,78.8803228455327,46.649305927364686,5.822438946223814,70.78349291873533,bundled_calibration_sample
Sugarcane,1058.107028405356,25.7169545503583,72.35801056431377,84.99640938471734,32.394131858013466,74.56454395535363,7.14645533156701,77.0678420183712,bundled_calibration_sample
Sugarcane,1092.0672516925436,18.50136450544803,67.30548126452089,110.73914698673697,28.30378176353416,43.125131310276174,6.8823714648096175,70.4066662727146,bundled_calibration_sample
Sugarcane,1194.8236228844894,20.682044765958434,59.52518959200611,41.37917121293972,36.492603496720676,82.79175633949973,5.791564302312794,69.2136677708167,bundled_calibration_sample
Sugarcane,1636.3013690401476,38.13321537655629,69.99809183349547,86.1905416118849,48.045801759940765,44.62255253328913,7.220171897134402,76.98996978760799,bundled_calibration_sample
Sugarcane,909.8447658581003,21.369907835664918,46.9415221425393,140.45077836820258,39.73221567073526,36.010998207050164,7.702145057832891,67.45930109765534,bundled_calibration_sample
Sugarcane,889.1913120273581,30.154172735730633,76.86889778508923,85.07542012306942,54.004227687317105,30.726599196463187,7.582834766404091,71.81967993799536,bundled_calibration_sample
Sugarcane,1481.0540877484955,36.146929116372235,86.92472420010722,108.91760346421721,43.18467888038989,89.17855367231056,6.231927209084662,74.26556422348132,bundled_calibration_sample
Sugarcane,860.1432695377941,36.95352986478122,76.80013455746759,84.0977088255953,42.238400212376824,76.80054133196909,8.09878863219333,69.35650041869397,bundled_calibration_sample
Sugarcane,454.06039148316086,27.755113899854848,54.924276638767296,54.34999129010221,24.873045193958568,72.96129729620446,7.122922043753807,66.01597655862197,bundled_calibration_sample
Sugarcane,901.0339205914174,26.972984937151974,84.44131523438324,56.27763114952607,37.35448322442869,64.4573545468977,6.380358772472677,73.97664041979986,bundled_calibration_sample
Sugarcane,838.3256273106824,30.761657814109906,71.92544910502919,118.23365304098208,25.757911266468707,61.63368726500385,7.541657496150561,67.99171364135003,bundled_calibration_sample
Sugarcane,1375.203617325444,29.258069112440236,88.04170003603278,102.40895236960968,74.46246338482726,66.52275704324555,6.175410380124328,68.16835081251892,bundled_calibration_sample
Sugarcane,1253.9848245227442,28.29908383977075,70.59192117493434,64.70708908999285,68.97552219239087,64.9168333424688,7.392401710322939,75.71469754242689,bundled_calibration_sample
Sugarcane,732.8568638015975,26.560864008209755,48.07037487418758,76.83647214352378,52.243951020142305,66.30096823338549,5.984326055192218,78.55056796843719,bundled_calibration_sample
Sugarcane,1098.3297103780276,32.02860247865458,65.4995670547836,69.42876559521945,52.14984040994234,67.80908469790612,6.932427822551017,77.90542064577404,bundled_calibration_sample
Sugarcane,851.5679411880826,27.063646155696006,57.18951406844051,129.04197129627278,44.52962233312745,57.40636945251008,7.387474151698713,70.64850470508715,bundled_calibration_sample
Sugarcane,1282.5023463207172,26.344932585779823,49.114514830602566,90.5060610596624,69.81383416188407,91.41348854702878,7.35418247144798,69.41466314712545,bundled_calibration_sample
Sugarcane,1100.9327496698363,35.41542452893184,62.22912299664911,82.42674505638495,74.41152689368852,64.70615006830077,5.52708961387865,67.26773110174648,bundled_calibration_sample
Sugarcane,904.2745328079827,36.50051813607661,51.70946843767703,91.86158142846602,40.21422407320871,27.59578010133915,6.406609677585498,69.3313922547672,bundled_calibration_sample
Sugarcane,1300.7125695397806,23.015102422125768,71.91109930204001,47.64345949404581,43.32488914198562,49.31214807210834,6.030310853221413,68.8064084623122,bundled_calibration_sample
Sugarcane,1576.8818755007198,35.82722516347245,80.5526495731728,100.1495895092238,12.057155504585104,62.265861883714294,7.222927987542122,74.42454605158146,bundled_calibration_sample
Sugarcane,1404.7021613231589,24.13145395251377,50.158154453237756,140.37124809396659,42.836307932476124,49.98368511138413,6.9827328553019425,70.39469649709638,bundled_calibration_sample
Sugarcane,1058.5846865529911,31.84476679317232,63.44383194122838,101.36584150931672,50.51794567521534,39.48574250402481,5.59335585332178,70.7102531935666,bundled_calibration_sample
Sugarcane,957.8053641791531,32.437098284514846,57.0733981560795,114.96152046019893,44.92456149620199,69.25329008992205,7.204605240505541,76.78289766014039,bundled_calibration_sample
Sugarcane,1266.7317761467114,15.738234366086179,64.6437080069927,127.59675460366668,79.78613754122097,58.23346801278985,7.864958391624521,65.71563042262832,bundled_calibration_sample
Sugarcane,948.5900952811006,34.89315226358323,71.22606060955565,84.99131871704886,55.30078984397054,37.06170442365868,7.53419177917416,75.18846723371446,bundled_calibration_sample
Sugarcane,1198.9974341338982,27.92124139270108,67.12569245434155,96.22781274554617,44.017503025242405,71.89728378755314,7.609995371059099,78.19314401382101,bundled_calibration_sample
Sugarcane,1407.5642263012758,38.82538799380778,81.2939277161172,59.59688310499716,56.518540451814474,46.36584403453473,9.0,63.60984232542907,bundled_calibration_sample
Sugarcane,1315.79034706678,31.670368061893335,74.26111068711177,90.77303427802416,43.75830328951469,38.65145896217182,6.2612730691767045,70.55664528840171,bundled_calibration_sample
Sugarcane,1075.9871263771415,26.101654517405343,58.14414636274657,68.461165116334,22.811368655733297,56.04437600474551,7.098033905121711,71.03576906442422,bundled_calibration_sample
Sugarcane,847.7676991954003,29.21401023292304,74.12923728816969,74.41133742640156,66.1866308193936,80.27072675527504,7.000186872675527,67.82765565026479,bundled_calibration_sample
Sugarcane,1369.2334315248063,21.14235718400111,72.31899192769399,109.47826197901885,46.8336450804888,53.55552236450227,6.7638419031103245,78.92469120072064,bundled_calibration_sample
Sugarcane,1015.7077251979376,36.94682445274868,76.30356922644451,120.35467126174728,60.54652234768636,46.0500804010567,6.309041223579264,70.06921989738764,bundled_calibration_sample
Sugarcane,1060.464425141603,23.49456339339833,71.42638183522338,57.23028483174359,37.60098773190873,25.274876207745194,6.757323950822313,71.86431212226309,bundled_calibration_sample
Sugarcane,1193.9867970488988,25.26376608810391,70.569214252572,113.15533633382924,34.68048601007423,49.798902179434805,7.029557715902667,74.5177907245994,bundled_calibration_sample
Sugarcane,1299.7971361240384,22.987449368000977,79.21106859828966,88.81767275493443,21.66123959796109,54.80102523162197,7.765971124194163,74.76382035043558,bundled_calibration_sample
Sugarcane,1350.1959683719388,19.635869523417796,65.38495401477583,82.83230183727434,34.3344248038815,53.6890807330991,6.240275202445063,70.2312388457758,bundled_calibration_sample
Sugarcane,792.5184686969453,26.406874967459963,71.08345975514574,32.45301675424457,72.17914932962466,94.92513891684979,6.186702124411256,63.294872121207774,bundled_calibration_sample
Sugarcane,1111.8873113657078,23.215877358256968,75.15052165015962,90.11929311262759,7.539648941115161,74.33740560413673,6.355294735003308,67.99519384147963,bundled_calibration_sample
Sugarcane,1553.2708318272453,34.94917248916659,62.31866744015458,107.52147125481191,44.634663315299285,66.59283077786259,6.872441432645889,78.91564644803366,bundled_calibration_sample
Sugarcane,1279.5885002892128,24.841085365409473,76.72060640945442,76.7066843918009,47.3026485744976,72.66016197027749,7.815673538079213,71.46947542712438,bundled_calibration_sample
Sugarcane,866.0877758065692,38.08447725517138,63.31291324910476,95.71772394912304,65.75884426722482,39.254337128055276,5.190318385876148,71.21187613079451,bundled_calibration_sample
Sugarcane,1197.247191204974,26.957163450424012,65.0263175499746,93.2994553853152,5.0,95.88805928341054,7.847322623019102,70.14110626320924,bundled_calibration_sample
Sugarcane,1104.8620614623626,27.739272402228362,74.72045366933666,86.47955764664039,40.6888552285819,97.52257335523674,6.831488738041571,68.59240325625733,bundled_calibration_sample
Sugarcane,1098.6289685681684,35.76696648732856,61.310588271249465,78.1355050362172,17.95756967589638,38.536701811386926,6.731643421721814,73.65122021401979,bundled_calibration_sample
Sugarcane,554.5568900114251,27.291989869392356,53.63936415956934,102.18608782468293,23.725764986081654,69.9786697546979,6.777344429488861,73.66377790694565,bundled_calibration_sample
Sugarcane,1290.1923599052623,24.9082959314246,61.06715756411911,91.69193582133695,54.20127747339286,32.8753435729497,7.706840541797211,79.71404611933376,bundled_calibration_sample
Sugarcane,969.1647136723283,28.71718707934444,66.44210452356025,28.99803635205904,74.33519946609783,75.0193787304132,5.200779246548362,64.34055202056427,bundled_calibration_sample
Sugarcane,1171.1132884904318,27.850404024994113,71.41654293019043,153.81080282035273,54.018250954577645,76.82730745658134,6.972230359348993,74.0023677918019,bundled_calibration_sample
Sugarcane,1025.8218271330827,37.2085719178538,60.39581380698333,65.43666929966284,48.20156335781844,73.05837928525017,6.84316206052574,69.53748502930544,bundled_calibration_sample
Sugarcane,891.3325268492091,30.47067763584319,63.66668654798225,95.19430219947048,51.91733182053975,84.40366551676698,7.819647488888741,70.56502271066313,bundled_calibration_sample
Sugarcane,1127.5027420713059,26.561335582529285,49.70958339165162,94.28633201727574,65.36256589818905,43.4360748435998,6.509559936991038,69.60213410338092,bundled_calibration_sample
Sugarcane,876.2730464346238,23.807334355778696,69.9267322405211,112.10667277213356,70.19803256495737,57.68848604031797,6.533933885542432,74.87526262732024,bundled_calibration_sample
Sugarcane,665.7302409391248,35.504848599720475,72.10074716085018,41.71744348801131,50.060564561880916,71.563182548436,8.016579027438809,75.77725134516923,bundled_calibration_sample
Sugarcane,1032.590848331759,30.054614221812194,79.62166249722246,118.8837891019845,32.24913866539248,61.493244558277524,6.4913360003257905,73.69650536925195,bundled_calibration_sample
Sugarcane,855.8925583948819,28.181669935011264,69.5137934576199,72.43794956627478,54.96006741989968,61.32785986126322,8.432800016203638,72.12797838646979,bundled_calibration_sample
Sugarcane,1003.3153711433795,22.24992080142871,57.35488816521197,141.89296106736052,11.848067409739912,43.387954106738846,7.28814441230868,68.5154522613232,bundled_calibration_sample
Sugarcane,1179.7484206326435,24.628241506802006,69.57166590956888,104.04683565685575,70.45315514511128,94.95354583081775,5.392836272955318,71.58031160998343,bundled_calibration_sample
Sugarcane,1167.4284802244506,34.718114501146644,78.51953079989909,92.352099061148,51.23610784079189,68.9793038787614,7.324509906178468,74.92619685127117,bundled_calibration_sample
Sugarcane,1364.2406315902608,26.652818145867947,67.75857042977881,123.34995926604265,46.68476599522442,64.19861868856722,7.511070298405647,80.01658133444685,bundled_calibration_sample
Sugarcane,1218.3163019063861,25.871355508474604,62.360162606547505,63.51126790048697,27.445381942166748,81.32847296222626,7.672605752483545,69.55041506227602,bundled_calibration_sample
Sugarcane,1348.742751942818,19.39604012160233,72.27219120733062,144.69216191601188,53.55718111211746,87.9463998045134,5.8340263644196,70.21302074642139,bundled_calibration_sample
Sugarcane,1074.6337075710212,38.948542210652256,80.3454642857967,94.1709354896903,63.84256176549839,51.15639247337591,5.9745067319501945,74.25072208018696,bundled_calibration_sample
Sugarcane,839.9343583830794,25.155594413663845,66.3209417850679,127.77538684970256,47.05466588345542,55.40679044432716,7.914990742305607,71.18826336381548,bundled_calibration_sample
Sugarcane,1178.2966901697794,28.5519323506089,71.05001383348828,130.55495927011128,67.86513608930544,68.04464635648094,6.569501194381991,70.66962905964033,bundled_calibration_sample
Sugarcane,390.82850498357584,22.065594919208486,82.80428233884237,66.44180676425431,37.63985235161636,43.58297262367686,5.874505542625469,67.17268549521552,bundled_calibration_sample
Sugarcane,715.4537399099198,31.976170387012033,59.37513892474865,136.38421148304033,48.092880955870335,60.15997586320806,7.482563117598832,70.19227474514331,bundled_calibration_sample
Sugarcane,905.1544988217684,33.70353595527136,86.76839006797543,81.23046355290742,40.2989016878132,71.14447343610246,8.232772274284194,76.22668724173094,bundled_calibration_sample
Sugarcane,694.3838493870912,39.99981816280427,65.76832297851786,102.0717176736348,25.61824993794189,58.45691634452233,6.319473566912694,74.66885967239018,bundled_calibration_sample
Sugarcane,1009.7064971482437,22.880636143966754,86.59231108318468,47.38486993710933,46.44129859383123,14.81136817367095,7.740959347862517,67.78611545557813,bundled_calibration_sample
Sugarcane,1234.3403257005416,32.95980181548002,63.99956400027471,33.2073037215988,24.717245548666966,40.434030371538775,7.910010613715086,72.44405344945764,bundled_calibration_sample
Sugarcane,1898.5262085102104,19.88413028352826,58.12488048388115,72.52540420351752,50.23279879968738,66.78335769234336,7.3557200296943215,75.88805096977312,bundled_calibration_sample
Sugarcane,1440.0348615408107,22.037320667227405,47.242529857503584,63.358847177675244,24.53338143096216,84.10456603767773,7.074510947295064,67.01549815813011,bundled_calibration_sample
Sugarcane,968.0707444629138,31.98331425777262,64.457835767254,87.77838981355649,71.13666522371537,58.036292978827525,6.1729193885001825,70.60889584882422,bundled_calibration_sample
Sugarcane,1431.7626236851734,23.40834346163541,76.41766709007437,66.96192486147234,38.55204730669753,65.10707026354804,6.95041518987439,72.5315336474223,bundled_calibration_sample
Sugarcane,1521.1733485960883,29.039021272193633,64.647336660712,91.83182902603946,68.67935402458016,58.363577199715166,8.449828918770455,76.00012590391096,bundled_calibration_sample
Sugarcane,1107.2312499614045,24.07153420689312,49.710969922350046,73.89865223790136,53.222996262509255,86.56541333647019,6.440541906443981,71.80818297466917,bundled_calibration_sample
Sugarcane,1427.9368283550807,28.373473441983855,68.2688147346053,94.9647941684822,46.94568901392769,82.9502959105355,6.375142042774247,73.59358771765724,bundled_calibration_sample
Sugarcane,1055.2037563532458,24.369616257853746,63.64003509138935,76.23544848623403,41.00142065421949,54.03298958901652,5.131157766330574,73.41771114190075,bundled_calibration_sample
Sugarcane,1130.6431739862664,34.004614323936636,59.530178204982796,152.20840147674662,59.54788545795972,61.75875295224832,8.303797510984854,68.18891171910674,bundled_calibration_sample
Sugarcane,1060.7463265747979,30.700205230621574,90.8325849391,81.31829268638413,82.94120431162061,60.32486513192469,7.254727865276766,67.76645058782834,bundled_calibration_sample
Sugarcane,1291.3610409995367,20.525638911504473,69.67314238684517,135.19749506999463,57.44748835924778,71.48034457517824,6.380155143504279,69.76669752808544,bundled_calibration_sample
Sugarcane,1334.0555435027263,20.861188045879636,62.03565363825503,98.03224160420199,45.88207421660398,78.58920127618228,6.486473629124777,72.73099338374492,bundled_calibration_sample
Sugarcane,732.9533724931928,30.758359181087997,90.3022626981269,65.90741285058718,60.504644350880874,73.10972250597443,6.971252781715987,74.51089435541402,bundled_calibration_sample
Sugarcane,1171.5153739572386,31.121548579532412,73.89574211753876,56.35365370889459,42.32080789479957,61.487007930614745,7.478743029766342,75.52199372916306,bundled_calibration_sample
Sugarcane,1215.9378321527897,20.118175656541673,65.41371039218717,93.82768350077266,45.146039001475955,70.23175785095778,6.314689967195343,76.11412591791493,bundled_calibration_sample
Sugarcane,1219.7697923353765,35.82532159849251,70.13023485894664,127.4049821938755,42.49923808758972,76.8974730243348,8.31581795840391,75.7162395915305,bundled_calibration_sample
Sugarcane,1079.3246988555063,37.37697114321236,50.70826913891415,95.63471773564032,60.10422648027216,63.1859818251774,7.180530722868275,74.30024599814956,bundled_calibration_sample
Sugarcane,1663.5185694984946,27.215277647540685,72.07066765138171,141.66161659095474,32.72879150097607,81.73823403427336,6.274323905328105,67.6454918286556,bundled_calibration_sample
Sugarcane,652.1735999906944,22.44332181288323,83.3550202419772,63.02264685739425,72.37289733699662,52.28764784504791,7.219269306544756,65.94697380216034,bundled_calibration_sample
Sugarcane,984.2439005092267,27.576954218391116,62.53111878904379,110.10883543343033,36.443746791519416,87.85718708051415,6.154377274730636,67.27675445306666,bundled_calibration_sample
Sugarcane,1599.278961875435,32.23732215321503,60.20354454223073,102.41232163660115,56.4551821028873,76.4066179058546,5.794667890329077,71.94097883878426,bundled_calibration_sample
Sugarcane,1662.8700639327135,30.28889342585453,69.0195699778845,101.81466261042792,35.21833902519085,64.35048156441667,7.417677816021778,74.86963800204768,bundled_calibration_sample
Sugarcane,887.5145333665425,26.971275616288963,57.56601967868295,151.65815653266714,42.57606829393996,60.19115962916974,5.849481179953744,72.02142916740763,bundled_calibration_sample
Sugarcane,1418.3322052915726,38.1836361351311,66.28254008864717,87.46992776185868,44.09442819067762,60.47810497881533,4.663203698109997,66.62223146033419,bundled_calibration_sample
Sugarcane,1219.2391487915643,22.877913353265924,61.75502241214787,119.87150657679689,53.161663858947,65.01570025375419,6.672050155220304,74.5767766565923,bundled_calibration_sample
Sugarcane,1144.5299940532507,29.164385851036943,77.16951543180642,65.38454863117579,47.686684920384344,37.15953659476297,6.446613233260379,70.37171016065726,bundled_calibration_sample
Sugarcane,1342.8458469666614,27.745418343091234,70.15607547541718,105.26255169122558,85.88077325194635,52.55210791433993,6.343967501712633,73.10192300589941,bundled_calibration_sample
Sugarcane,1330.4702699077698,34.14349247676764,49.57820119267809,67.45114948413423,27.999366888496375,57.659499042651106,6.301330211111225,70.0091966547257,bundled_calibration_sample
Sugarcane,1367.7130929343057,22.971762584631453,68.218672739997,75.14974083286153,36.39920784561602,74.36292393830634,6.428970746981368,78.28777671943173,bundled_calibration_sample
Sugarcane,1106.235451298908,20.37064103547386,72.36026243126618,125.82852521284673,68.45913466147046,18.872641799093607,6.462391796023394,72.94825362368142,bundled_calibration_sample
Sugarcane,1401.0267847629952,23.59258766676782,53.12838168835673,128.32444381281746,49.53377905879801,122.8687928697305,5.48086610546008,70.93110422307512,bundled_calibration_sample
Sugarcane,1266.5309627335564,34.08484636514478,68.00560908710314,92.09670825208934,46.64767536590451,42.89101169541998,6.941299418164862,74.95818460243646,bundled_calibration_sample
Sugarcane,1057.7940799935604,26.368188839121974,64.74429807582787,110.85295055929292,29.955098657960264,81.12684982059282,6.506191028548308,72.48926227482478,bundled_calibration_sample
Sugarcane,893.9267715430628,24.122300471234563,58.04872597145181,161.51933468900245,54.23020441554028,49.64154163163256,7.412272944972485,68.50948890883161,bundled_calibration_sample
Sugarcane,1293.7389042744196,23.572170724353427,64.92428744474077,91.00847369363667,67.22514965000858,54.00998612319526,7.067144175955707,73.66567275116276,bundled_calibration_sample
Sugarcane,1013.7777870838203,30.626394706818374,46.580950166254844,48.88323198922024,52.464735962379805,71.07915666843166,7.42589343708508,68.86971242920761,bundled_calibration_sample
Millet,635.5826416851171,24.14566483686149,42.180326933207276,51.252761548833845,23.949064013913237,34.97708035138395,6.7906561724891255,2.015705840787225,bundled_calibration_sample
Millet,487.32859524755554,30.661245623504907,43.18086707440821,50.49545981827341,36.34680771840389,12.291208859553894,9.0,1.7330201324796488,bundled_calibration_sample
Millet,596.4732412817157,26.587036931464272,57.543692579017005,49.230167317223746,26.195907514574444,50.61336834331243,5.460299851408987,1.9990135218227643,bundled_calibration_sample
Millet,399.4512832132593,22.086310773279283,41.929753011342605,55.10467227059067,11.006167293517324,36.22930105799806,6.70518246748002,2.039152124810531,bundled_calibration_sample
Millet,645.5413368951738,24.841208781188527,28.269276821535044,37.33867203240128,37.596376758204734,24.47097764547511,6.2779100885851165,2.085163802890953,bundled_calibration_sample
Millet,358.82643942542404,34.99554897811745,57.350395904717224,36.70749267086175,28.27808597798677,25.218289646706282,5.555243009423575,2.170048771978663,bundled_calibration_sample
Millet,731.2593532490766,35.85364265958608,53.105919512014914,43.93788714658474,22.314698558398142,19.255772098823336,5.604504480991481,2.060518803771551,bundled_calibration_sample
Millet,763.2023259780293,24.258761121922205,47.18507513500724,37.27564448545822,23.813186287457654,21.421145963604594,5.4893512391934305,2.08234954748108,bundled_calibration_sample
Millet,529.9057278159344,28.852082250114744,31.699723830408733,36.5391893309419,9.501279412368289,16.533627232161873,6.408240730385277,1.9419370557138416,bundled_calibration_sample
Millet,248.10918064736367,24.3799700866188,44.88523837949097,29.62318226904739,31.122134376986622,15.48184026637611,6.154139631611321,2.045083028694017,bundled_calibration_sample
Millet,419.4649658165845,35.1877167695407,59.76356374483687,38.76084404124114,15.470099374218835,34.83177582688465,5.425052104570568,2.087499219587905,bundled_calibration_sample
Millet,574.1574860570709,27.72950450123131,52.26672057779633,52.042620477221334,31.364828138909004,19.580519143593094,6.049642514972431,2.0193612994756864,bundled_calibration_sample
Millet,523.9589178493516,22.9853846456497,52.34132672557578,32.21141830333287,30.29817228310194,11.048171299881584,4.636240911428748,1.948072426854318,bundled_calibration_sample
Millet,452.10055163696205,27.039569733192042,30.366208173527387,47.28514098636321,20.774339804241613,45.59793023122515,5.127951855817389,2.014953335117763,bundled_calibration_sample
Millet,275.690001572291,28.60198695120378,30.59240522322154,21.98576057209862,36.998979260771634,34.96501911240847,7.730494484273418,1.9830693592389785,bundled_calibration_sample
Millet,555.4451914187016,32.5469646710662,31.614155361357504,31.058699870158435,15.893889850794459,22.459306010827092,6.741900775002835,1.9320607590918435,bundled_calibration_sample
Millet,604.5385402943161,29.796621912649563,40.27368932042962,56.028788428883246,23.943211679873365,24.560090173883193,7.198261340216636,2.090277881001047,bundled_calibration_sample
Millet,717.3337876612912,35.97509751922304,31.03740100102756,35.00999990341281,20.2512430110315,32.841946854038056,6.723909336178986,2.1544338164175176,bundled_calibration_sample
Millet,534.4630217741267,22.571785442233818,39.11537069455657,34.05976570917016,29.26415331211762,48.05042070432681,6.534836189393259,2.1354380844798015,bundled_calibration_sample
Millet,246.41788331452113,25.548027813403642,48.35466288738764,37.3870628661965,20.58964786396766,45.904694634540775,6.482961755077954,2.2040219630310527,bundled_calibration_sample
Millet,672.8789030882097,28.067220686659226,40.60279023396374,41.49697877452958,27.724005415406406,28.105834584292513,5.736187423477782,2.0790565668568095,bundled_calibration_sample
Millet,635.2504633450556,26.173521771437823,39.105048710485974,40.6589444412087,26.141623624244907,27.04662338639284,4.569027958089265,2.0505143382658955,bundled_calibration_sample
Millet,331.4346669586398,32.48486654382766,47.385648850445484,31.677727130347467,19.96029418997602,40.583028788600885,5.740875587149242,2.175608229868219,bundled_calibration_sample
Millet,136.04443269890618,32.719625977448416,42.21979610220975,27.878136745052686,26.700970368979217,39.04871813779233,4.424160791362278,2.075378972534947,bundled_calibration_sample
Millet,330.18128315484887,23.09772223314473,51.76126140503007,23.6131487854397,24.421859775366773,31.816708430201306,5.83244210122459,1.993768071774252,bundled_calibration_sample
Millet,317.8401032659108,35.34768024280554,43.786007780812206,48.239962448837595,25.1481707980981,26.904683967152735,7.332779635823787,2.0807026058406324,bundled_calibration_sample
Millet,312.7128778135878,29.159699736010396,39.47365996174311,36.75101407007276,29.241718176421653,21.111833776478758,7.332433584740491,2.1553452336880787,bundled_calibration_sample
Millet,315.18588820542567,29.39277471635682,57.81207000134997,25.53246628973744,9.518425761933727,13.399642680633402,7.606942508501325,2.0221207955188443,bundled_calibration_sample
Millet,387.24751078735784,24.717108797381105,20.0,67.2213511827117,9.684939198170904,16.74265548783017,6.191338642720379,1.7047310472430939,bundled_calibration_sample
Millet,404.2613930372958,31.89469450507091,50.136349860596134,24.293084310570805,22.107146179315396,27.569443556831356,6.765037475682144,2.0833252053157394,bundled_calibration_sample
Millet,489.3840856623428,29.693516746194625,42.33003129542261,33.63638129720298,21.663614895469227,26.90543448979457,6.6476249709963895,2.0752874910643433,bundled_calibration_sample
Millet,361.8243413154588,25.69689891059437,41.73072877575168,35.725711241147266,36.896692659773954,30.218787936938234,6.041848698803001,2.043628083228989,bundled_calibration_sample
Millet,302.01927186658787,26.818050344233285,52.2038269562278,55.654630124985616,21.96041847335072,21.170293100711117,7.57209327667476,2.0085036664245255,bundled_calibration_sample
Millet,336.4481825568864,33.174250746428605,40.38953975954674,26.806177359930857,17.214022452177964,32.85469752040754,6.514638742425926,2.165291948770491,bundled_calibration_sample
Millet,427.64873570191236,36.42637391035427,45.84898458547612,41.67552537857776,34.5324621473642,36.68888626478821,6.579419750614691,2.1598461779357514,bundled_calibration_sample
Millet,553.4840700011553,25.64305560140545,49.776212039078956,60.33192806852239,19.5207040470267,33.9992900185016,6.261994832468701,1.931775889122306,bundled_calibration_sample
Millet,262.0976491009278,29.72282522032257,46.79594196713306,41.263319836392796,14.209786280586641,23.494844861306685,5.078140238239911,2.0889077077601987,bundled_calibration_sample
Millet,525.9278818119063,25.575541963386872,34.971807018317435,25.239261454998708,10.261192636522592,36.54047695204447,6.0670113682725715,1.9408689328216933,bundled_calibration_sample
Millet,340.0646650587932,27.04312781369174,30.14841091899327,29.21476645623337,43.37634320293891,20.173535818053107,6.2946513568293,2.10693815556222,bundled_calibration_sample
Millet,631.2347199361966,22.617012951332892,38.31862598037061,63.34145543731515,20.85458824243512,39.01082303875894,6.50653140711501,1.9763284292612227,bundled_calibration_sample
Millet,620.7876272942201,33.02356066039615,50.85757182624255,23.528230358423798,34.807879766182474,31.051658897292633,6.531070269631161,2.1994478026497735,bundled_calibration_sample
Millet,144.24851350073664,29.61771107876999,37.41833703951609,36.46911353934605,5.0,45.66644406538505,7.300391462095731,1.9160814383079474,bundled_calibration_sample
Millet,559.2165948773047,27.956594577477976,51.44288722132498,54.32681907231979,35.70077591560285,38.63863127668641,6.454392123963272,2.067676516653842,bundled_calibration_sample
Millet,675.6931581871787,34.416833736795205,42.68103647011111,56.32013728519596,36.24155604590285,45.76868668980857,6.3899967057003835,1.8881814181426304,bundled_calibration_sample
Millet,526.7108151977538,33.1314488252033,37.44170571560751,59.07060955320297,23.5891612109242,40.61360260403786,6.262572002521513,2.060275395924823,bundled_calibration_sample
Millet,555.8566442925118,25.79445054517313,65.07215943088605,38.51420620095098,22.399701766324938,29.971706896515524,5.75913241050783,2.1062681652017514,bundled_calibration_sample
Millet,366.2460258886557,33.3339201280428,36.23390772979727,29.886317181975024,37.300153632936336,22.7215666998463,4.788075765333987,2.0171517551170863,bundled_calibration_sample
Millet,263.15934224079433,29.51726664815739,35.48539978595541,25.650684325459174,24.516362181728084,29.763345298126346,6.813455330614823,2.2798943401585827,bundled_calibration_sample
Millet,301.3585838841836,35.410491361245064,51.92373568106706,39.83775541592018,13.382128328414693,29.48439104041509,7.120843951355665,2.1668988994725837,bundled_calibration_sample
Millet,606.0200591567831,29.44288964282586,55.292840289177306,54.16856508552749,22.431251716684848,33.38142486032127,6.652114342426547,2.263616539749831,bundled_calibration_sample
Millet,257.7413816606302,35.30221260887854,46.95702415149012,46.78292335741239,26.72336302421245,41.38399535414157,6.000093797182079,2.0949266506229445,bundled_calibration_sample
Millet,450.2700458474384,26.66557955007169,46.27881182612895,43.03396827634633,19.817124298994848,42.05669431053384,6.316161806509885,1.983069088993778,bundled_calibration_sample
Millet,630.4288331497819,27.80357091119143,47.006054621117556,33.33913064777772,31.529811046438006,35.49585573305214,6.439414030004392,2.230226343731926,bundled_calibration_sample
Millet,547.3364758049913,27.23049632411875,44.04603588058096,45.23106457392008,26.960820868860846,35.68434189174637,7.059480351651856,2.065238364437862,bundled_calibration_sample
Millet,157.1775141192673,25.2885703658114,34.42124833010999,37.856369186564244,19.75217884971136,38.72453347390689,6.633535315241533,2.1439565245210708,bundled_calibration_sample
Millet,272.5812775695973,31.71631992702791,47.4326383774911,55.55049376514862,27.30196181181073,30.02714339579497,6.781196092079677,2.2882154690380156,bundled_calibration_sample
Millet,548.6357565790959,23.033555859894474,61.79298378196991,51.72384443382686,27.040113227523474,32.765672678127956,7.231348147321316,2.0651169989423614,bundled_calibration_sample
Millet,525.4601539193336,20.81544140727905,49.94797678663772,11.809503240388754,13.056346216128532,22.076224921636555,6.834952592418783,1.8950735059946062,bundled_calibration_sample
Millet,349.53115389028574,26.32316607604875,46.340752097346495,47.525486409734896,35.02640055189938,8.221647298025239,6.621659590171441,2.060495961433813,bundled_calibration_sample
Millet,659.8885920345427,30.43131421754002,66.54653184071351,39.79944114546019,18.88280615743649,47.845015801080336,5.94888450684597,2.0636424763558554,bundled_calibration_sample
Millet,113.64730837592862,29.659118220994394,44.00390700490676,44.95550656218245,25.798304577089855,25.428586309240398,6.076564502036096,2.233223756250523,bundled_calibration_sample
Millet,419.40781801093436,31.187944882739096,52.959950389877875,34.483437404371415,26.77105131791731,23.926945506003143,5.910676857216138,2.1456485312274682,bundled_calibration_sample
Millet,437.2358478691771,32.933990026007535,50.788569189482274,38.89156237661891,28.250687137056318,35.48167609309214,6.397921416041477,2.2630823012144208,bundled_calibration_sample
Millet,574.1994587166589,30.37292641068894,54.69814634606933,60.2529890986622,27.418717482489157,35.74394593724568,5.516501307976137,1.960602731304865,bundled_calibration_sample
Millet,337.5735224098596,30.51072950468996,34.40026143008417,48.5884550101939,31.969324756404987,27.312536375870472,6.444020243522805,2.1105750268440207,bundled_calibration_sample
Millet,559.8438839199271,29.39245347286087,47.606397808440015,58.003679108360885,22.28751124405202,30.556095081706804,6.559778535961571,2.111098742595218,bundled_calibration_sample
Millet,466.65943204225164,28.976377592051474,52.347821210911874,39.74143473825528,9.633229327299558,25.926622720033272,5.99464401179093,2.084941094715483,bundled_calibration_sample
Millet,306.79520966320763,28.22430137041643,45.33768934676071,41.19253716296001,29.51642608928023,32.5919561191444,6.175277781388998,2.2410195113376097,bundled_calibration_sample
Millet,616.1589120354564,30.719154024312857,54.405561502935065,52.62901599395006,5.134603815093634,18.686636863420894,5.6699552389428,1.9627288033367183,bundled_calibration_sample
Millet,703.6498866587892,29.31945266786788,60.61757971202662,57.917329544520086,18.247165405385857,38.56696525173948,6.638445583987144,2.1001785495277683,bundled_calibration_sample
Millet,338.47433951399603,18.086232612451145,52.31424600111307,35.71389051122625,25.457469299608324,22.466405679889192,5.8655711768062595,1.9999641377103794,bundled_calibration_sample
Millet,525.8408623239036,32.46284820559088,52.86224947510341,42.038491812705466,20.016171935666513,34.58241826468512,7.1549438478631595,2.2349285884956007,bundled_calibration_sample
Millet,526.168131443279,22.783040908157332,38.27250097782132,33.64221733739445,23.021137198387244,33.540421141211354,5.239131018163297,2.225128570091802,bundled_calibration_sample
Millet,488.89738414473993,31.550867131540276,39.979141023004274,54.27753148801972,25.661566542062296,25.700205954643017,6.164124706595427,2.1665693968595905,bundled_calibration_sample
Millet,537.369532140834,32.35781448992106,39.90850440186294,48.56014829727031,24.341919324593785,30.623816659148044,6.975453140789901,2.2516885550076378,bundled_calibration_sample
Millet,623.5361273813469,26.10960607347871,51.376174804135815,45.572392057465365,39.80405057797788,30.32352739767043,4.841391515042901,2.139043720645648,bundled_calibration_sample
Millet,689.6591047436381,33.3742153804075,44.05058596853027,22.640513230239055,28.602816902496517,40.191898326107285,7.4163537122728265,1.915571106771808,bundled_calibration_sample
Millet,714.3483598315338,31.7250873845368,43.31866719913806,48.916188404298616,18.28124310159253,42.52820326978551,7.938427020529565,2.04233548797742,bundled_calibration_sample
Millet,230.42445462961427,26.49211085078506,51.88333106946246,55.78851033253187,19.609443455713283,20.072518644292032,4.925266382783388,1.9714216296822664,bundled_calibration_sample
Millet,397.9524794991956,31.289852792687263,34.30558817833082,44.17904206512846,18.72974786931611,37.1921829698214,6.205433531329824,1.9834556185295888,bundled_calibration_sample
Millet,316.8519502239732,25.542456197956874,43.23615448985055,41.43465886546092,19.156011530601525,30.307390452087773,4.302123450720545,1.936273164896381,bundled_calibration_sample
Millet,410.47754736257536,26.234799561427977,52.93854046469295,35.22831524723908,15.108687914465747,41.36954388098002,6.660315821556031,1.9715278682352442,bundled_calibration_sample
Millet,461.4267039979521,26.906792452273645,20.0,26.934382066616887,33.08504873269995,42.83391860408924,5.050735019288297,1.9976293011954305,bundled_calibration_sample
Millet,515.5343607517234,28.288939653798682,42.01460694785514,56.43339679684537,12.391351574670688,13.992822186297111,5.712467957212696,2.0513031815941734,bundled_calibration_sample
Millet,698.9881927451626,18.291574629421106,41.541200557612044,47.76627194829764,17.450052588266708,20.3323977449189,6.988277873630669,2.1579199900155515,bundled_calibration_sample
Millet,188.16764681203796,28.81915786876756,44.1124192810708,48.043092527769026,34.911719938004815,30.92480213553552,6.463595134142257,2.1300932963015713,bundled_calibration_sample
Millet,253.18865467471227,31.23330595521036,42.99485305689361,19.33826007771499,17.79820839040103,16.26790144037109,5.596214788526673,2.120588873978255,bundled_calibration_sample
Millet,628.7893865580053,31.440891463156525,31.921466007141362,16.989345554503835,34.42622998250607,34.882671847740326,6.8639006754859775,2.020524708099691,bundled_calibration_sample
Millet,660.6323214708177,23.38493536804812,58.73732057100174,48.38060425364208,22.899134578471433,36.74057312886823,6.68932101903562,2.0071472405595583,bundled_calibration_sample
Millet,281.63475266037113,27.540410730021147,58.074263941115085,35.61184733824847,22.517528743385334,30.61977679972038,6.623719265246209,2.1007816936809287,bundled_calibration_sample
Millet,646.9879499377953,33.30237697644573,38.76316493082783,26.166240621470514,37.76962350446124,22.783722152184936,5.609022593323806,2.009768827596902,bundled_calibration_sample
Millet,246.8990608889531,32.10777110341636,27.16506522289673,34.74605416064817,20.74538250737786,20.569757719875454,6.576830421757535,2.1545639746905176,bundled_calibration_sample
Millet,122.5102592442372,28.14848425137271,55.593378179722706,23.242672797810584,30.18787315702885,28.055779804596924,7.1385069565367445,1.989516101059993,bundled_calibration_sample
Millet,102.41153469514381,33.258054957978594,47.08686165186663,50.69777736874623,18.406965260927958,24.650379910066206,6.717037260183497,2.1173487001841833,bundled_calibration_sample
Millet,270.3272051225414,16.823774295582268,47.384808119425934,25.67110445097275,36.68106356469895,44.261281160253134,6.0645603814926226,1.8651869735089768,bundled_calibration_sample
Millet,97.65374673181822,29.088890593270655,68.32007745443701,14.226275936682995,17.564733921932202,15.358527272760185,7.484698386252072,1.8899721728248595,bundled_calibration_sample
Millet,522.4818995328462,22.910797871904457,43.07749383698969,31.626234550429437,31.58123917585396,29.628850134202498,6.713073947014205,2.209755421032988,bundled_calibration_sample
Millet,123.42632615820406,24.431907914560668,50.80922395867296,44.91950704986736,27.66902800018369,33.441641575392566,6.222132982439474,2.1820427039138224,bundled_calibration_sample
Millet,460.7665747544454,33.03060030150657,56.90339702974843,30.320337428960237,20.171103263485097,51.952349616171674,6.378523476422952,2.053442992916609,bundled_calibration_sample
Millet,437.8006234309879,34.208794309849935,39.97283204277938,54.88144189839507,17.401043167797503,39.36924593692577,6.135212439342964,2.0681457904932414,bundled_calibration_sample
Millet,476.15902638383665,25.89998041236845,46.70075501802015,47.4898057486362,27.583199422012456,23.38178191627285,6.679622142396776,2.1155525670016835,bundled_calibration_sample
Millet,133.9817673149065,26.416810502778546,42.27785878064683,34.19896950046665,32.079502738243704,35.320237652024154,6.650328397083945,2.092005709414017,bundled_calibration_sample
Millet,536.2822948200188,32.207407665833834,41.92469883403607,59.31823804682931,31.276876242188003,23.351329914407458,5.976857384191915,1.9975065184471754,bundled_calibration_sample
Millet,491.1797255437723,26.761171747404994,48.37999276583064,20.39057773504424,19.243556126007416,30.985715137986766,6.898924714533803,2.039435379093142,bundled_calibration_sample
Millet,387.0729374628122,32.30646637940488,47.60372137707726,30.02124384090147,12.657004014964148,37.06470484674914,6.899886429227496,2.045460754902363,bundled_calibration_sample
Millet,439.3852063816695,32.518207628396304,53.54794351925433,54.356414810076956,19.38820461335441,25.77171558054752,5.146297402088826,2.021812702261874,bundled_calibration_sample
Millet,262.66795331398157,30.104846242314316,47.706400629154025,35.32345374617234,23.416770550954087,22.9531129513961,6.877965424174222,2.1073415390371664,bundled_calibration_sample
Millet,313.6191306107795,35.235288467691156,37.568653576253666,35.749126302469115,22.2267082020122,11.796585497380963,5.883796196441244,2.034901920861584,bundled_calibration_sample
Millet,487.4769820871959,22.493094864239822,34.298309114053154,34.7312359495704,16.248286922208067,11.57338375130442,8.492961233281475,1.8082159747740214,bundled_calibration_sample
Millet,511.2030268810129,27.988944707278147,48.80317066094228,47.68977399144326,22.756166037306933,37.97722013833841,7.001234054895562,2.085603291481982,bundled_calibration_sample
Millet,211.2785082771573,28.382911910957276,53.297618536266185,24.940416597206962,37.664989376242474,46.017611533614286,6.81481098581708,1.8465092011624964,bundled_calibration_sample
Millet,823.0905691064299,24.82533693616147,36.65539466143144,31.783556616620075,11.815439827129808,19.74554619391354,6.442435078443281,1.9567738731852562,bundled_calibration_sample
Millet,368.367618447823,31.962319652203288,50.794900189596916,41.83846256525367,28.496512160565214,10.3424476358642,6.063341403302817,2.1561873157258935,bundled_calibration_sample
Millet,394.78743735847286,35.95860892377705,42.277622784774266,37.380361779381296,14.094523341866363,39.54119209969912,5.776059566853106,1.9827585536402927,bundled_calibration_sample
Millet,692.1415727823189,25.713193269453242,42.4041791223682,58.88498152813391,29.711256009146467,35.365647261975745,7.99625007600191,2.0187471299162896,bundled_calibration_sample
Millet,484.42336859761275,28.460696821524895,33.43928567393831,31.763695370025317,27.482194782465406,25.402364669746724,5.940369493640757,2.2748780302342797,bundled_calibration_sample
Millet,808.5443012813098,28.571218697029753,48.71563935994968,52.68340958427852,17.297897426190396,12.67112817042258,5.552096820586014,1.98985198103673,bundled_calibration_sample
Millet,215.3842422904852,29.040762491815897,50.78274387354727,25.28098015328385,25.251051824327106,40.46580662414806,7.179076848634841,2.211175915996729,bundled_calibration_sample
Millet,511.27526903958096,31.949399021564314,30.537197095693884,49.149069325031434,29.19555319784351,11.131030275919219,6.479065007192976,1.9777969518467011,bundled_calibration_sample
Millet,476.088632729017,27.56187229269853,47.467089493111686,59.380827138260116,11.929739561462016,39.674339179362505,8.436004782886998,1.9801583154977915,bundled_calibration_sample
Millet,533.2206669515889,30.77492881938409,49.542656149372235,34.09495971047497,32.43464607117127,41.04086777669385,5.840957284985607,2.211615949200239,bundled_calibration_sample
Millet,796.683257317339,30.34362226645285,36.84172732383446,52.71371990927228,23.76311131414133,24.338178475211187,6.496537715389939,2.133597423217634,bundled_calibration_sample
Millet,461.19052446693894,28.34290309461623,47.201545961590725,22.161642575259936,29.027836762672372,31.240860488657127,6.200065854459024,2.232351995611805,bundled_calibration_sample
Millet,642.1346690944947,35.01675281707632,35.995629487850415,29.126673538045257,24.298222078236623,44.57119397023375,7.920645445469785,2.1036167468989677,bundled_calibration_sample
Millet,527.4061706792459,28.91988658433792,50.99323755716893,5.0,21.294233798942678,41.958137171783676,4.646036053910447,1.9419240041906065,bundled_calibration_sample
Millet,546.3929726764259,30.59782843279803,49.16649824375282,47.38307249425242,25.266178425015248,25.95605652567246,6.935551640578492,2.075785258616989,bundled_calibration_sample
Millet,562.7365459533984,27.19443703735946,37.0948485180621,29.853673627490966,29.64641021234994,42.68108119777367,5.779032855116793,2.0490667146976596,bundled_calibration_sample
Millet,535.4312704236688,27.597361319126566,41.28662540733344,12.259800815893712,24.351860100089294,36.21551984466701,6.292443898084398,2.1047610594791726,bundled_calibration_sample
Millet,326.92273219317497,30.065583096632874,46.85523870958502,23.62511544186025,41.00547039464567,31.110356454866448,6.063785045651411,2.1373061277702345,bundled_calibration_sample
Millet,414.29017320437873,25.6855743875364,25.19345010848644,35.58742557179343,15.9849030861376,20.745842384553185,5.644147071274051,2.117301149205527,bundled_calibration_sample
Millet,264.41668789242885,26.87789820472086,43.17731934062206,45.607033224752904,14.86721307864478,38.47064591400409,5.996477934436335,2.179792314533449,bundled_calibration_sample
Millet,750.2088628080196,27.295410606921145,41.28353693467963,56.28025239612637,30.373176624723474,25.935798137618725,6.274260300914005,1.9542286391823103,bundled_calibration_sample
Millet,490.4241393855958,28.811047745111875,61.19756985653076,59.10755793435341,22.051655262048605,19.960822555101835,7.278625221920288,1.957043205920312,bundled_calibration_sample
Millet,610.5484811836558,34.42138110745011,58.80622309050386,43.878015686562705,37.472727778241385,19.933043168552707,6.086523773489007,2.145948898464319,bundled_calibration_sample
Millet,658.616464066771,29.3675005023899,49.51613345297335,28.870171890900465,18.52673090017187,27.32465657766946,6.192439810531006,2.1497445464334546,bundled_calibration_sample
Millet,613.5451166942383,17.93241793730519,44.479539350147704,47.70278836693376,24.080794704557448,33.60201013430965,5.881054315149543,2.120069652174539,bundled_calibration_sample
Millet,80.66702275721485,30.748917411028362,38.77593640333882,19.888562972736494,35.99977381316819,23.903505023917962,6.128295023408301,1.827634518260603,bundled_calibration_sample
Millet,681.8271093734132,19.48654072457066,57.81973907121147,24.249621185870367,45.858703770391735,29.39345339732942,6.119406011712759,1.8673433671772852,bundled_calibration_sample
Millet,524.5778394163916,30.14986652369866,32.85193142125008,43.72100988966689,26.653633323981836,27.937809391162645,5.035221210569865,2.028359393878267,bundled_calibration_sample
Millet,560.4059779491936,21.516733392165783,57.01101310231478,13.420625981801798,25.452531824228416,36.07997565646668,6.692597535698948,1.9837748809964786,bundled_calibration_sample
Millet,469.1583996660749,27.85921153031273,59.8576245565686,60.62168341077513,12.390126283945166,11.902660171622788,7.729491664604845,1.8862185445005695,bundled_calibration_sample
Millet,726.5557839230685,31.202329525749935,48.733859081854156,38.215695680267174,28.85655300085063,35.55404577642961,6.522610462927229,2.2523069251204775,bundled_calibration_sample
Millet,481.21433500513535,25.32521129831926,45.55560658274021,47.227217108765544,11.050831313793912,27.67626988695087,7.38100829112431,2.1560831448449496,bundled_calibration_sample
Millet,481.7994140511859,23.553959389772004,33.74297924409632,25.18755328720094,19.338805987025374,19.127661404546746,5.810530491479684,2.058277381020861,bundled_calibration_sample
Millet,235.46027231003072,21.47462417827886,35.84031619895575,35.89990318022582,25.492742634150822,10.954134014328925,6.874808144140273,2.180070598427993,bundled_calibration_sample
Millet,389.98001273428156,26.275356667672728,45.453615983618185,44.582421833376706,27.888762202048852,37.187511934406835,7.6799322586976615,2.184123017034153,bundled_calibration_sample
Millet,795.6189926904934,29.508469518460533,38.34624547272307,36.57883060415019,27.266377391190527,23.301053934096817,4.850391874631588,2.125731525545449,bundled_calibration_sample
Millet,184.74671968820172,27.43285526482262,33.402161092395545,34.80420389713374,5.0,36.16203305391949,7.095405876111476,1.940794897780337,bundled_calibration_sample
Millet,539.5781821669998,31.999751290701752,53.21596489470132,54.30561824735141,5.0,24.53225835088174,5.906224228350281,1.8830889988802932,bundled_calibration_sample
Millet,410.92697320146704,32.940844209395024,44.86926304206286,18.86733957851485,22.589125604011553,17.67374324830994,6.2706728359519275,1.9813794372895928,bundled_calibration_sample
Millet,561.1352837538263,33.365797922369616,55.2831769167683,44.27662431666852,15.807520512255973,33.42339161157755,7.143337039069853,2.030654849305633,bundled_calibration_sample
Millet,631.0875251383753,27.299373516727684,39.5955864911915,26.04957175629037,23.512448429658853,30.888732870340387,7.035224706474084,2.2683294030616774,bundled_calibration_sample
Millet,471.2081869016091,27.319020132937695,53.80410971659606,23.00350450385267,39.18873041524226,31.013802523443562,8.057162579645553,1.9848689363413028,bundled_calibration_sample
Millet,352.38725021338223,24.116689015629415,36.97424424615562,42.25805250743665,15.587931885476117,35.63187261825166,6.810961292205722,2.0231756472845075,bundled_calibration_sample
Millet,572.315827925427,29.818516460970297,45.055601405013654,37.78270531515159,17.75639002065542,40.93111584448659,7.816384548429653,2.2101374935122333,bundled_calibration_sample
Millet,30.0,33.25281977728897,45.2414098415986,40.63033760686017,40.06120963234378,19.8898501241801,7.573471468744591,1.961886898986395,bundled_calibration_sample
Millet,347.6510333283441,23.710343296895168,47.710059512907975,42.84174567650297,16.35194712480314,15.019244040911605,5.681532676959037,2.032145799635096,bundled_calibration_sample
Millet,467.337730320385,28.859216033916145,37.53710006859993,30.622154788436625,31.412734324865347,25.247851433154256,7.9067030621450005,2.101584359294693,bundled_calibration_sample
Millet,571.2566000643362,23.7732248518165,44.47532436719331,53.040035495329285,40.119391933006625,22.45010931148484,5.823526995319178,1.9182831344140854,bundled_calibration_sample
Millet,398.069573703448,30.028658997115947,39.56648958450647,42.45671739385895,31.088933270935975,33.289216535476776,7.230553638127701,2.181790260682113,bundled_calibration_sample
Millet,542.8812649344097,34.63769699340139,58.060439582991066,45.20205375030502,23.313428565114723,20.74609359870059,7.386760015565471,2.0916812080234983,bundled_calibration_sample
Millet,360.46162908332536,23.144661286349546,20.19089708963118,27.302021076981887,18.881502451493017,35.20145058262039,6.810024208702569,2.05741120381362,bundled_calibration_sample
Millet,619.6343190948639,27.177544078260944,48.66809587009827,42.1047050781801,41.51658916909359,34.383365706297965,6.558487573261372,1.9988683749715543,bundled_calibration_sample
Millet,422.37394092963996,22.830734630973268,52.663640627692686,21.250172124289744,5.1180723089848,35.15666346108594,7.3168984246715585,1.8269300184646526,bundled_calibration_sample
Millet,385.4569006777403,20.153145431259542,47.8866971121615,29.24914175936734,17.540529855740523,32.503183559859046,6.041009565888455,1.9541620118495355,bundled_calibration_sample
Millet,528.8476882277178,29.84045852677724,32.97156079088255,25.71535208498562,25.005479410660527,21.0366643339951,5.527618271726335,2.2152721180826753,bundled_calibration_sample
Millet,346.86046570144356,22.406035434308254,50.34007972864619,55.248368498845295,36.37786237660409,35.14167212592642,5.907400100274296,2.1095764287184076,bundled_calibration_sample
Millet,518.5238831552746,32.63255118230819,41.56567553449154,24.98799173512647,26.244012324461476,26.651388755728497,6.545963068838503,2.074684867094793,bundled_calibration_sample
Millet,537.9840441811152,26.12738951182032,49.799688771288864,55.759545682456356,26.00285927689193,8.757840980413533,6.476458841714473,1.8859173126584723,bundled_calibration_sample
Millet,740.0402800486229,22.03941523355708,52.21424918331087,23.435159900321672,24.10875804807545,48.05637120118274,6.717790880786227,1.878577935002494,bundled_calibration_sample
Millet,557.5829034141548,23.77939611183575,43.0209116315545,36.99588751276452,18.539751332348345,44.524977798128056,6.490330442246851,2.1280673764978686,bundled_calibration_sample
Millet,394.22062520022723,30.40040273149552,42.34975918799183,39.94517586489458,24.525849270251715,27.974172161117046,5.784086173021224,2.09400230210889,bundled_calibration_sample
Millet,673.1356592824204,29.918171825426374,48.61547632485528,30.413071071053928,18.2544058763533,13.957912418772953,6.448064186152196,1.9434449134001408,bundled_calibration_sample
Millet,576.6304490803473,28.701561633052638,36.719964961244415,30.936964822590973,26.01126948769336,29.27985991938466,5.74878034702147,2.232113717304982,bundled_calibration_sample
Millet,609.8353271213823,27.715658011721228,35.70543559259385,39.24977971917451,37.832434742821334,28.232519214192735,5.523039504573562,1.9861682209159919,bundled_calibration_sample
Millet,559.4605889463478,23.085910584110508,60.797830457163556,29.941229468543334,22.669630685113162,32.166379055073904,6.736667730721088,2.190156165383496,bundled_calibration_sample
Millet,542.0156906010508,29.857805703970953,40.25797490152848,39.49754798672017,14.593529207697905,40.27293025051545,7.148852655967338,2.1616241198987582,bundled_calibration_sample
Millet,677.7774646978124,34.81968253246214,44.854586884623245,46.69554440302592,33.13086309364058,27.501134937184844,6.9236502177021855,2.2320929850024847,bundled_calibration_sample
Millet,443.0104376244913,26.44248485734055,53.54956255061128,43.9152158050657,12.638703800742741,34.072650264484054,6.916908879978406,2.1701795842351292,bundled_calibration_sample
Millet,255.20305016219018,33.428809388725014,40.29787793570476,12.809782684795383,29.126059561271582,20.000193720106335,6.104847220745969,1.9976743111716244,bundled_calibration_sample
Millet,322.67556023579,30.02255852360735,56.06594049878988,35.019744158012195,25.701528556349615,33.24731036158647,6.8846604323247576,2.0604256128622342,bundled_calibration_sample
Millet,248.73768945406468,31.407629612500433,43.68459798139948,44.914261583375435,28.432643925629115,36.557694380946785,5.350384009211409,2.12173878997533,bundled_calibration_sample
Millet,632.1105343202155,29.451579492052733,37.35851430543574,39.11384046391309,16.80206070757113,11.990828679579131,6.1174656358148,2.0915955373788218,bundled_calibration_sample
Millet,455.2103547960305,30.45946943624731,26.46477843702627,46.19427620568038,13.563225601942786,25.0082394000108,6.568719583568661,2.060292980549471,bundled_calibration_sample
Millet,722.053403012983,27.527965792207283,47.967889517051674,57.395515375257716,27.79515400878602,32.49564730554771,5.166908270789779,2.066407377450433,bundled_calibration_sample
Millet,323.26821597029584,26.931811194884617,53.30650582678797,55.536624975210536,26.076290732665843,18.117465392095614,6.883765616666006,2.023748694669508,bundled_calibration_sample
Millet,331.1745288755785,22.856182071486067,66.44550423061028,48.09349786449398,15.408232028173147,31.371106240425792,6.871163292396183,2.055629923366548,bundled_calibration_sample
Millet,249.98847467190734,26.838598633993055,37.09464258920182,42.555182956583685,9.57053284606571,28.06625388209919,7.347266765407209,2.206929281232282,bundled_calibration_sample
Millet,944.3597357456665,29.105592084181012,43.16772845322833,50.69284201827338,28.38950064121144,16.432865285951596,4.343558420046737,1.7636067964062334,bundled_calibration_sample
Millet,539.2607984479487,27.01597453249073,36.32608801059364,29.207370710087375,22.08857787914392,35.776244031891345,6.1798922045108755,2.0705905782670064,bundled_calibration_sample
Millet,416.62365385365945,35.3760176212278,61.76485321919257,57.506425251324615,18.840297720308154,25.34127146760083,6.817831859657986,2.1116908601883497,bundled_calibration_sample
Millet,305.52607017876227,23.420549285803883,44.73894937490159,37.022369805191154,33.22183335219483,20.345635489420367,7.601157281944274,2.20087791402079,bundled_calibration_sample
Millet,778.6964549638926,36.9254025403322,63.26721170319793,39.13740964341339,16.19509081515426,39.074541737614396,7.679869809876739,2.119566275775183,bundled_calibration_sample
Millet,669.9855529040497,35.423622069115595,47.32517412644516,60.08306769638948,28.758759434756808,32.05540006411092,5.974776115555039,1.9938771786455507,bundled_calibration_sample
Millet,261.4142662997838,32.15023009107883,37.0372642885872,30.499947230077883,9.181493321773077,25.771786710443518,7.224670383071424,1.9016776585675703,bundled_calibration_sample
Millet,876.8249627329997,27.2645834694948,36.74022918327299,46.470939691794875,18.88996479641137,28.988594635528965,5.632848275265739,2.007662058992259,bundled_calibration_sample
Millet,560.9794361431603,27.961957472765274,40.00316140831271,44.343009043067674,24.324644378953813,29.333789731067196,8.010001036521178,2.1483850808899225,bundled_calibration_sample
Millet,690.3547270523654,29.054691216216334,46.19875634297469,49.60705625512479,26.035762422185787,23.15509054024663,7.193129615822166,2.0353859581938374,bundled_calibration_sample
Millet,423.3453955448489,28.79548375707737,43.130398174106304,40.69500821723589,23.103227874471578,30.296289411527333,7.183450821451496,2.1809117690243847,bundled_calibration_sample
Millet,621.6282822647534,23.971853828896474,50.82110976216713,38.66874924396334,21.611920582125748,23.83014386257401,8.210356910021087,2.1853306126047123,bundled_calibration_sample
Millet,351.8152101737079,22.20187527385831,42.75611983733407,42.737623987552034,19.51133786961058,47.19569221376183,6.279217512192029,2.0510642680325595,bundled_calibration_sample
Millet,441.40294862265455,22.84222449648582,35.59762210752438,33.22000492866351,23.927896543262918,48.380429195920875,7.5021456370795985,1.9762583824800122,bundled_calibration_sample
Millet,338.62309494753254,29.195415607145176,40.259843914332144,47.66076283455389,22.92431505989085,38.42849863283879,6.432132141366145,2.27124656110514,bundled_calibration_sample
Millet,574.6271854131071,28.597329921314827,52.68768986964112,13.377096748878095,19.528040035486782,13.614216606548762,7.243979689938835,1.8436057559109154,bundled_calibration_sample
Millet,498.83087824433983,26.061002934000207,42.19015135113343,41.786926096033746,22.50056557878435,30.19169969804061,6.755257437745384,2.289897036542325,bundled_calibration_sample
Millet,602.258007387603,27.623662746762886,61.33814394773854,62.12394210695404,28.10567909286816,19.86181325620899,7.492617778250115,1.8941089812346306,bundled_calibration_sample
Millet,646.3563414622803,18.439160014036688,42.37397159163038,43.62455572454289,27.671777420441888,26.710116778955758,5.965345380498185,2.0118351377950643,bundled_calibration_sample
Millet,394.97491005082844,29.897335400068428,37.907232764736115,35.234530008255064,33.84758157708654,12.29395433944385,6.231153436322177,2.067109842907931,bundled_calibration_sample
Millet,500.70340191353307,28.610217363231225,58.333864737949625,34.90217509182685,20.636874743021515,31.927769994658767,7.32404064902037,2.0540899473699503,bundled_calibration_sample
Millet,316.9981280112104,34.04954395633974,51.974910347687825,58.38548833816236,8.733617785607006,40.126945332236744,6.387642629837402,1.9924759031006236,bundled_calibration_sample
Millet,742.9670280355799,26.209859498778485,40.47442618490858,39.326175536916615,29.306647575138044,30.757714126963055,6.919872151862741,2.279422981954099,bundled_calibration_sample
Millet,389.6278004322999,33.40846784558951,54.78784697803401,24.476485677772637,23.511340658593262,21.907237844775924,5.923798206638283,2.1653672980968883,bundled_calibration_sample
Millet,247.68323055922684,31.860819324490844,25.546794996828428,35.796532179226126,29.818135713774172,32.690476776465694,6.153107102939187,2.077086582776849,bundled_calibration_sample
Millet,30.0,32.64622332193256,43.14175097774819,53.140252530878385,18.290858049292105,38.710149248001116,7.3382602495352165,1.901434887927903,bundled_calibration_sample
Millet,234.75954503840347,23.5374606040254,30.258104034755327,43.41196127848441,29.76053654711982,34.14965116173116,4.666684503185177,2.094046786250723,bundled_calibration_sample
Millet,679.71768682294,30.77291119696218,34.14295142069062,10.707911552960876,24.067916583502676,16.535078131882806,5.789654281635307,2.1013735534120834,bundled_calibration_sample
Millet,572.9188093835699,32.924469554078,33.01615080555261,36.091898663783326,25.06389900073867,15.791967884507736,8.143605473892054,1.942005340698426,bundled_calibration_sample
Millet,479.652814157103,25.07331139892618,25.201131297750003,19.029474199405634,15.964733486020439,42.98734272798332,7.161148454892225,2.032060005600338,bundled_calibration_sample
Millet,612.0678421750442,26.44416087336904,41.98029099769689,25.326553155555665,25.441691850482307,25.371584859872982,7.781799703542844,2.123355577952251,bundled_calibration_sample
Millet,840.8693484809978,27.99495808889576,58.513872361433116,42.858165586295,25.883160926527587,27.153905662495813,7.366609959038084,1.9900726977224708,bundled_calibration_sample
Millet,158.63082124676635,24.978229640832836,54.00768536791009,33.63904316069565,23.80868431317161,29.447620482861744,6.115716475740722,2.2467355973555576,bundled_calibration_sample
Millet,286.14527015342503,30.074307098107596,33.68547201370761,27.53515214348795,29.119218662438715,18.689485546109324,5.274814369963749,2.1623412997600413,bundled_calibration_sample
Millet,639.9844005688569,23.967171327775688,35.17755024754793,41.73023357196656,26.302403460137043,31.214269783050383,7.2611551374269565,2.1066237303699067,bundled_calibration_sample
Millet,443.78657250051606,23.651756680724432,59.285011741710704,46.746118967545314,21.763111660154415,31.679021229118018,6.160023424031961,2.1491801712256207,bundled_calibration_sample
Millet,30.0,22.76577938819631,56.41844153578832,51.42291630249005,33.77891023552804,29.95646400023169,5.278780938568358,2.0102235977098526,bundled_calibration_sample
Millet,517.9649638979938,26.70376268708538,48.32244643172967,16.427455641196296,32.22599539134705,36.6524461463707,5.629561878614104,1.9355058516057226,bundled_calibration_sample
Millet,358.9856061761842,21.905597392765085,46.98781983875735,34.50192841191304,20.327090566768018,23.755563376660735,7.293166442414684,2.1572629827773313,bundled_calibration_sample
Millet,237.085802157187,28.62886917413929,59.47064350068104,39.157439603786344,42.848954113228686,22.70208654606995,5.467561566651291,2.0239411294992737,bundled_calibration_sample
Millet,385.97879938466633,27.42709344120477,54.58603952743283,43.409920237128844,15.83370061889828,40.543188464253134,6.095553914523483,2.1450955736128012,bundled_calibration_sample
Millet,356.3593115381012,24.664798650369114,60.64753792334871,27.019073403808132,18.185963538732906,40.63169242712307,5.394574493570606,2.1324801517485854,bundled_calibration_sample
Millet,437.8615214141883,20.05068717353313,52.597800895118986,37.726122396491085,15.78444581365972,40.202904269990356,7.696259068083447,2.140853309469197,bundled_calibration_sample
Millet,291.15172628281374,29.910403254842784,34.58439608805857,45.71916459326958,35.89722336571143,12.003052575551393,6.97473771707247,1.942476548100898,bundled_calibration_sample
Millet,592.135199476699,28.926926130357486,54.965201442701996,36.59474327341093,21.366938342939147,21.877498185740645,6.316510312674824,2.265014458089601,bundled_calibration_sample
Millet,598.628507640883,28.366428474788,47.51323526919798,9.321652431406402,21.810691595031383,51.40040613514721,5.331687481690804,1.8580274752723818,bundled_calibration_sample
Millet,428.06785487326147,29.769371126919168,37.9976073376414,45.75184325407777,26.960316445574986,31.095062485169482,6.302840013857007,2.076700493731617,bundled_calibration_sample
Millet,476.95620778820177,30.005093401443773,41.042773084696705,32.540513093394416,13.532877586871228,32.017739085661304,6.401694323721398,2.150127890088809,bundled_calibration_sample
Millet,390.2373710499032,31.81753747586207,51.33381865282643,70.7468820793122,22.240739160944884,9.226838987064607,4.623080606735368,1.8174258278825897,bundled_calibration_sample
Millet,615.2093008837477,25.201124482261545,45.94347901385345,48.46360937967363,23.244401800070083,23.623795809851647,6.656540301610875,2.2166707211491516,bundled_calibration_sample
Millet,710.7884589506409,16.294073912374536,29.066460044861557,49.238806667838716,31.401663638556208,42.79067458315268,6.865122251351306,2.032479359718326,bundled_calibration_sample
Millet,421.6475535555018,27.00535381420081,43.03098415645982,38.33437169973074,32.79190384231395,30.70157809718652,6.90982844138373,2.1615431857960123,bundled_calibration_sample
Millet,477.65079494611825,26.94354169735155,49.96844195746007,39.624817302485916,52.022676601393236,6.196951307429721,7.608235558281053,1.8867299659708208,bundled_calibration_sample
Millet,416.21895682217166,31.07362823963592,20.0,34.76619808993659,27.122017632136558,27.44030821858648,7.189497024525296,2.232228827325535,bundled_calibration_sample
Millet,392.80278157540596,28.79867299495479,51.36764045685529,24.77394894850402,21.21043095833036,39.66746421397776,6.587606747021543,1.9330494688635402,bundled_calibration_sample
Millet,550.152927432796,33.05358991355232,20.0,45.70805244529249,29.87088539135206,20.95341179734041,7.6113896401266325,2.134058324335732,bundled_calibration_sample
Millet,541.6421593848653,27.391628426821367,52.93263494830742,50.89994495005404,43.12160122174501,44.742832885030985,7.197236185290109,1.9469172723271282,bundled_calibration_sample
Millet,373.5786404730163,39.43945929557718,54.02770860802538,56.54198425521518,11.54982778646874,5.0,7.189792783291878,1.841789625961799,bundled_calibration_sample
Millet,601.4639007358808,22.858223601175116,34.62317188998817,39.93859388525188,24.82210843439748,35.11767973095343,6.361977665976731,2.0583532416789883,bundled_calibration_sample
Millet,510.29439137647097,25.84054844736855,35.37783481473945,17.80011852838878,32.67072491683117,38.779752456768776,7.892600179052119,2.039500357663396,bundled_calibration_sample
Millet,455.295296066257,31.076492518995227,32.95152950345477,34.11922835961855,32.40238096086727,36.82244447979847,5.814607603528174,1.9807073055035576,bundled_calibration_sample
Millet,504.42003517052706,25.778253307632884,57.536847398772764,22.412850873556632,21.566117932281774,7.168695269021445,6.71840254770574,1.86606960666162,bundled_calibration_sample
Millet,281.42228039879586,34.136160496056206,51.067038334346506,69.8958657724825,26.619543215203596,26.763218125505368,6.593867656022353,2.036973724796781,bundled_calibration_sample
Millet,465.5803673759371,34.169077371652875,45.264247092261094,34.643964568733395,44.85052597464024,31.767421829617863,7.371072368539089,2.109619557502538,bundled_calibration_sample
Millet,562.1838402416876,30.53642322702187,55.921104405523906,30.521398827453183,19.055482453610733,23.18329202854825,6.636769796727272,2.1823134149768433,bundled_calibration_sample
Millet,308.69946417495976,25.654298934779252,58.79199092765065,73.38048385260964,16.083170206505287,23.424310178113394,5.14651291519837,1.814095395535574,bundled_calibration_sample
Millet,401.77064725203155,31.501214860419232,50.20342083941641,50.369133301611384,20.369243611837305,19.603395655115165,5.706952370666767,1.973358933326824,bundled_calibration_sample
Millet,296.6085100943544,30.42625512800847,54.71517159734225,53.51893805112182,34.667715596203806,41.57795330190716,5.943860833428064,1.9145754021785792,bundled_calibration_sample
Millet,314.1268369335804,38.670319549729086,46.948491371188844,41.09656658564135,17.954342005625485,52.87047375762931,7.554486658569239,1.8975782843101354,bundled_calibration_sample
Millet,596.0937436071704,26.8965566938256,47.805175958255646,33.04122060084479,27.334048104591826,37.537873928825896,6.966776283070771,2.246886549102973,bundled_calibration_sample
Millet,708.0693620391169,21.496412693750273,59.00020017558834,57.85747823635947,18.996180776524962,37.93530320245803,7.413263034128882,2.1721912369285223,bundled_calibration_sample
Millet,352.96971106434523,20.265739543184004,52.75695174531948,30.392403080097633,16.633026464117158,35.5637551566862,4.900034337682072,2.094822433398813,bundled_calibration_sample
Millet,811.5025071194798,25.018441045746407,56.89176177817022,23.176185587268417,28.67263927588385,33.929555137954985,6.1606671110521365,2.020683879025083,bundled_calibration_sample
Millet,455.9630421401481,30.168079803376354,34.86501160321785,12.539618614204748,24.134148127094996,34.078957054222,5.03016469182103,2.0067640718582065,bundled_calibration_sample
Millet,494.55091569723174,33.9517836781761,24.056266305925888,43.01448145546574,33.85273080287358,35.09305490516672,6.080468463742099,2.1023700705500716,bundled_calibration_sample
Millet,519.4286380876753,29.950322269374812,41.61042455076546,28.00508020008332,20.32004260805274,19.785427934295036,6.453132476302838,1.9720312064173917,bundled_calibration_sample
Millet,856.313205429535,21.196828508508847,55.92030583008963,53.734355517505264,25.78911666149855,27.07742840882541,6.423909939328275,2.0894683495181026,bundled_calibration_sample
Millet,664.2396220110221,27.3009942845631,47.46403155235416,39.21590540406971,16.71911298685426,37.81733741239009,5.587044749415432,2.261732266489512,bundled_calibration_sample
Millet,773.5916182123296,23.217877757973234,47.09310194553406,61.8156254676791,22.466758462876214,43.80996212413982,6.707199020622345,2.110589415032662,bundled_calibration_sample
Millet,411.6519935805769,34.06141977174862,66.20204955957946,35.01841439870003,30.621356935721987,36.162095865726364,7.916480612254871,2.1580534582589923,bundled_calibration_sample
Millet,987.6314509885052,27.73307808674621,49.36852135622366,61.97199151665877,27.340188785478322,18.9974666554468,7.024389941526055,1.9305856615135537,bundled_calibration_sample
Millet,528.1718980806436,28.982499530229063,40.09554349798962,59.91893670667213,30.760175452064296,45.08806473892314,6.6307906083225046,1.960425545486815,bundled_calibration_sample
Millet,687.7988409599877,28.72481332435199,44.931926052117646,59.844715763739984,12.172184994814884,32.49148637517599,6.466019451488858,2.064948323948367,bundled_calibration_sample
Millet,365.3283307122217,38.38250773327277,52.234665454024,45.30872389160036,23.262998660341502,47.68932053201098,8.276157373075762,2.0819305737524862,bundled_calibration_sample
Millet,551.0665638280694,24.681087754818567,42.01614238639715,26.415492112520397,24.166051994179337,36.966339151745004,6.1421278787773295,2.2346664968188192,bundled_calibration_sample
Millet,422.41984462011476,21.90026858980135,32.91943954117164,22.772628552348493,25.766775815121356,27.9228381073609,7.506127714006883,2.1312371874403246,bundled_calibration_sample
Millet,524.3800605530408,28.836840757294183,20.90191498746772,48.38424300141752,28.77274975140488,31.269155632733483,6.515965118926104,1.9610894907483818,bundled_calibration_sample
Millet,820.914466707347,31.686030904524348,47.58617479932312,28.770685991299672,11.77055855628249,5.0,5.358755662587513,1.9445897721423622,bundled_calibration_sample
Millet,439.4022084386154,32.52712748239017,31.145294056912405,23.807737121178224,13.236425222029087,21.63928116679587,6.971072225249039,2.0661621850473435,bundled_calibration_sample
Millet,612.099472112556,20.679536960979334,53.06102657247929,25.037195778337757,21.245135580377724,13.376508072543121,7.975488103525877,2.047519440629634,bundled_calibration_sample
Millet,465.9833612942478,25.315840268295076,36.506817165009366,25.935925855128502,29.198342064281498,26.99385780667588,7.2024660824300595,2.1158956327839284,bundled_calibration_sample
Millet,681.0238535611434,30.81988404474784,47.54977142022798,39.01774303229345,20.777609538012843,24.753793592404925,4.763274625573548,2.1588135342875923,bundled_calibration_sample
Millet,315.28788708788034,25.511047064758298,48.22882100869863,39.13719149043106,35.407698424713985,34.94761454218168,7.006976478456342,2.0318938434079334,bundled_calibration_sample
Millet,525.0172480058611,30.135176770131466,65.19123164335855,26.547596625653426,34.67004630308907,11.916134917606836,7.0183429033093025,1.8377171705119226,bundled_calibration_sample
Millet,440.3789747371775,28.14686523676945,26.608374392072,48.08875890350694,45.55718421237495,29.41339632813895,6.878494003587056,2.0699843227820773,bundled_calibration_sample
Millet,458.112056603697,31.548125105604292,42.47130110717831,26.88726702606627,33.15207252170211,24.911469109301184,6.667328450779261,2.035602021870327,bundled_calibration_sample
Millet,538.0125038699307,25.610423537167343,43.86190240581981,35.739776140331095,17.496422576347967,27.112379763118373,5.565651717306119,2.1661055298366736,bundled_calibration_sample
Millet,645.2310740300895,28.71177434143692,49.254998380184546,51.31963186550434,24.44849618967834,20.7861478317715,7.5397867943627865,2.1588312116551878,bundled_calibration_sample
Millet,174.73172954081576,28.888188676303482,39.464553512055154,51.72366488777763,7.946883054636523,36.2050429555603,5.702400031345893,1.9383812963598033,bundled_calibration_sample
Millet,225.71915569804014,31.565940679590796,36.06577389294182,50.16006193872518,31.63142362752852,38.03026444802535,5.650951628777696,2.1406784476131224,bundled_calibration_sample
Millet,341.27467992220295,33.48502444591614,37.45570178246276,61.382644183189925,12.523313218242535,38.24552034260229,6.126664788158107,1.9194536506265059,bundled_calibration_sample
Millet,544.8017594656916,24.899108273607204,36.367825089732946,36.86546245371282,5.0,29.743187022681596,5.392182224924515,2.042646883867186,bundled_calibration_sample
Millet,433.2935057063348,31.68476068242221,50.42029118110439,33.72227510277744,15.621278711700091,26.481633975420156,7.272526477328007,2.1418313040174883,bundled_calibration_sample
Millet,309.6440372951489,24.233305908028882,37.89877237309691,30.903019751343002,11.160084378027282,27.24249397178768,6.628082395398842,2.0005338671750943,bundled_calibration_sample
Millet,759.2050222543373,31.32341367466367,51.74709329897481,48.333841272869506,23.665877409066706,35.55475419452867,7.16902204890098,2.23337688709271,bundled_calibration_sample
Millet,498.70374997157245,28.438628942007032,48.447145409069584,50.47945441205304,39.833621654776024,29.980383882329196,7.599448255423026,1.9836463234001678,bundled_calibration_sample
Millet,631.8344496304703,20.49621916103166,48.86116936336874,46.79043781636501,20.41493812301365,38.887347458303346,6.7580266997650105,2.087499659831022,bundled_calibration_sample
Millet,496.4679589129063,26.24775484626438,56.11590595940457,46.20239005636607,23.8641689296229,35.371577091943195,6.309144128211699,2.1315805150806426,bundled_calibration_sample
Millet,398.6742828929267,31.284488021318616,35.39821615631898,39.73854157489777,33.81043513735831,36.33355138393771,6.987519345897816,1.9988518583290615,bundled_calibration_sample
Millet,441.2210741286194,23.31525942922613,48.8614018810132,34.68930077113174,7.454820902797017,35.93410616105846,5.333501092037224,2.061129366443199,bundled_calibration_sample
Millet,262.51505237825234,38.163123277420624,66.6998994657308,16.160054467323754,31.781066901614835,26.430904777964642,5.98373933704492,2.042486311832672,bundled_calibration_sample
Millet,378.8107313126081,27.214271352265243,32.03115841530585,19.498028398810348,19.39133105812379,32.7946090444032,6.159868214136957,2.0635299731501524,bundled_calibration_sample
Millet,382.89714187898346,28.01562099949085,54.48610882867887,46.27794230465611,26.164320005490886,20.459325975764738,6.2162540554450185,2.019333837488293,bundled_calibration_sample
Millet,325.69053449256535,31.472180762735643,30.060050345582454,58.407099253425955,31.26938594955931,26.703428098198557,7.650038137579679,2.05232500654072,bundled_calibration_sample
Millet,445.2292987547817,26.082092408105343,51.1148411562165,33.60319168717372,15.917533416151715,37.616089567371326,7.924693521635906,2.002627180805919,bundled_calibration_sample
Millet,633.6135130104193,36.5314122235614,62.78854901019119,43.59805691735677,10.965197533281545,22.763445984106163,5.635295687309272,2.1285879843942843,bundled_calibration_sample
Millet,773.4768548246277,30.789471064965817,59.875942921563606,62.564520327320935,18.422928269668088,35.07152854570323,6.5302153144996025,1.8838694309539536,bundled_calibration_sample
Millet,259.55560101822687,29.82030646668991,31.18199013464612,23.456840317315375,34.99057420359971,16.206080826681927,7.353771830609839,1.8986424878871686,bundled_calibration_sample
Millet,655.7407469298737,27.225782690453343,49.312859433546485,43.72248655799678,10.7994195093195,21.842705802559742,6.760992238020721,2.0918973437761554,bundled_calibration_sample
Millet,306.07689398373896,33.92987671862838,35.20343662642455,56.09601391512804,30.129445220507286,15.89984136394141,5.336340845104331,1.9848034335911149,bundled_calibration_sample
Millet,493.86283166292213,29.52268842112297,36.702129064153766,44.66032092927989,38.87437117190841,7.585561435763065,7.060375484096263,1.9159608902141132,bundled_calibration_sample
Millet,178.645311374612,25.104043134003636,43.84568792284101,27.497711241791343,19.69741675239687,42.87942375230633,6.405730210962612,1.9020673551870115,bundled_calibration_sample
Millet,454.2430193675284,31.502904279884667,39.495093519188906,56.17696244629644,21.316824138095136,22.268947871260693,5.928967164281382,2.128313973896563,bundled_calibration_sample
Millet,451.3643516895521,29.66316693656371,42.758007773177724,29.546439855966874,32.2052441936296,51.68917623884073,7.269759803216369,1.8602066629646459,bundled_calibration_sample
Millet,469.52319415384636,29.197979522194892,58.25851324303495,39.24404753027334,18.996090354053834,31.288353335325652,6.181015151435133,2.205310581778856,bundled_calibration_sample
Millet,527.2161292332256,33.4938906045525,40.17513697912697,37.24730270010204,24.933370555365045,30.845940796281756,6.547857606619772,2.353050543446722,bundled_calibration_sample
Millet,486.1596067780504,29.376821249010835,36.6326038672984,53.445061925660646,30.80330690371854,30.773670525979675,5.855061152845304,2.177453632223749,bundled_calibration_sample
Millet,626.999949082554,30.52805945030786,42.984149859502516,29.402449764423693,19.22540448020552,21.286856059850415,7.15182863256121,2.0403315568169575,bundled_calibration_sample
Millet,467.1515323935969,32.68560381411618,34.79058967817978,30.960685169869016,25.86516233459699,24.7468850185046,6.847820694617104,2.0343323555753443,bundled_calibration_sample
Millet,672.2678988424246,26.655038414067246,45.91748215703467,32.936749676289104,38.26858243376882,42.47166821598975,7.22172368503483,1.9440233136636582,bundled_calibration_sample
Millet,535.2414822442762,35.500469637004684,44.831813385142254,38.545348659138405,33.870176702958815,34.981611718524604,6.061428383116031,1.9928749775760635,bundled_calibration_sample
Millet,504.45206813630654,34.05689745379313,50.282876333148664,49.46959620238791,31.920290897386618,19.155201001450116,6.669193064412218,2.085052756625782,bundled_calibration_sample
Millet,296.69522222203636,30.323488116790706,52.766164327162,19.80204293464175,14.144847087252904,9.76834799056832,5.672022102288176,2.0011341951815753,bundled_calibration_sample
Millet,465.3822767131315,25.644896197630946,46.19214809477861,29.04470563249987,30.319279726548842,18.6182725099998,7.31100436195602,2.0967889708152163,bundled_calibration_sample
Millet,655.0524392398927,29.724992978456,55.53959115716415,48.25914597272339,31.92373526155466,19.921305863924516,7.235879833950125,2.1596906357233205,bundled_calibration_sample
Millet,345.504228606413,26.0446385938126,58.898270391116384,45.51234917360711,30.95466083217281,45.375237308885154,7.09003489751752,1.9437998988926128,bundled_calibration_sample
Millet,577.4022359296486,27.521129682232807,53.51773469300454,33.14727797040597,9.832712753029213,28.491003062398782,7.926757589338753,1.9147157215018744,bundled_calibration_sample
Millet,325.7318233725225,31.84315435196087,45.19860210473523,52.8080243801372,30.700709476183235,23.29130995630817,6.492453808868429,2.024341698108438,bundled_calibration_sample
Millet,499.9804500733322,30.883366608775937,48.26090026647071,35.074202820035914,26.73293801543981,38.83271521448619,4.996867371650293,2.233082397409481,bundled_calibration_sample
Millet,684.1481627606073,26.95037661925805,31.096202522104683,41.66541824895112,42.61912325545935,18.350324372130935,6.033298429730784,1.984301507676329,bundled_calibration_sample
Millet,325.06547427011947,28.494823230899147,41.92711225422092,20.743972827179935,12.627596414796212,48.995267663410175,6.561906828492958,1.8696639011034606,bundled_calibration_sample
Millet,289.22237634008684,27.0914434825184,45.38340273473,35.83537877869174,25.021499995370885,23.266881910716574,6.968840937684124,2.026271067849612,bundled_calibration_sample
Millet,163.0508384162842,23.816530674071995,41.441522810099165,51.57453944234165,23.876103120418808,28.79154425475539,6.000176115531803,2.262586286007121,bundled_calibration_sample
Millet,296.643167868628,36.36577956629303,36.19357292393714,52.02318404576501,17.18518867045133,35.691102165925024,6.330458580276637,2.07361140732396,bundled_calibration_sample
Millet,405.8944051025356,32.82002253913163,53.30127949777688,46.00858035717511,14.236109600860809,32.816783701672755,6.620685848305594,2.199387814759046,bundled_calibration_sample
Millet,740.004637301206,24.04984513593564,59.30541039078654,26.815330412072875,29.298701687750906,24.063958429066325,6.558348794479922,2.1762964944411674,bundled_calibration_sample
Millet,606.6470444324856,29.887291476616188,39.21673199369995,48.02708270501648,29.776132262366644,37.34709257996426,6.798824702345011,2.188481188165388,bundled_calibration_sample
Millet,915.2485699665035,30.562062039406502,33.82571326297008,53.00762270587356,33.0226696490429,29.539565594191266,7.55560387777724,2.0555364600819073,bundled_calibration_sample
Millet,275.6804783760422,34.43879678915586,36.376570952202215,33.85034948980602,32.291385078943954,51.30195314581827,7.348292423001208,2.1274667543834065,bundled_calibration_sample
Millet,576.9478526094758,31.11205071069225,41.39356045628142,60.727556332360315,30.920597098405914,40.237833860023066,6.768989393756211,1.9910859607621436,bundled_calibration_sample
Millet,456.82908214608426,31.67064230001245,45.861886939389315,58.273646115733776,42.935787695903635,32.9375602851237,6.585439391487698,1.920393872515846,bundled_calibration_sample
Millet,529.2555026591884,22.88707287493022,63.18037888221046,21.75666615242396,28.678741728096234,43.01634062147087,5.429680439999679,1.9285376586860656,bundled_calibration_sample
Millet,433.66519763061683,29.264943164516517,50.14382133997561,31.970972797165786,27.375093976109753,37.39035688350369,6.69961710146892,1.9961726844922367,bundled_calibration_sample
Millet,778.6042543105601,34.99649199709584,53.431151366357106,54.15894594675917,25.90064189451878,31.353260169295446,7.1292919270633375,2.20082234212187,bundled_calibration_sample
Millet,289.23592794075853,33.845199587668475,34.3356725747568,42.70553296438649,29.286001962314074,22.801589855096086,8.662516857526832,1.9106731378966246,bundled_calibration_sample
Millet,372.4659972333014,34.65552197820736,43.97882911906791,33.4432213672122,33.17396193357243,22.661359075858496,7.499274225165163,1.953891399756066,bundled_calibration_sample
Millet,562.4639794619421,22.62012210164618,35.80153528107421,41.37101258270231,27.535799609783346,18.55175216537782,5.169697291660263,2.018816227304142,bundled_calibration_sample
Millet,414.6838545365724,31.97154281993086,44.93161437644122,40.10436850543458,23.167878455920725,27.83701720619738,5.570453509125993,2.358008786452917,bundled_calibration_sample
Millet,327.58376061025285,28.369704029438804,21.917848759177627,32.11321582503102,29.78964696010679,20.562933120254293,7.89501530833841,2.0577056428139997,bundled_calibration_sample
Millet,405.9793862730372,39.397573121648676,45.818501607703915,33.44578330421418,21.05242430982649,33.07032459846924,6.114910604742653,2.140795437554546,bundled_calibration_sample
Millet,304.3489648519654,33.784512796949016,35.9364220295678,49.48824517199701,37.761603021914766,18.797396619883838,6.360637590601427,2.0984006995159312,bundled_calibration_sample
Millet,573.2646508749835,24.65408317464592,54.19540635586435,32.885153098354394,28.794703410214538,27.233218514687575,6.84047429976173,2.1399076312365657,bundled_calibration_sample
Millet,553.1262231960479,24.07882844332811,39.13382125714459,46.21110983535159,17.71360445852281,15.220148397178061,5.972374107769701,2.1129142552798297,bundled_calibration_sample
Millet,406.8804232204751,27.121874854889157,45.56621285084843,26.920465044316764,29.226589236421837,43.4063550065492,6.109346887795345,1.977019121092125,bundled_calibration_sample
Millet,249.30716440097598,22.0275917424285,55.482577220058864,49.42909448219379,29.592322050793914,37.461792722022345,6.380683618638166,2.173544095859596,bundled_calibration_sample
Millet,419.7900184490534,24.544959878295366,53.40593043652945,36.81049931343924,17.503147340665457,36.9010460942832,8.184136009186672,2.0636883291942985,bundled_calibration_sample
Millet,488.78655732368395,21.619009706579355,36.43245366674948,56.57367915130684,21.096728669448073,42.44227813164302,4.524781292115804,1.9678330936438881,bundled_calibration_sample
Millet,874.6268219260073,37.19255579239043,42.98256325347256,20.678264203498543,28.32594539195302,16.674100189866515,6.531169565442293,2.0263662527293085,bundled_calibration_sample
Millet,342.68413275280403,32.37973704995744,30.653225124183933,35.27240519078543,26.695512208960007,26.189582524302466,7.081168036084753,2.284116271429118,bundled_calibration_sample
Millet,356.48906963343666,31.454873360762466,43.85327380567546,18.59175922015123,15.356926943215147,26.680385822784665,5.555174633369943,1.9258630785953303,bundled_calibration_sample
Millet,377.3116788294584,27.207039137959107,31.71816193425871,46.189116567365744,14.149034664325114,31.609900014899658,6.716384445321682,2.2491379972371655,bundled_calibration_sample
Millet,363.27125460356785,22.665832642561366,34.26407831951771,27.07363999292653,26.22649667076472,26.07167024307956,5.71967098939254,2.191317190638127,bundled_calibration_sample
Millet,691.2098518696157,36.53508486275279,54.91369415073053,57.93892752629307,32.70224193413476,30.442555740932313,6.644090399738053,1.962026175985316,bundled_calibration_sample
Millet,491.85678287699164,25.032239569618348,40.329770511502716,68.71842506523711,25.717318291272065,47.931753874327164,6.90576503279607,2.008974546189119,bundled_calibration_sample
Millet,373.7270827621699,22.733946944442607,44.74265926567182,35.07795445682392,23.929163048836486,23.912486974241244,6.580256994527612,2.051660848292958,bundled_calibration_sample
Millet,485.2265636257924,24.869061213668196,38.96566350033412,62.389780259170195,28.024792746655066,38.09760276290782,7.110804787392007,1.9115917664596607,bundled_calibration_sample
Millet,549.1371446808272,25.956596058838034,39.15015924047951,31.496889625031322,18.925635870025808,16.934545201268268,5.7073091460643885,1.919713655152444,bundled_calibration_sample
Millet,355.87486942618165,30.460159995775097,45.1722981405536,18.068823365717186,24.83698714853847,6.405958717172968,4.0,1.7901765192545886,bundled_calibration_sample
Millet,236.69116070172134,37.2952021260596,49.00284400891532,63.12191895966538,19.17423105157337,22.725063519830776,7.8755627129743635,1.8736929273168574,bundled_calibration_sample
Millet,450.61843653226975,34.48384866664454,28.117481144939283,41.47538942317965,30.87655920036903,33.46734946632252,5.6945489180470625,2.147781570494685,bundled_calibration_sample
Millet,397.2531488229944,29.31335638614229,31.028452306247594,55.6950489617015,17.67425896270882,25.093328901249237,6.755700943572532,1.9660522720772593,bundled_calibration_sample
Millet,502.07058731844586,37.359086531484095,40.482033031894076,36.48012777978571,16.63627714571217,20.182524273773346,6.654377453833395,2.1206762233514267,bundled_calibration_sample
Millet,137.85523837820722,27.480894664104035,29.22360207879615,35.830199483664074,37.3759435487101,26.204302402546187,6.119739067164103,1.9555461771084912,bundled_calibration_sample
Millet,391.6726494522609,33.16605022011171,54.865727258497046,40.98235236753706,14.82786043234323,21.09580184562786,7.3113820921964665,1.9999213957961977,bundled_calibration_sample
Millet,405.8575352074695,23.547121789447207,55.70542472812197,28.10772391655643,35.18931846081864,23.208885108563273,7.549920050765804,2.0933710756142627,bundled_calibration_sample
Millet,582.4863490497561,30.900106094069326,46.627064303158384,45.734532908349024,17.778084629574984,31.804788997011705,6.571194299104082,2.0785993912483947,bundled_calibration_sample
Millet,109.88189016368318,26.85573549475886,49.66638926494268,37.03134677175894,25.068726154022084,29.98237347717774,8.224568880735458,2.0739399677908934,bundled_calibration_sample
Millet,403.6180387438926,34.25494025159092,56.79584709933964,38.84565029860221,29.74661867528594,19.536021317172413,7.441080504405217,2.1970093578562424,bundled_calibration_sample
Millet,494.47659453005497,28.35613910216477,41.09822319991974,13.939632128785643,24.26255366006352,30.25751493982597,7.184423015195098,2.023759652475107,bundled_calibration_sample
Millet,293.0925768446428,31.036207760129145,45.61703251911003,32.87746322807108,10.570399273697,31.820582176782153,5.968419353663851,2.205565115749551,bundled_calibration_sample
Millet,561.5258227493971,36.431982258195646,41.865499401085,34.54780815347662,29.06607884537945,23.939833308177015,7.730390926529161,1.9698856505172342,bundled_calibration_sample
Millet,387.5853018439833,27.998836920523274,42.929815383941914,50.094655636226626,15.698066697287704,28.043352479490153,6.1762272475622195,2.003131749601211,bundled_calibration_sample
Millet,374.2640699665203,37.75126520329633,37.99053137508567,30.281776815209106,25.13079310816786,19.327445984811085,6.701368392778862,2.144876251276277,bundled_calibration_sample
Millet,534.0279329952256,22.2621320776718,39.0405964869357,39.55563476446671,15.8212365532082,38.801206789701475,7.7175052835851305,2.1804270009780646,bundled_calibration_sample
Millet,365.8463071178195,32.69929816616639,37.91330287241266,54.99969588323224,25.45854755598092,33.00356706265718,7.702162400197723,2.1630350292134586,bundled_calibration_sample
Millet,563.4500999736712,31.579479958617668,44.13761836157398,24.055434289685447,21.321049289112604,28.099184944593937,6.33484059445694,2.174399678803444,bundled_calibration_sample
Millet,550.6494913391639,27.295654209847996,42.154885423671075,53.132471408729266,37.520896907757674,29.64229373213604,6.779605026617751,1.9834501371254878,bundled_calibration_sample
Millet,655.4006163449441,27.723645151863487,46.713577796120944,28.659740235103143,21.7062531043453,34.547528002683485,7.352682475154613,1.9901106925472563,bundled_calibration_sample
Millet,449.94938418035963,29.913198877856978,29.181357963612644,35.4410768977735,44.43774567052483,34.906797422880835,6.756456938723857,2.0124536788880114,bundled_calibration_sample
Millet,216.92813336656428,26.873761907695254,37.92763914752455,58.78948720828802,17.045247140699768,33.78404357027462,5.584524580585782,2.0454099751193286,bundled_calibration_sample
Millet,381.56724715290295,30.033491555413466,41.64907236405844,61.83452095453356,21.065651554114655,35.00923775327368,6.080675389329112,2.1123058094753504,bundled_calibration_sample
Millet,311.3813616210096,34.32986421044033,47.286094082205224,38.60182289248184,25.507749541810103,57.331866760559805,6.168891929427659,2.052813850547555,bundled_calibration_sample
Millet,140.36340947802358,24.186407045025415,58.81409557999004,53.2846058956345,12.702400510512561,24.990955023370795,7.324338370374453,2.0755923926457656,bundled_calibration_sample
Millet,625.2902674110838,24.84685341186698,51.32749770696843,30.21255738476966,21.67040803593895,36.444580944965864,7.409269440554433,2.091496148337661,bundled_calibration_sample
Millet,668.4383689031116,29.36670075953029,28.60718433149206,29.589391914492403,27.120893049726636,48.32988929204149,5.882836712817453,2.145141442323239,bundled_calibration_sample
Millet,641.6228068305738,21.21579332980336,48.79227327582645,45.335205718486506,25.201871880583575,30.846421972837426,6.833218599227822,2.256652499728647,bundled_calibration_sample
Millet,402.32550499264516,30.93320806347639,25.17218695129424,22.568649325822026,29.27963109694854,27.258113154159226,7.006653020572514,1.966446009111945,bundled_calibration_sample
Millet,574.5436229298107,25.6233489528369,38.60068260860509,29.709851585179237,15.448186869064186,27.655173279825927,5.406618269505497,2.103419301201723,bundled_calibration_sample
Millet,509.1375504635732,24.653182045463303,38.68063336482339,32.41520496437171,26.262353072288402,11.701932597163726,6.493357520374657,1.9873859803702993,bundled_calibration_sample
Millet,213.25832116234028,27.47946068973279,29.35810092443495,28.694093491232046,33.90848600336807,47.67056338939727,7.417203862802349,1.8439180420582943,bundled_calibration_sample
Millet,526.060290500875,25.657852438672805,29.89744134659459,45.874869979082725,35.28962527819867,13.9048173042389,6.476325233859824,1.9598462318630236,bundled_calibration_sample
Millet,423.0894159934954,27.996938710227692,50.36016323109477,44.748616647556894,26.404830947862894,45.286197740014856,5.42956551798083,2.0646380064425887,bundled_calibration_sample
Millet,434.91732498844686,26.524184957405925,45.26366764920706,38.587513341927355,16.745696907831093,24.455498929334176,6.836565727673456,2.2704521464349905,bundled_calibration_sample
Millet,504.3846885950413,24.80528704353589,46.53295380570953,38.88805888065,25.664857341741886,38.25970599019911,7.0964405094165945,2.0227776362912566,bundled_calibration_sample
Millet,397.5455314902496,30.05026850950435,51.28033098698963,43.47526950970514,30.966151381744645,36.9701138648222,5.8075284433436885,2.240922535282846,bundled_calibration_sample
Millet,523.3467481523836,32.014122044129095,50.61089804120988,64.97946019092329,29.971929133990795,29.43409533305884,7.075728983327786,2.1799244850294146,bundled_calibration_sample
Millet,499.9340098886763,30.977204254021906,53.829954711065085,43.71408449038007,30.093883691183667,28.383394878205593,5.71327266368299,2.101834207926306,bundled_calibration_sample
Millet,507.89621314282937,23.612371889830552,58.80057562363078,58.768162126830404,21.061121679391114,23.28315419043953,7.8588280361209115,1.968746920964937,bundled_calibration_sample
Millet,450.70489941389997,30.7728411821537,55.11546746950974,38.40786589947087,35.43050474277038,26.679862241934362,6.941045475778341,2.119926799405844,bundled_calibration_sample
Millet,688.3962346271562,26.78949659056585,61.85287323022371,47.932686716848124,24.01298060647651,24.076075686494644,7.432268055568262,2.1781933462909464,bundled_calibration_sample
Millet,435.8818074354027,31.412990092496617,52.53041125078049,43.28396519523404,28.298882092041882,39.740116477927174,7.0108106669907535,2.207609653709848,bundled_calibration_sample
Millet,451.64387257362944,26.883295221159045,40.10389965883275,52.67110671325443,29.707571933943278,41.629716582670525,6.49124650591951,2.0617722813972046,bundled_calibration_sample
Millet,352.86986538431336,29.629963487922975,43.78278786830506,29.67386870784285,15.900729125542512,18.941888286884456,5.764559125216007,2.1175139253328705,bundled_calibration_sample
Millet,439.58607445006777,26.61110309051388,42.82347553168145,40.82830905320043,10.787676071944572,33.84396977485723,6.5034660323199445,2.026409974836808,bundled_calibration_sample
Millet,721.4289152346468,27.80274977202253,47.09122438996204,35.36180937507935,41.33146891816247,36.44687115773352,5.933073203867334,1.958094102327816,bundled_calibration_sample
Millet,709.1173062595996,26.014663257644717,54.65534971562714,34.94376543775791,22.61838055525971,35.672157101233694,6.894242651281206,2.026016065099295,bundled_calibration_sample
Millet,462.89757792859905,26.69842485645149,44.822149113478254,47.78655975056523,21.65178259876392,16.404419838633096,8.844969847423625,2.0380769481282135,bundled_calibration_sample
Millet,508.0686779531541,26.618770002628885,49.12214459582098,43.83660689224824,26.271839270559788,26.64627132911724,6.572140272055658,2.117408072485127,bundled_calibration_sample
Millet,319.5288758969033,30.71240410415942,43.83537722526236,42.23407053428751,26.219072882131236,34.675801470428354,5.38188175550917,2.149655544101532,bundled_calibration_sample
Millet,260.7256548998339,28.49719934523939,22.451787245836613,23.53583439729292,34.532620244780546,45.14318940636866,5.145023815735327,1.778958735210126,bundled_calibration_sample
Millet,672.0363340010175,25.577562800718628,44.13568099019841,32.918980298124964,32.154671275884695,34.42117779029337,6.280681930627525,1.9943965466678428,bundled_calibration_sample
Millet,365.8938381506918,26.813443581462046,42.682126291851354,33.43459045057983,40.78336742129619,52.54430549860123,7.09610232606627,1.8174682312902364,bundled_calibration_sample
Millet,835.7600184581859,30.996040341302226,45.47582097303619,47.6437459646627,24.483049307757955,42.04031168655027,5.960514311938377,2.032740055889655,bundled_calibration_sample
Millet,371.35955848188416,36.74596552753424,44.368468312314754,35.670977687529266,28.73888337554629,33.84760221288794,7.664744567799321,2.1355354276788834,bundled_calibration_sample
Millet,577.4509682290857,26.399967382296147,41.18303770950038,42.21359365684403,26.69413345376694,20.647008370443043,5.4891711873163525,2.1160091026587318,bundled_calibration_sample
Millet,515.4476368945723,23.811580818528938,36.139516110357725,36.67793659146314,24.854699772531294,32.45851953450757,7.472394391481767,2.0704684347321707,bundled_calibration_sample
Millet,540.6102728473809,29.220063919923575,47.90556799224358,25.706289225518994,32.17959864972286,31.887489767008976,6.11307008515525,2.024091317381872,bundled_calibration_sample
Millet,670.0842201593595,33.67017520223143,26.076853684024375,54.75777895947493,20.707780414283516,27.21812617110988,8.636715780903533,2.0300390997069964,bundled_calibration_sample
Millet,629.8886875973135,22.80719769098958,41.45774824988693,29.091285480320238,26.890190742894514,19.888513085544325,5.40152818312565,2.2089396155152583,bundled_calibration_sample
Millet,508.72740868100254,33.683017857967364,35.4794451737075,35.05766514633337,25.93124203748587,38.68003418723593,6.101887257838096,2.1496441600240037,bundled_calibration_sample
Millet,251.01779157546787,25.733051004806832,34.831484184356796,46.25756075433039,18.074375688730143,20.098360501349134,5.884983986301085,2.151553088599456,bundled_calibration_sample
Millet,551.9181884329187,31.733847815912004,50.738437284539465,50.011894783654256,23.25438290719778,26.034524344895356,6.632116209875211,2.0004080743993895,bundled_calibration_sample
Millet,411.39939859685063,36.41054228951887,20.0,27.406941823767447,37.23159736179922,29.02630270247372,5.529855769582765,1.992862750703812,bundled_calibration_sample
Millet,126.99210788250855,29.146017612099822,30.651344628536204,17.57870183025444,23.755339544573204,30.75471118195592,4.912703009448841,2.032369258379564,bundled_calibration_sample
Millet,510.11778178532086,31.960581320731208,22.68762251204515,54.68615664364783,25.989492281705363,39.66236192499221,6.87447387367914,1.9272389935349825,bundled_calibration_sample
Millet,222.63615513686125,31.428866350920842,49.46946971249581,52.091440302189454,13.884967559330134,42.574296106250216,5.547909491814266,1.9347926549790895,bundled_calibration_sample
Millet,504.53810371538003,29.04864537038462,49.37637016435565,33.99104264838514,30.50887280753473,5.0,4.890239452848846,1.9671525510675225,bundled_calibration_sample
Millet,469.7699972317784,28.922111244474507,55.347004325582226,47.479684301222946,24.01087342112348,37.084487645530835,6.529635162705366,2.2294991837610527,bundled_calibration_sample
Millet,510.65119587262564,18.51152840199959,35.76714704253304,37.73202158196228,16.806484083937598,26.214934462094554,7.865709242699098,2.1262054539530215,bundled_calibration_sample
Millet,327.40266747327763,25.639855277061063,46.85954733954152,33.12367179684478,30.476468869535157,14.111165084587661,6.954008949258356,2.013461576051329,bundled_calibration_sample
Millet,562.024934350337,27.344499936674527,50.53877627088674,28.496998535387682,37.89302554574296,22.449331457387945,6.736210182390222,2.017062571172169,bundled_calibration_sample
Millet,430.54209493805047,23.529950798842748,36.986827626131046,47.361570030837306,22.793967904139873,35.22624347694145,7.349560037498453,2.0476659597726052,bundled_calibration_sample
Millet,191.82769272808338,29.357310588871773,56.891946773529625,20.003863856706296,19.813403106863994,38.54504214318123,5.859149605805873,1.9203526900136783,bundled_calibration_sample
Millet,467.40528285882726,29.45281740130328,35.00311029035129,66.01294434115553,34.804114795397524,26.19439618626145,6.448550382709246,1.8805136194673917,bundled_calibration_sample
Millet,588.1893878331865,29.594648926036786,36.9678034183395,35.87957295726629,26.063742089318048,29.68058080860205,6.429045790990379,2.2305125348095607,bundled_calibration_sample
Millet,548.9073881667866,30.40078250855509,47.644705327480104,52.94027972904113,17.870303800657133,48.21763983809634,7.171606764937163,1.9189198571819852,bundled_calibration_sample
Millet,421.87765724980534,24.9294888445963,43.17945618663979,64.16828238663787,19.193152084868615,24.875191345120378,5.956444200792604,1.941796500521401,bundled_calibration_sample
Millet,566.1526119442304,28.160073410433203,48.805014545986815,50.01048975410219,28.149536294382184,36.63371618742271,7.110405913554025,2.1238283262530944,bundled_calibration_sample
Millet,584.1747875861786,31.740943329226326,45.19705865999738,35.95413895621495,26.658366011127043,20.464627561838178,7.156713370545901,2.04958787513822,bundled_calibration_sample
Millet,353.5140609732846,30.11808597039996,50.043920235418625,47.9921451724512,12.990939762365,19.075963285048154,5.924344396618771,2.0763563775724965,bundled_calibration_sample
Millet,457.217329798873,27.375618516295155,65.28250882868562,44.939380099500156,26.358003032793075,37.0684996861209,7.752632449783789,2.241378253207766,bundled_calibration_sample
Millet,363.0245317407953,30.80400067553141,63.29455111882368,31.23064035388139,17.264021685988737,29.731418898957447,6.700577568890705,2.04591262433575,bundled_calibration_sample
Millet,332.600363477672,27.858522374562043,28.874769117567606,22.877797115105423,30.04511147912867,24.001201456821335,7.233977437653712,2.187476944166466,bundled_calibration_sample
Millet,258.66436423911597,32.50935047961373,50.99551548551275,38.675927293718374,34.52782870676968,47.608896151705636,6.250438147208837,1.9059519769075053,bundled_calibration_sample
Millet,485.79915544893817,32.80318373903108,42.4290369812323,14.077451432216371,34.8312164392144,32.18513961727001,5.170408397750538,2.0823570402844016,bundled_calibration_sample
Millet,290.68191416087876,22.853028720218887,66.20360637290973,48.37396273503622,21.652715380963713,42.68828508323601,5.933094493147926,1.9188856617995387,bundled_calibration_sample
Millet,474.4650604254029,39.17068631319344,52.01413461430306,46.231229346090295,20.344227226522744,20.104716748310537,6.98293691023753,1.930297767855134,bundled_calibration_sample
Millet,692.9568991083174,30.360925746484185,41.760630160497016,28.227738584612382,20.952057712618192,35.07832702720005,5.7202463006481965,1.9814585226919303,bundled_calibration_sample
Millet,264.99477827365143,23.805945613785298,47.74790220441794,24.920736464082054,11.536156329537816,33.96835157455217,7.094815132178443,2.167848384880366,bundled_calibration_sample
Millet,722.8012774843669,26.21943177050189,58.78650153629425,59.473305229715365,26.692158746098492,30.36744939977665,5.94793155827232,2.079922897809099,bundled_calibration_sample
Millet,567.8591912462415,28.74744503009677,45.488060356140466,21.081480010676483,29.68007454156188,14.757406216151669,6.363708384981249,2.075546507533946,bundled_calibration_sample
Millet,1053.6245923942206,26.27809500596326,62.927529937670045,41.05419365810114,40.803342594072035,21.443936645282456,6.013643396049361,1.8536004369843915,bundled_calibration_sample
Millet,365.70972794485937,40.17077830237224,44.25178962852283,53.00996983662034,34.31821968334295,36.44618034479821,5.858460167007211,1.9084454625067775,bundled_calibration_sample
Millet,281.6200080839466,30.05079913610989,52.37826189406578,44.40830864280354,20.180593582284068,30.805079856068225,5.810392085588586,2.072904264969085,bundled_calibration_sample
Millet,595.5581823828767,29.12810136590746,52.562299559482994,31.30914882370145,24.752487472547404,25.460349351047828,4.480459610094917,2.0260365993272145,bundled_calibration_sample
Millet,494.6300696227177,29.874604908962574,52.24942893020461,38.59772954430259,33.42035236711552,22.061217809957693,7.571439204225667,2.2206198654371847,bundled_calibration_sample
Millet,391.1857819768617,18.390494216963262,40.70062049680973,52.0261969851349,22.646164949737894,27.915869680878536,7.586083026100908,1.9567972649403274,bundled_calibration_sample
Millet,238.41290420546662,27.025141097844326,31.984166635465975,61.71582649049199,21.316867129131197,23.334590091396187,5.898475859859623,1.9944803672901992,bundled_calibration_sample
Millet,473.6552593543041,32.16333423701984,45.99613877681924,44.87886984773506,25.58510566058406,24.399518519558708,7.609773892973278,2.0585234201743123,bundled_calibration_sample
Millet,580.6967822795034,34.306378389398674,30.94916567165297,37.5351644783461,20.920814975356723,35.51879498003181,5.530772116328355,2.276265915569917,bundled_calibration_sample
Millet,522.0984862802057,23.722558367209086,33.40659788495649,31.668990039444147,12.430939049313574,40.32018943895062,6.682588156345837,1.9936970483407532,bundled_calibration_sample
Millet,658.6783344413979,34.909565514965976,38.65008085431066,25.72801131229091,21.05519863430151,32.46772163300166,5.4518667609277855,2.1577844331995317,bundled_calibration_sample
Millet,446.35793280170395,29.543356405961397,53.36314167526523,62.52490253131428,27.489739114747938,28.597239313237946,7.216769624167093,2.093276189088852,bundled_calibration_sample
Millet,538.5902511842105,26.608423326475876,26.410792694320552,40.30057362151123,26.39978434159453,27.706736728954766,5.83408692089816,2.1109450571745065,bundled_calibration_sample
Millet,371.37056533822164,30.020913925113465,39.97280560573471,34.29771294941689,22.818932348596416,28.370957220601515,7.828710143147626,2.2662833609266597,bundled_calibration_sample
Millet,407.67661192703997,26.336788902880784,52.29552411730027,50.57967973398808,17.36815983540723,17.786912662768607,6.840200550232066,2.1052050527703328,bundled_calibration_sample
Millet,417.67041744967264,26.085277552709197,54.232569759742375,24.238747173375252,32.193714619189784,8.402691695245068,7.2651419016573815,2.085719314193617,bundled_calibration_sample
Millet,469.8674988148817,26.644098901226712,35.32093300225389,29.692949662136957,17.616716500816718,29.54923547021904,7.262499457932403,2.1986486220687076,bundled_calibration_sample
Millet,591.9549411680221,30.848103821520994,52.88012622971581,51.694277054216236,29.075166307747164,18.196869539606396,5.4159508374353695,2.0045410999448494,bundled_calibration_sample
Millet,392.25053758831916,31.46594331416713,47.02136682192084,36.200639148005294,24.936537489130917,43.70800616705089,7.068534718056223,2.081904139700054,bundled_calibration_sample
Millet,584.7855410780213,26.07307227333963,43.29787564682716,47.49289766642879,21.88203778167045,21.50368102787794,6.1059758493143255,2.028270879005525,bundled_calibration_sample
Millet,382.89490574888384,34.62604979068457,61.34141511441284,33.579647580968235,17.357105199607258,39.38216084740251,7.411781564404152,1.9495712721622072,bundled_calibration_sample
Millet,762.9364191960505,35.83451283533729,38.17496038174027,17.44791352479554,18.634951901604946,39.54931089402798,5.8097112502688715,2.0435698173728105,bundled_calibration_sample
Millet,337.81391045232937,32.43009320632451,35.644803306891376,34.84882116607112,11.477489871684849,22.23067159353729,5.531472044344103,2.090929438646528,bundled_calibration_sample
Millet,754.9771893055819,28.088752468950187,54.22487728619615,41.88944186200958,32.29761636840764,26.897098828398647,6.951054043711519,2.1891763357388827,bundled_calibration_sample
Millet,476.8549253879601,22.00761770343636,58.392920995337775,39.4539309035699,19.075415675153316,40.109769391475155,7.028688547051132,1.9972514072736993,bundled_calibration_sample
Millet,474.6541871876715,31.545373857689317,50.10631288404943,36.64846042377174,35.42213300372368,29.7325394381338,6.337438986384367,2.1344475396966085,bundled_calibration_sample
Millet,451.2519044659933,29.06904749645164,49.670725688619875,29.720666551945293,16.58144164919439,29.847044655341247,5.64084642852248,2.1103479343698877,bundled_calibration_sample
Millet,461.9180109024625,27.798975247195127,30.040355528566465,41.8890004133167,32.84354503988422,25.204452674725644,6.311492065657275,2.0439328745451846,bundled_calibration_sample
Millet,521.9176604511642,25.20851175327033,49.894955763597935,43.383058118873656,19.696885373325223,38.4441090303712,5.318022431429133,2.074202672832479,bundled_calibration_sample
Millet,462.9850550075223,26.00889391678957,38.16735590035995,61.05842939541304,30.684129545862195,43.344229540850236,6.0463748026317115,2.059063198443392,bundled_calibration_sample
Millet,251.4318948929971,29.91101118648308,61.491103632130276,40.481775316930815,25.10350322960475,21.754462147933452,6.340929331477072,2.179076900028775,bundled_calibration_sample
Millet,438.2625301693086,25.06857361237364,41.60234916086163,39.8680921296919,17.90920550691656,27.1891097714392,5.726406471048152,2.115870767998184,bundled_calibration_sample
Millet,362.2051310854424,26.734695389585614,47.62789515382516,38.00592201776376,30.947608350011343,30.5782530326686,5.101756602899446,2.2811758032012315,bundled_calibration_sample
Millet,804.0270226126252,28.6662869590149,54.488954426593985,37.84650699827799,17.97454563886004,25.019428150327954,5.51763053062014,1.987704680683274,bundled_calibration_sample
Millet,322.38156105907177,31.92757402410133,48.76968545034339,23.557150871057324,33.88169017318616,19.291118682996377,8.419118552829662,1.8140698406507785,bundled_calibration_sample
Millet,657.9007186082188,26.410234326351564,55.33788289485407,21.393604866783118,16.22332549424879,32.431390787987844,6.958345099199904,2.0273526274334785,bundled_calibration_sample
Millet,639.7943917531293,29.311533741577136,59.6643181426828,35.89617014268059,26.417266686443384,33.347561078688784,7.162062122950488,2.108178256347867,bundled_calibration_sample
Millet,189.68755571673648,32.655299737746425,37.79493521051589,48.55866254575693,25.342308699709104,24.6740556214498,6.166416666343121,2.196968739422643,bundled_calibration_sample
Millet,259.9792913584494,25.71574881990328,32.9712310647723,39.75633338028433,26.18888753151063,38.97652398897927,6.709735762662276,2.1223614865034808,bundled_calibration_sample
Millet,379.514362948314,22.791260839840024,50.3266670558918,34.84091077391462,12.277929297326079,40.30395531293509,6.852144016261592,2.173306893707423,bundled_calibration_sample
Millet,661.1978543952686,26.302597148491426,54.797227407650766,50.45769378603998,38.854575123851035,35.107379100414356,7.468139798671141,2.1239549117551424,bundled_calibration_sample
Millet,475.4900453687612,32.49311793983722,32.01243895464924,35.4112261932317,25.81213781991937,24.992040611502965,6.491093938887939,2.125283602382305,bundled_calibration_sample
Millet,194.41818314989058,26.766954868875935,64.56455273191091,55.43553877671511,31.73955439111593,33.94620344669267,6.225552984130866,2.112425635163107,bundled_calibration_sample
Millet,310.406597804393,25.614077848318864,23.1621519778526,63.487679730861075,15.5960759650593,34.356509699702364,6.413168024167163,1.9967566445655418,bundled_calibration_sample
Millet,513.8277199979576,24.486511339853664,48.77392746479468,35.66749395911929,23.76299808067287,20.279334649732363,5.9362586865170925,2.099235496931197,bundled_calibration_sample
Millet,339.8063510690456,30.4750009928894,20.0,59.28455696866635,21.80885100097846,33.213299687777365,6.359822738075181,2.126494805240646,bundled_calibration_sample
Millet,315.8817443228602,25.09767346961229,32.63940678280832,24.07632298615456,31.628623800319332,11.492672491786362,6.220707760274031,2.110902331658697,bundled_calibration_sample
Millet,272.1471430314636,26.44778604023049,43.49466180944175,49.260405619206885,39.5412320725113,36.206363661485135,7.953626244638738,1.940421232902979,bundled_calibration_sample
Millet,216.8572141742004,20.991123543240885,47.29556400210391,46.9258894758961,23.96214760527235,23.037289454253447,5.790922999810787,2.132964870888233,bundled_calibration_sample
Millet,562.5216217012781,25.33463655322756,35.53850772943174,67.41318287112577,20.210410057262607,26.61545570533104,7.7288790042081565,1.9033799098401616,bundled_calibration_sample
Millet,257.1361465681467,25.9166189129176,51.96089654813521,48.12721328841967,32.398011110716475,51.43553717710196,5.76319571539841,2.015261568937671,bundled_calibration_sample
Millet,311.4087585250534,22.936569846109247,47.26759503973294,40.91813136434331,11.563152823004735,28.746607065274514,4.382875393300751,1.9001917149264482,bundled_calibration_sample
Millet,495.0289582424261,28.834665114847283,40.72718664550751,37.57474023780205,17.382079297214,38.28024157290376,6.363404020044916,2.060635660398103,bundled_calibration_sample
Millet,480.73867255790947,29.590807821096373,32.61847841056746,53.742523029961944,24.743360056133913,35.26953140469541,6.298490372597995,2.2543253504536955,bundled_calibration_sample
Millet,475.4228997774231,36.29847257361859,31.683567450973236,24.271478226505877,6.728093431728812,23.00760306492552,6.248461507182649,1.8552757194643081,bundled_calibration_sample
Millet,486.7791929897238,23.04421452777399,27.11301267420267,31.872902464605193,27.444596595846132,30.927779112466947,7.228266914828044,2.1986732261129025,bundled_calibration_sample
Millet,502.5051222002297,29.68768559684691,62.357940019503246,39.22144157832996,19.078185030074884,37.07630150347581,4.026528917965532,1.8402625610316263,bundled_calibration_sample
Millet,332.2169506388021,24.26887012752313,41.892023421962755,33.868892030595376,19.015770375505866,36.27227178021271,5.76719206271674,2.2224840056156023,bundled_calibration_sample
Millet,167.87815127074055,24.41228979944625,38.73145341141456,42.10690817088022,27.243648054918317,24.155019697210538,7.137983351650874,2.0594916969760044,bundled_calibration_sample
Millet,260.34958335199497,32.68514676627176,69.65015819365695,50.16116184336588,24.78312665287341,19.169858763185097,6.571937263586872,2.060307259549173,bundled_calibration_sample
Millet,572.2163938609896,28.427467999438633,37.425637812150356,21.794704679009723,15.602170940963523,28.756099679157867,5.753144176671718,2.075272112129159,bundled_calibration_sample
Millet,569.5827500744446,29.379939777141256,46.06538900853744,62.5190371030305,22.09568419525133,12.457568197548348,6.863895037727434,1.8836650489932976,bundled_calibration_sample
Millet,640.6437934164015,27.825939789300286,56.813860056338726,39.786841614493184,31.98039841588786,31.743761496110437,6.234924417952211,2.0351952474373407,bundled_calibration_sample
Millet,549.2421170715728,28.660764801581244,43.58258993876944,30.99073467476557,37.9042333250042,30.180732307044444,6.912583803320378,1.9516640835496237,bundled_calibration_sample
Millet,447.52899615832524,33.869899484770926,37.36494999460589,33.85149956966322,15.780208910014634,33.53768371219836,8.369934086378597,2.1491417044286796,bundled_calibration_sample
Millet,466.1577690091082,32.98168855699676,45.38502435785998,34.56787183471034,33.7300426045549,30.366137328144706,5.890802474071084,2.162271308278216,bundled_calibration_sample
Millet,648.2500443263417,31.02839080411226,31.88576642538544,43.52769615452013,28.01733014034592,32.79528318908388,7.620277548372895,2.1770063297016047,bundled_calibration_sample
Millet,632.237604593552,27.15845311330004,51.533494455615575,65.03527490960766,37.81415989852898,27.069446994030166,6.743687468149169,2.0374938704803283,bundled_calibration_sample
Millet,546.7029242747783,24.556950023001754,33.69439970627619,28.323684182483404,28.100800091266777,31.68751334649372,6.301855531606151,2.266611852452877,bundled_calibration_sample
Millet,412.1697272875383,26.21350634936364,39.78730818636185,39.78761676158188,14.494722803178702,36.34220158340791,7.065265370104979,1.9833805525783073,bundled_calibration_sample
Millet,668.9373216781092,30.740444460315043,56.95386924039705,25.513673023335116,14.073382273892003,21.721922576194654,5.505920274916561,1.9479337930031442,bundled_calibration_sample
Millet,492.42340746014463,25.39601711622243,34.27546860675194,27.448634078692542,29.39398642618436,31.567986499307306,6.259926263190645,2.171256456287345,bundled_calibration_sample
Millet,437.8419430954307,32.40790170923307,27.92580525320932,35.543672951752185,37.12545876764722,18.898661648660614,4.541268719576047,2.043915951178819,bundled_calibration_sample
Millet,537.6544127174956,20.79919537437239,52.010793485591215,13.649555789348156,11.042209464730005,18.723725979267257,6.560787301664631,1.8461295705198186,bundled_calibration_sample
Millet,409.57895466407376,25.557008629717576,32.044150832082686,40.785412497480834,26.947617562414354,36.69593848247407,6.881971661607447,2.2339070671195036,bundled_calibration_sample
Millet,369.86225150815375,27.32623373265878,33.947135672523075,38.41476496814639,25.337715501852067,22.943266505354565,5.606935050389129,2.1853211803953885,bundled_calibration_sample
Millet,586.0586132556401,31.875065414018188,36.976294039437086,48.9725340348357,31.22714679404257,34.09860206916842,6.082004251031868,2.0357007194542325,bundled_calibration_sample
Millet,511.6037758585037,26.749707680791406,49.67275468199984,52.87948997385081,27.982929671117194,12.487684798029083,5.574397656652044,2.0330795154482515,bundled_calibration_sample
Millet,578.360034748579,18.220857576135145,28.349897082530816,17.04728016999558,14.804295136037243,25.27263426056264,6.8093193453444645,2.0146205156655914,bundled_calibration_sample
Millet,517.0829744245086,27.470705292425073,60.03906419545616,51.21475391590247,24.601984372342812,27.682670525440205,8.34942172507405,2.081104482691421,bundled_calibration_sample
Millet,491.99040329513696,28.540233213911335,38.46277542262229,38.133143216112614,18.22386730993757,34.628184759728896,6.441950429807922,2.14223877929427,bundled_calibration_sample
Millet,246.64181460194075,29.124822742729283,40.01711019500987,24.539878818682126,18.245349795487087,33.855703342772074,5.981761463593687,2.1545054499910026,bundled_calibration_sample
Millet,609.7232963100964,25.86827231353115,46.42812636465503,49.43815533564648,8.303826705924031,41.984023777622376,5.590145791577067,2.034217573541899,bundled_calibration_sample
Millet,709.0980368924565,32.35698934620739,40.46555606917987,41.16779124854608,17.537823180568115,25.045097476192844,7.34316540176587,2.07669400976913,bundled_calibration_sample
Millet,30.0,31.39225360136137,27.37253726459823,32.73268514880732,19.335912394802673,43.73437883505606,4.148252130506389,1.855655825206427,bundled_calibration_sample
Millet,686.4751853542498,26.76169563106225,49.75349465750383,9.107554777362985,22.48370775453457,30.334341590005728,6.6232106459614695,1.9511693620049935,bundled_calibration_sample
Millet,395.48165236594485,28.078783851687398,33.44421046048243,49.305438190890904,27.076864836932273,27.158785725585744,6.501320493206971,2.1458161248768572,bundled_calibration_sample
Millet,434.0138594114864,32.72929355864137,59.746521897423214,52.28967209994471,28.057039060492695,49.337455763508416,6.44798115290329,1.8860377423052257,bundled_calibration_sample
Millet,87.54637802882536,26.328587414815217,40.67825389096137,5.0,28.611295429932383,24.726716039980413,6.256571982894025,1.910908958748773,bundled_calibration_sample
Millet,443.5997333503965,26.014283179061742,32.8865049279067,31.286749537285267,27.632900241779378,18.795660501165315,6.595134893578454,2.2182976164968147,bundled_calibration_sample
Millet,273.89906911780724,23.958322190712494,55.88370563300453,22.391754707470287,19.719594027421078,26.61518573343,7.386027429813253,2.1232860078795355,bundled_calibration_sample
